hour,hod,solar_gen_mwh,solar_forecast_mwh,spot_price_eur,rev_merchant,rev_pay_as_produced,rev_pay_as_forecasted,rev_baseload_collar
0,0,0.0,0.0,73.84227774753323,0.0,0.0,0.0,0.0
1,1,0.0,0.0,73.41183414806332,0.0,0.0,0.0,0.0
2,2,0.0,0.0,60.59140186572995,0.0,0.0,0.0,0.0
3,3,0.0,0.0,65.33930510584699,0.0,0.0,0.0,0.0
4,4,0.0,0.0,82.3843033517552,0.0,0.0,0.0,0.0
5,5,0.0,0.0,42.0335156437322,0.0,0.0,0.0,57.46707543133044
6,6,0.0,0.0,45.215949118610915,0.0,0.0,0.0,34.51025578827705
7,7,0.7388063498336739,0.8334289007763714,85.46064665586303,63.13886841024353,45.80599368968778,41.56446135839718,59.81594515629354
8,8,1.5595433920168515,1.4232191168781314,87.17930926662049,135.95991568735147,96.6916903050448,97.15307735359391,120.23923835814247
9,9,2.670673728184543,2.6938145204484263,77.96825940367141,208.2277820216627,165.58177114744169,164.76119115025628,208.22778202166268
10,10,3.446227213839905,3.736073133123784,83.03570922278197,286.15992084404843,213.6660872580741,201.55208241234195,286.15992084404843
11,11,2.275444028951468,1.956642877269017,72.44782805141274,164.8509777500898,141.07752979499102,138.63419665544097,164.85097775008978
12,12,3.321130610199532,3.6834069819675253,126.89494094489879,421.4346726515653,205.91009783237098,170.90743438044694,119.22109589641599
13,13,3.2042696840437257,3.531638164522815,138.41253400703303,443.5110866104072,198.664720410711,162.32169002898618,58.21413710397803
14,14,1.9397083389594258,2.0793944386405276,121.68349532541133,236.03049059643067,120.2619170154844,107.67558912374983,-28.5897733336285
15,15,2.4804032214613594,2.724918054831834,111.29976007627087,276.06828344105867,153.78499973060428,134.92686653804475,86.35218929724101
16,16,1.212811108578922,1.2008016586208314,108.09058566121028,131.09346302271737,75.19428873189317,75.4232841940708,-35.472912884663174
17,17,0.7737487651150255,0.6961583777220358,99.09843132140018,76.67728885976956,47.97242343713158,48.92863367596499,-25.02323297366604
18,18,3.702194562695492e-16,4.2221336412618336e-16,52.24783571361509,1.9343165329155312e-14,2.295360628871205e-14,2.278151713107054e-14,0.0
19,19,0.0,0.0,71.95457671477848,0.0,0.0,0.0,0.0
20,20,0.0,0.0,91.39571870642823,0.0,0.0,0.0,-46.13619168795708
21,21,0.0,0.0,51.590081861727946,0.0,0.0,0.0,0.0
22,22,0.0,0.0,65.60853265036985,0.0,0.0,0.0,0.0
23,23,0.0,0.0,80.46144828735281,0.0,0.0,0.0,0.0
24,0,0.0,0.0,76.8091404499518,0.0,0.0,0.0,0.0
25,1,0.0,0.0,69.59529980052393,0.0,0.0,0.0,0.0
26,2,0.0,0.0,55.67376752970972,0.0,0.0,0.0,0.0
27,3,0.0,0.0,66.80758391056573,0.0,0.0,0.0,0.0
28,4,0.0,0.0,48.52145736805602,0.0,0.0,0.0,10.665623273522499
29,5,0.0,0.0,91.38402554153112,0.0,0.0,0.0,-46.051841809249936
30,6,0.0,0.0,30.68458008725067,0.0,0.0,0.0,139.33381947087767
31,7,0.805521481457782,0.9882402881776531,69.67829333513995,56.12736207277184,49.94233185038249,45.356479601422095,56.1273620727718
32,8,1.8183450342515513,1.9872904118337065,64.97130992896518,118.14025877815234,112.73739212359618,109.49125242374448,118.14025877815237
33,9,1.6686713370607773,1.4391370496176363,94.57714323871981,157.81816806354325,103.45762289776819,105.50801996257402,88.73243484633656
34,10,1.6237508753339487,1.6930574240961194,80.18748195565675,130.20449401632285,100.67255427070482,98.02266325861514,130.20449401632288
35,11,3.0652301713391776,2.937331068570832,139.8463556221715,428.66126860490834,190.044270623029,195.52919380851563,33.02129559810578
36,12,3.441182785842653,3.648409775670712,113.57745071379311,390.84076825619724,213.3533327222445,196.78101456187906,184.69431238415456
37,13,4.3420081352243205,3.9615461103530736,77.29888242482542,335.63237633234024,269.2045043839079,267.67282583761573,335.6323763323402
38,14,2.99765424832601,3.1961397138389085,45.519335415103626,136.45122918806197,185.8545633962126,186.86700415838158,168.7729759169242
39,15,1.8017227524589445,1.9606421629877535,75.79082896610909,136.55406097596318,111.70681065245456,106.50402177676092,136.55406097596318
40,16,0.9262944868349199,0.9595317383133249,107.6281234518524,99.69533738183902,57.430258183765034,55.0193890187786,-63.53501858490131
41,17,0.8706879925004514,0.9164483825606615,87.1797374583048,75.90635059428782,53.98265553502799,51.833076229462584,60.1825844591865
42,18,5.362281630711119e-16,5.845112525012969e-16,76.02562980576195,4.0767083817068104e-14,3.324614611040894e-14,3.165125730145823e-14,1.1368683772161603e-13
43,19,0.0,0.0,67.00269208107377,0.0,0.0,0.0,0.0
44,20,0.0,0.0,91.5965273165819,0.0,0.0,0.0,-47.5847457842043
45,21,0.0,0.0,61.90718469834339,0.0,0.0,0.0,0.0
46,22,0.0,0.0,53.79738619936434,0.0,0.0,0.0,0.0
47,23,0.0,0.0,77.21229849857698,0.0,0.0,0.0,0.0
48,0,0.0,0.0,84.58961244457414,0.0,0.0,0.0,0.0
49,1,0.0,0.0,28.574451913594622,0.0,0.0,0.0,154.5554516868327
50,2,0.0,0.0,73.56282151918282,0.0,0.0,0.0,0.0
51,3,0.0,0.0,48.6423842595114,0.0,0.0,0.0,9.793304383261273
52,4,0.0,0.0,71.71316714579316,0.0,0.0,0.0,0.0
53,5,0.0,0.0,70.43391912735478,0.0,0.0,0.0,0.0
54,6,0.0,0.0,62.90061595042997,0.0,0.0,0.0,0.0
55,7,0.712267015575281,0.807887728290457,69.59765242440152,49.572112183374195,44.16055496566742,41.77031774385288,49.57211218337426
56,8,1.553503387179254,1.3018228974103938,87.87195821013593,136.50938471752002,96.31721000511375,97.29976274890129,115.79221115429584
57,9,2.863298709868564,2.514522625175096,58.44809543113616,167.35435624224687,177.52452001185097,171.18937617255233,167.35435624224692
58,10,3.9765131506214932,4.026194733343126,62.96944193332041,250.3988139351451,246.54381533853257,245.71354654434217,250.3988139351451
59,11,4.522126934307241,4.692207465816251,132.3167130984419,598.352972161468,280.371869927049,262.7862417664724,257.02886993669756
60,12,3.1759806189464292,3.736773065134142,118.75432329626933,377.16142920504984,196.91079837467862,148.4342707174651,133.67105675812763
61,13,4.438894320909803,4.635365371497148,117.06507139131608,519.6394805758136,275.2114478964078,258.64278107865516,288.33470497476867
62,14,3.052739249654351,2.9544837148245455,95.68941239416588,292.1148249920317,189.26983347856975,190.22950111337573,215.005620868782
63,15,2.5805274574393273,2.4978481848258736,65.416358681584,168.80870974352703,159.9927023612383,158.9230201738148,168.80870974352706
64,16,1.6632916966413511,1.3606777170284994,85.50697479516498,142.2230411817192,103.12408519176377,103.76872290133247,138.56592500692784
65,17,1.1730282491851753,1.375882518557455,100.5363994300373,117.93203660279812,72.72775144948088,59.81191883593735,5.858580100648624
66,18,2.4018296096464263e-16,2.657411483094832e-16,110.51640094838285,2.6544156414938232e-14,1.4891343579807844e-14,1.2945202595042601e-14,-184.0652504241857
67,19,0.0,0.0,90.03706425167739,0.0,0.0,0.0,-36.335394429772464
68,20,0.0,0.0,84.12574163311223,0.0,0.0,0.0,0.0
69,21,0.0,0.0,65.1012242364635,0.0,0.0,0.0,0.0
70,22,0.0,0.0,75.49467891385041,0.0,0.0,0.0,0.0
71,23,0.0,0.0,39.140640362862214,0.0,0.0,0.0,78.33513649121193
72,0,0.0,0.0,55.83410855030062,0.0,0.0,0.0,0.0
73,1,0.0,0.0,46.26401189945688,0.0,0.0,0.0,26.949944339694525
74,2,0.0,0.0,78.90805150949726,0.0,0.0,0.0,0.0
75,3,0.0,0.0,-6.261654879827745,-0.0,0.0,0.0,405.84938352722196
76,4,0.0,0.0,50.31554781483566,0.0,0.0,0.0,0.0
77,5,0.0,0.0,62.306864838215816,0.0,0.0,0.0,0.0
78,6,0.0,0.0,25.429178449709397,0.0,0.0,0.0,177.24421366990816
79,7,1.3818550714988154,1.5213327702885333,82.91594589803162,114.57782034731639,85.67501443292656,79.86647509935132,114.57782034731639
80,8,2.6617936937134923,2.4127632388248887,71.37423606285756,189.98349144573237,165.03120901023652,162.92208966268808,189.9834914457324
81,9,2.169421119806522,1.78565850059861,61.62969256513713,133.70075665799146,134.50410942800437,128.44920621694538,133.70075665799146
82,10,3.8600963783977496,3.7898854948973897,106.25899652750135,410.169967667987,239.32597546066046,240.56830420318133,256.8159532238212
83,11,5.095486050235871,5.363425322704956,75.48985172392659,384.6574863936423,315.920135114624,307.24900007057227,384.6574863936423
84,12,3.5199365044234185,3.882994154872569,111.39264876948913,392.0950507281412,218.23606327425196,190.19319592765157,201.7088941952985
85,13,4.547542772145581,4.59824402826687,100.88720069834997,458.78886033778207,281.947651873026,278.6972450000873,344.18486187433825
86,14,2.5967657245755795,2.3159105865095264,90.83815387840329,235.8854044751599,160.99947492368594,162.72072805047887,193.77126550167992
87,15,3.027258029869172,3.501079620655213,77.78648056187815,235.47974789620787,187.68999785188865,170.99579402877748,235.47974789620787
88,16,2.0878794910584766,1.9982353474071235,81.65628906380115,170.488491252253,129.44852844562556,129.3805976193955,170.48849125225297
89,17,1.0362711979725372,1.0844469571609507,109.98193279270296,113.97110925042938,64.2488142742973,60.61263245735702,-66.23869874212266
90,18,5.520736797020059e-16,5.854749652422229e-16,110.56078944819333,6.10377018614228e-14,3.422856814152436e-14,3.1683357222629174e-14,-184.38545155090787
91,19,0.0,0.0,95.36848326217523,0.0,0.0,0.0,-74.79414796906201
92,20,0.0,0.0,74.41641631869818,0.0,0.0,0.0,0.0
93,21,0.0,0.0,82.3871999134538,0.0,0.0,0.0,0.0
94,22,0.0,0.0,68.8275203638574,0.0,0.0,0.0,0.0
95,23,0.0,0.0,45.28355171339461,0.0,0.0,0.0,34.02259733819403
96,0,0.0,0.0,35.029769437600955,0.0,0.0,0.0,107.98933764012722
97,1,0.0,0.0,44.579991584156836,0.0,0.0,0.0,39.09780256163407
98,2,0.0,0.0,37.307361486749386,0.0,0.0,0.0,91.5596870895385
99,3,0.0,0.0,53.448591642319414,0.0,0.0,0.0,0.0
100,4,0.0,0.0,85.47339177295937,0.0,0.0,0.0,-3.4148615008355137
101,5,0.0,0.0,62.919791099873535,0.0,0.0,0.0,0.0
102,6,0.0,0.0,91.88387463942476,0.0,0.0,0.0,-49.65755601495687
103,7,1.27848987857448,1.356039932984537,68.15692721139557,87.1379415945068,79.26637247161776,77.46750907795877,87.1379415945068
104,8,2.337710655066756,2.6821966119649305,70.80514912759519,165.52195154916987,144.93806061413886,135.80696550365371,165.5219515491699
105,9,3.695224523969215,3.671826705258529,49.64764037824721,183.45917828290334,229.10392048609134,228.52449059276648,186.00096159115662
106,10,3.4580984422998586,3.614446375541958,98.89930995916214,342.0035497143095,214.40210342259124,204.76729689462042,241.73941083626374
107,11,4.379363913410125,4.218237199460534,77.65743808992188,340.0901819788848,271.52056263142777,270.9152222264328,340.09018197888486
108,12,3.986728572875744,3.9942623376196886,77.75786223577597,309.9994911411039,247.17717151829612,246.9120031310752,309.9994911411039
109,13,5.386148711708132,5.460200840952589,76.40059038278231,411.50494146396363,333.9412201259042,331.4604191473373,411.50494146396363
110,14,4.847005933393752,5.203565491450069,104.91177555005635,508.50799857399664,300.5143678704126,275.8619400636147,364.8723047931471
111,15,2.4164387954270166,2.272209625323554,86.71338211150696,209.53758061693247,149.81920531647503,150.25694612416567,197.17791798015156
112,16,1.5016302663592338,1.4801402876942074,129.1127023003878,193.8795415456918,93.10107651427249,93.8496697504053,-124.33209073872047
113,17,0.8642549836414056,0.8986395840196839,114.82770655781901,99.240417652708,53.58380898576715,50.78027320628939,-115.92489066214023
114,18,2.2577403893959856e-16,2.222788826890072e-16,76.81711700504265,1.7343310765924196e-14,1.399799041425511e-14,1.3982656596707884e-14,0.0
115,19,0.0,0.0,33.9877520510527,0.0,0.0,0.0,115.50603999910606
116,20,0.0,0.0,77.36760632138846,0.0,0.0,0.0,0.0
117,21,0.0,0.0,62.328560721067774,0.0,0.0,0.0,0.0
118,22,0.0,0.0,80.29850100502334,0.0,0.0,0.0,0.0
119,23,0.0,0.0,57.59154976986584,0.0,0.0,0.0,0.0
120,0,0.0,0.0,76.36835652071571,0.0,0.0,0.0,0.0
121,1,0.0,0.0,60.717360039531464,0.0,0.0,0.0,0.0
122,2,0.0,0.0,24.466372030064804,0.0,0.0,0.0,184.18951936174113
123,3,0.0,0.0,35.913012546767355,0.0,0.0,0.0,101.61797028299009
124,4,0.0,0.0,44.260334085252765,0.0,0.0,0.0,41.40368565638437
125,5,0.0,0.0,53.95325829158072,0.0,0.0,0.0,0.0
126,6,0.0,0.0,57.10705372181549,0.0,0.0,0.0,0.0
127,7,1.5888882717167727,1.7678372565563132,82.38999276276135,130.9084932075813,98.5110728464399,91.17640294919988,130.90849320758127
128,8,1.7363205917867621,1.8557209010400186,84.48585585247116,146.69453123137382,107.65187669077925,102.44514921909227,146.6945312313738
129,9,2.215465017570208,2.4456405212742975,72.26488273574026,160.1003196998458,137.3588310893529,130.83770508923647,160.10031969984584
130,10,4.926959980308276,4.672897768688275,98.54244545027619,485.5146850952222,305.4715187791131,308.49659538082847,387.82482600406615
131,11,3.631268179899935,3.913911580320147,67.7669423841159,246.07994152855227,225.13862715379597,218.72016919044023,246.07994152855224
132,12,5.22486760216245,5.9537578889614275,108.24537592518718,565.5677577554058,323.9417913340719,270.5092352371425,397.88478594722517
133,13,5.417940531781572,5.281323196816724,114.02397438863696,617.7751124350201,335.9123129704575,339.1252768299437,408.4076109226961
134,14,4.781980165664139,5.570977996737022,103.38161150517976,494.3688157121652,296.4827702711766,243.44080173468762,361.77112171349665
135,15,2.860609148073592,2.745262993703818,108.57063270888392,310.5781451391713,177.3577671805627,179.5987093299839,140.54889920461943
136,16,2.4466411331149858,2.5857896990988385,108.90266996627427,266.44575184553264,151.69175025312913,141.37689839710316,94.02132012222671
137,17,1.2968905389686936,1.139312087253217,113.24181276237825,146.8622355871926,80.407213416059,84.02070155311155,-56.863060509848424
138,18,2.6577635802615244e-16,2.9135797954442413e-16,102.3363957883666,2.7198594566154962e-14,1.6478134197621453e-14,1.4791781051001736e-14,-125.0579201468745
139,19,0.0,0.0,105.62049120833503,0.0,0.0,0.0,-148.7480889569755
140,20,0.0,0.0,43.54121315664922,0.0,0.0,0.0,46.59114034783738
141,21,0.0,0.0,71.17830995961907,0.0,0.0,0.0,0.0
142,22,0.0,0.0,61.58107253546911,0.0,0.0,0.0,0.0
143,23,0.0,0.0,60.36733304225414,0.0,0.0,0.0,0.0
144,0,0.0,0.0,71.36803418967304,0.0,0.0,0.0,0.0
145,1,0.0,0.0,53.43173756752275,0.0,0.0,0.0,0.0
146,2,0.0,0.0,51.771238876973335,0.0,0.0,0.0,0.0
147,3,0.0,0.0,60.192550189125136,0.0,0.0,0.0,0.0
148,4,0.0,0.0,23.217306536217464,0.0,0.0,0.0,193.19978508794227
149,5,0.0,0.0,88.44287921021944,0.0,0.0,0.0,-24.835572434027995
150,6,0.0,0.0,60.40494738621346,0.0,0.0,0.0,0.0
151,7,1.391365978381638,1.3667047861862363,97.64224270397509,135.85609455119365,86.26469065966155,86.54167732883124,44.659942949022366
152,8,2.9937800999278896,3.172624934844542,56.749905578829704,169.8967379946871,185.61436619552916,184.01596159188483,169.8967379946871
153,9,4.604724727447348,4.70202237132151,61.196999185165595,281.79533539350723,285.49293310173556,284.0824822308266,281.7953353935072
154,10,3.829744471205299,3.5599816050760866,81.3540720248196,311.5653075470905,237.44415721472853,237.17859024524066,311.5653075470906
155,11,4.421019703573042,4.180280764647815,91.4720232057228,404.39961691819104,274.1032216215286,275.6930657640816,357.71299467384165
156,12,4.0407536417969245,3.948014119678844,84.78606096222634,342.59958460673215,250.52672579140932,250.6741395020218,342.59958460673215
157,13,3.913857188028637,4.511299552843494,81.41747146095618,318.6563559085797,242.65914565777547,218.89776391769686,318.65635590857977
158,14,4.584687363420214,4.156927253073071,105.39516768210355,483.2038934376946,284.25061653205324,291.54237610884456,336.0811995106121
159,15,3.1992969727696656,3.1302393847731067,126.88194525599441,405.93302335662935,198.35641231171928,200.6464626807004,103.81319237454028
160,16,2.2701018344517436,2.1067985433945613,129.02690182545226,292.9042065275842,140.74631373600812,146.42439796771905,-24.68849497824874
161,17,1.1893868804346057,1.3756611178409326,86.46168833643839,102.83639776758558,73.74198658694556,65.15900798147086,92.29235473295478
162,18,5.314207930965578e-16,5.558880812283604e-16,65.9127502718588,3.502740602464656e-14,3.294808917198659e-14,3.2449178220581955e-14,5.684341886080802e-14
163,19,0.0,0.0,76.2131781765588,0.0,0.0,0.0,0.0
164,20,0.0,0.0,109.22984853309387,0.0,0.0,0.0,-174.78456883499723
165,21,0.0,0.0,89.1045974789395,0.0,0.0,0.0,-29.608946981974782
166,22,0.0,0.0,70.21378349323166,0.0,0.0,0.0,0.0
167,23,0.0,0.0,47.98163723905068,0.0,0.0,0.0,14.559672729414956
168,0,0.0,0.0,71.58888748066562,0.0,0.0,0.0,0.0
169,1,0.0,0.0,96.10451051220404,0.0,0.0,0.0,-80.10355819386746
170,2,0.0,0.0,47.14544213664938,0.0,0.0,0.0,20.591654325813522
171,3,0.0,0.0,11.446778354392087,0.0,0.0,0.0,278.1077320117788
172,4,0.0,0.0,32.82620218812791,0.0,0.0,0.0,123.88500248805303
173,5,0.0,0.0,58.572573210763835,0.0,0.0,0.0,0.0
174,6,0.0,0.0,59.38633333946922,0.0,0.0,0.0,0.0
175,7,1.8383774144735672,1.9143362169950027,95.126560934938,174.87852113933354,113.97939969736116,109.65672088293985,101.82950540252489
176,8,2.94868340166883,2.953472143960453,62.03305762136549,182.91584736288652,182.81837090346747,182.74394751741045,182.9158473628866
177,9,3.05355491535488,3.123990736948156,76.79376559610027,234.49398040458246,189.32040475200256,186.9261357245322,234.4939804045825
178,10,5.582271692329529,5.2491031591289445,71.9482822951125,401.6348595677404,346.1008449244308,343.42257362491773,401.63485956774036
179,11,3.883248109438238,3.8950833606091626,106.63368497709456,414.0850555897351,240.76138278517075,239.91762280153662,258.0281864818204
180,12,6.133404833653792,4.53716477535331,76.49946739996062,469.20220312285915,380.2710996865351,372.8878517987569,469.20220312285915
181,13,5.046416452442954,4.720107991843127,92.16895131809969,465.122912336072,312.8778200514632,315.203326959056,413.408925621639
182,14,5.272572231633333,4.988628796993397,67.1143398436935,353.86520460426095,326.8994783612667,323.5874925401983,353.86520460426095
183,15,4.38109666236927,4.354778877748538,86.67612407358055,379.7364778858685,271.62799306689476,271.7071330942556,367.6455800366888
184,16,2.9007007849728876,2.8902787096843516,128.79475051162558,373.5950339094595,179.84344866831904,180.20401144038007,57.676980399723334
185,17,1.204745164007304,1.34264474692672,127.83993418264254,154.01454247355062,74.69420016845284,61.20763230416662,-155.01584270635772
186,18,5.085377167101867e-16,4.4067796959816916e-16,100.97836945958466,5.135130944209483e-14,3.152933843603158e-14,3.246130907656996e-14,-115.26165394163877
187,19,0.0,0.0,90.29416969705474,0.0,0.0,0.0,-38.19005168666922
188,20,0.0,0.0,62.41498686115744,0.0,0.0,0.0,0.0
189,21,0.0,0.0,72.51016193833365,0.0,0.0,0.0,0.0
190,22,0.0,0.0,65.81403299039324,0.0,0.0,0.0,0.0
191,23,0.0,0.0,57.67015562518248,0.0,0.0,0.0,0.0
192,0,0.0,0.0,69.4809162578398,0.0,0.0,0.0,0.0
193,1,0.0,0.0,31.983050889893498,0.0,0.0,0.0,129.9671633370277
194,2,0.0,0.0,101.2408909766474,0.0,0.0,0.0,-117.15538060307676
195,3,0.0,0.0,83.34754123361847,0.0,0.0,0.0,0.0
196,4,0.0,0.0,37.109801663064424,0.0,0.0,0.0,92.98480572182098
197,5,0.0,0.0,59.47362715773222,0.0,0.0,0.0,0.0
198,6,0.0,0.0,50.52358210072521,0.0,0.0,0.0,0.0
199,7,1.496651525448712,1.4559745153356463,80.78299051116139,120.90398597883852,92.79239457782015,92.73492784229973,120.90398597883853
200,8,2.5260695721751136,2.386981461556213,72.2873473316971,182.60286854785394,156.61631347485704,155.53358353799868,182.60286854785392
201,9,3.788773087184001,2.7976114733489776,42.26386571114426,160.12819696674208,234.90393140540806,204.86965235650996,215.93361788303343
202,10,6.3713929995945,6.048226950159881,65.99042697618098,420.45094447629157,395.026365974859,390.9844700997097,420.4509444762915
203,11,7.256527363061525,6.9864963474443975,115.54729226864843,838.4720880751148,449.9046965098145,456.5637880538868,618.115972313189
204,12,6.933307032948684,5.432807781834675,88.82371699175053,615.8421017115475,429.8650360428184,436.7940230942131,588.2593157590333
205,13,5.621505798624248,5.6516736282978774,91.96171674872349,516.9633239543897,348.53335951470336,346.93590819525576,466.7442456710455
206,14,4.707527658019861,5.3134071789623825,111.2980319615297,523.9385637420795,291.86671479723134,245.13974723729632,334.23493553627713
207,15,2.7019046437744643,2.405979322208194,116.93396898027675,315.9444338027889,167.51808791401677,175.1235097562895,85.58537927612213
208,16,3.0905989924621,3.785034435216618,93.66217978613311,289.4722384788271,191.6171375326502,153.36921337200957,226.98669066276807
209,17,1.241960703683335,1.2972599487797083,48.988852569924504,60.8422298103826,77.00156362836678,77.04380861777398,68.13624848131957
210,18,4.3277529172167277e-16,4.766254202238967e-16,71.438637141807,3.0916877029244257e-14,2.683206808674371e-14,2.5635034280516612e-14,0.0
211,19,0.0,0.0,38.59108999469751,0.0,0.0,0.0,82.29937605389802
212,20,0.0,0.0,47.00834668345965,0.0,0.0,0.0,21.580606842057193
213,21,0.0,0.0,70.07122035433709,0.0,0.0,0.0,0.0
214,22,0.0,0.0,63.42447788639022,0.0,0.0,0.0,0.0
215,23,0.0,0.0,82.83052917590713,0.0,0.0,0.0,0.0
216,0,0.0,0.0,52.6943472558552,0.0,0.0,0.0,0.0
217,1,0.0,0.0,33.289292404711134,0.0,0.0,0.0,120.54445235103287
218,2,0.0,0.0,74.05834617192842,0.0,0.0,0.0,0.0
219,3,0.0,0.0,85.87470903621706,0.0,0.0,0.0,-6.309805921504562
220,4,0.0,0.0,71.68084987288908,0.0,0.0,0.0,0.0
221,5,0.0,0.0,55.977163683118214,0.0,0.0,0.0,0.0
222,6,0.0,0.0,56.33943279469951,0.0,0.0,0.0,0.0
223,7,1.5497563917914434,1.7542130503551734,44.20618312937384,68.50881486145018,96.0848962910695,97.46339850891061,110.30312415142325
224,8,2.732887742909862,2.672195031475265,58.16928808508814,158.97013442153005,169.43904006041143,168.32393081354456,158.97013442153002
225,9,4.115150141065637,4.2877608589446075,70.75259875986649,291.157566767425,255.1393087460695,250.57535217488655,291.157566767425
226,10,6.284836097565307,7.139585998408068,57.978222953540914,364.3836284911034,389.65983804904903,380.70823150057697,364.3836284911034
227,11,6.442758779392587,6.368124758748729,82.84331499734036,533.7394950131002,399.4510443223404,399.46093230370906,533.7394950131002
228,12,5.400844651533976,5.762753369464291,88.52532191414355,478.1115113853257,334.8523683951065,317.24310170889095,452.6812298081809
229,13,5.954249980883623,6.467238257239076,121.80569137015246,725.2615355122467,369.16349881478465,322.8626573659992,459.759797520794
230,14,3.5961907292112056,3.709294235233619,66.14983924294279,237.88743862428245,222.96382521109476,220.62401915798958,237.88743862428245
231,15,2.3539030629986293,2.4076099302593748,101.74946660572272,239.50838110168743,145.94198990591502,142.44100930502475,118.68433653950649
232,16,2.9096978270638805,3.2767422936629735,68.31521626629444,198.776636325436,180.4012652779606,171.81461956327468,198.77663632543596
233,17,1.67397737590917,2.0220499998476735,53.01421056572727,88.74458908871233,103.78659730636855,102.30110576850447,88.74458908871236
234,18,8.690337253847997e-16,8.597438548284038e-16,77.6148293810375,6.744990432210862e-14,5.388009097385758e-14,5.384489278801598e-14,1.1368683772161603e-13
235,19,0.0,0.0,81.84785962536651,0.0,0.0,0.0,0.0
236,20,0.0,0.0,100.44445919118098,0.0,0.0,0.0,-111.41023588873372
237,21,0.0,0.0,63.14457720158608,0.0,0.0,0.0,0.0
238,22,0.0,0.0,51.7301405110112,0.0,0.0,0.0,0.0
239,23,0.0,0.0,43.28326448398459,0.0,0.0,0.0,48.45188031373806
240,0,0.0,0.0,42.99913943047546,0.0,0.0,0.0,50.50144636467667
241,1,0.0,0.0,-15.0,-0.0,0.0,0.0,468.8843580164202
242,2,0.0,0.0,33.61429087903959,0.0,0.0,0.0,118.20004156654343
243,3,0.0,0.0,66.88304901305932,0.0,0.0,0.0,0.0
244,4,0.0,0.0,4.277965734290731,0.0,0.0,0.0,329.82071821356703
245,5,0.0,0.0,49.01986103959584,0.0,0.0,0.0,7.070335803322848
246,6,0.0,0.0,56.725891704714456,0.0,0.0,0.0,0.0
247,7,1.6412471477018375,1.6562640375422568,82.32730441260442,135.11945354516791,101.75732315751392,101.14299525109149,135.11945354516791
248,8,3.053849453612878,2.7562276421593594,76.14560467899717,232.53721324397773,189.33866612399842,187.88305841297029,232.53721324397776
249,9,5.071423965961904,5.911112514466306,87.60829282175843,444.29879583327386,314.428285889638,274.5343756013472,425.4836003679041
250,10,3.4716787208789754,4.0334795242447505,71.17736231252255,247.10493414867767,215.2440806944965,200.09135634238453,247.10493414867767
251,11,5.362901786242027,4.55352578680726,55.04128486584611,295.18100492410235,332.4999107470057,315.73041999340103,295.18100492410235
252,12,7.890287588911801,7.240035358023127,81.96922056919556,646.7607237298976,489.19783051253165,488.85769360192774,646.7607237298977
253,13,4.466782379763935,4.718623102140312,94.34682939744349,421.4267551390946,276.94050754536397,262.85416524598315,354.0024151158747
254,14,4.679480850475786,4.4183719871379505,121.08962078044063,566.6365616334467,290.1278127294987,297.6522431355457,306.3002743920165
255,15,4.448719314435705,4.3325490998592375,68.6567186747827,305.4344704342843,275.8205974950137,274.59994349669694,305.4344704342843
256,16,3.2485570220236983,2.8518635202212788,137.13911048193344,445.5042203501687,201.4105353654693,217.6171837320796,69.39324579834454
257,17,1.548145050786957,1.3609360277352687,95.63665445846539,148.05941327369555,95.98499314879133,97.80606720641255,71.33078408600272
258,18,8.601556074483981e-16,8.064761168374561e-16,72.27641828477043,6.216896647393122e-14,5.332964766180068e-14,5.291134023145467e-14,0.0
259,19,0.0,0.0,65.20893079752932,0.0,0.0,0.0,0.0
260,20,0.0,0.0,71.80631031799405,0.0,0.0,0.0,0.0
261,21,0.0,0.0,67.17608173514087,0.0,0.0,0.0,0.0
262,22,0.0,0.0,62.76457447045448,0.0,0.0,0.0,0.0
263,23,0.0,0.0,70.07381889698004,0.0,0.0,0.0,0.0
264,0,0.0,0.0,40.12559495614825,0.0,0.0,0.0,71.23006261200817
265,1,0.0,0.0,52.978638480459935,0.0,0.0,0.0,0.0
266,2,0.0,0.0,43.300282472772864,0.0,0.0,0.0,48.329119256080844
267,3,0.0,0.0,83.78622878900534,0.0,0.0,0.0,0.0
268,4,0.0,0.0,17.191056399702717,0.0,0.0,0.0,236.67077626495893
269,5,0.0,0.0,100.22551414877165,0.0,0.0,0.0,-109.83085272487256
270,6,0.0,0.0,44.82796753435814,0.0,0.0,0.0,37.30900188142408
271,7,1.5309551240651191,1.6925759428059681,46.33525411998241,70.93719471984649,94.91921769203739,95.57878131967396,97.37322578515989
272,8,1.6290414687820791,1.8385018728101612,68.55171282046265,111.67358294057377,101.00057106448891,96.03852928399104,111.67358294057374
273,9,4.452297769940762,5.141036870693244,83.85240603077938,373.33588037500635,276.04246173632725,246.5537475760174,373.3358803750064
274,10,4.712781941823716,4.381434352574653,78.14629958127395,368.28646948697406,292.19248039307035,291.0691208408711,368.28646948697406
275,11,5.63518953263006,5.6859747967847944,101.99268688116712,574.7481215175682,349.3817510230637,346.0557804692682,452.16958183679753
276,12,3.506906613409972,3.583452702819082,86.2390535913526,302.4323073737314,217.42821003141827,213.9224896913322,293.4942635625114
277,13,7.30491833999808,8.460715929782289,82.58309716395382,603.2627810468098,452.904937079881,405.2527068227357,603.2627810468097
278,14,7.34756056382954,6.986420638824192,77.7886323613998,571.5566874528556,455.54875495743147,454.22751525004827,571.5566874528555
279,15,6.2113475779025595,6.913377219645195,121.36737647622795,753.8549599120065,385.1035498299587,322.12501783443975,491.5150526535819
280,16,3.3380091214828425,3.4471946190926492,103.00449379023436,343.8299398255251,206.95656553193623,199.667820245578,213.9526242525303
281,17,1.4924417176408413,1.6643672904621525,69.07056762845922,103.08379658984556,92.53138649373216,88.3470258778835,103.08379658984558
282,18,9.800285536046718e-16,1.0691943499589687e-15,78.45344734048267,7.688661852239352e-14,6.076177032348965e-14,5.754584456138852e-14,0.0
283,19,0.0,0.0,54.99349963421305,0.0,0.0,0.0,0.0
284,20,0.0,0.0,129.51513470738158,0.0,0.0,0.0,-321.11462091207807
285,21,0.0,0.0,72.19162767808123,0.0,0.0,0.0,0.0
286,22,0.0,0.0,22.70509814709206,0.0,0.0,0.0,196.8946543449529
287,23,0.0,0.0,30.123620727653996,0.0,0.0,0.0,143.38035899699747
288,0,0.0,0.0,28.34095253840126,0.0,0.0,0.0,156.23982406582923
289,1,0.0,0.0,56.70483550232795,0.0,0.0,0.0,0.0
290,2,0.0,0.0,16.043379976900425,0.0,0.0,0.0,244.94966122982404
291,3,0.0,0.0,23.54008347036428,0.0,0.0,0.0,190.8713996179432
292,4,0.0,0.0,48.32324666381199,0.0,0.0,0.0,12.095437101390814
293,5,0.0,0.0,55.66404738069848,0.0,0.0,0.0,0.0
294,6,0.0,0.0,51.41671458502398,0.0,0.0,0.0,0.0
295,7,1.7592539545914128,1.7068166724027665,59.64438512030226,104.92962039206496,109.07374518466759,108.1683257791127,104.92962039206498
296,8,4.379948686932647,5.119776979284707,44.39928939990772,194.46660930786845,271.55681858982416,276.36635964267856,234.86792614109962
297,9,2.9531146444283247,2.415452662055719,89.25589503454125,263.58289072806116,183.09310795455613,185.7501911444891,232.882542865659
298,10,4.906683954065468,5.058967428255811,45.26774416462483,222.11451392930536,304.214405152059,305.0390688641744,256.2511406883722
299,11,7.46120578210787,7.265014739957676,85.59227153796093,638.6215513027809,462.5947584906879,463.0252415921521,634.349138074347
300,12,8.913538835965623,9.41446646810702,127.47841252127267,1136.2837807556102,552.6394078298687,503.8750968558535,829.8612702234011
301,13,6.136437769180884,6.2359557808053445,88.88370382848318,545.4293172377917,380.45914168921485,375.5723465713963,517.4138099094187
302,14,6.04484632489577,4.955875050620423,69.13295720405662,417.8981022841182,374.78047214353774,363.72710651415963,417.89810228411824
303,15,3.698899561605032,3.9601168918587977,95.29066552296489,352.4706009279466,229.331772819512,214.41278073772867,278.23779943106814
304,16,3.955075408511624,3.4920543253163014,88.82373380799172,351.3045652761706,245.2146753277207,247.35281425053267,323.72165801792636
305,17,2.0535899771685004,1.7624848519348562,95.65772520787962,196.4417457256402,127.32257858444703,130.1589013771151,119.56112046391632
306,18,9.524996489719804e-16,9.582944449794407e-16,90.86594061256606,8.6549776536978e-14,5.905497823626278e-14,5.875606860138053e-14,-42.31458151208426
307,19,0.0,0.0,100.7149348331605,0.0,0.0,0.0,-113.36134046948212
308,20,0.0,0.0,64.95931312922453,0.0,0.0,0.0,0.0
309,21,0.0,0.0,51.81397958325296,0.0,0.0,0.0,0.0
310,22,0.0,0.0,46.29030811840778,0.0,0.0,0.0,26.760253789832234
311,23,0.0,0.0,44.18879980008126,0.0,0.0,0.0,41.91970576990445
312,0,0.0,0.0,59.08040993543754,0.0,0.0,0.0,0.0
313,1,0.0,0.0,23.171530641390127,0.0,0.0,0.0,193.52999433499986
314,2,0.0,0.0,31.09485643378082,0.0,0.0,0.0,136.37424775776825
315,3,0.0,0.0,51.85800184572966,0.0,0.0,0.0,0.0
316,4,0.0,0.0,77.44626907091575,0.0,0.0,0.0,0.0
317,5,0.0,0.0,39.63307098711137,0.0,0.0,0.0,74.78293622784747
318,6,0.0,0.0,69.48449789303208,0.0,0.0,0.0,0.0
319,7,1.147251333510899,1.0064624727867435,64.02764753333415,73.45580401418341,71.12958267767573,69.16145797607751,73.4558040141834
320,8,2.763530856681721,2.98105198276728,84.02834151324376,232.21491460763875,171.3389131142667,161.97779859524297,232.21491460763872
321,9,4.2930515845187225,4.37744231249335,80.80965245628718,346.92000652187096,266.16919824016077,262.87694162688433,346.920006521871
322,10,5.292447098351697,5.3905712138969655,85.6126713011581,453.1005338099518,328.1317200978052,323.7145806979944,448.68096473735795
323,11,5.065049657669478,4.8520314454611455,141.4351664192111,716.3761412540508,314.03307877550765,323.4221493390973,309.2751139306411
324,12,5.955752534467084,6.381504986214155,152.41511456566843,907.7467048655708,369.25665713695923,314.53942325822254,421.4406631159268
325,13,6.217969114921923,5.1955576472480995,90.8935281879085,565.1731510187003,385.5140851251592,391.82251329687085,522.6595636211748
326,14,7.24921818291588,5.564139968146818,77.99511695650475,565.4036200197448,449.45152734078454,443.5475823564311,565.4036200197448
327,15,3.4809594262606063,3.315097198488549,102.58051282028148,357.0786030524058,215.81948442815758,218.29670059306903,230.25971893952692
328,16,3.734696702838168,4.016830444839231,107.18715047858137,400.31149747897643,231.55119557596643,211.24209775634085,240.26214658107892
329,17,0.8356259121513725,0.9604281303755908,118.8712811818628,99.33192276619639,51.8088065533851,41.002294614972556,-145.0021377284404
330,18,8.273665916288611e-16,8.817704855147187e-16,42.600278364703755,3.524604711304566e-14,5.1296728680989385e-14,5.1772743822335885e-14,53.37867274563223
331,19,0.0,0.0,73.25762506002269,0.0,0.0,0.0,0.0
332,20,0.0,0.0,64.83982455360426,0.0,0.0,0.0,0.0
333,21,0.0,0.0,52.38940798601354,0.0,0.0,0.0,0.0
334,22,0.0,0.0,32.562730974811096,0.0,0.0,0.0,125.78557988362013
335,23,0.0,0.0,52.83141244674986,0.0,0.0,0.0,0.0
336,0,0.0,0.0,67.44029201681164,0.0,0.0,0.0,0.0
337,1,0.0,0.0,25.96063476730965,0.0,0.0,0.0,173.41049745003485
338,2,0.0,0.0,51.75542640985557,0.0,0.0,0.0,0.0
339,3,0.0,0.0,59.24836193216993,0.0,0.0,0.0,0.0
340,4,0.0,0.0,86.21802558625537,0.0,0.0,0.0,-8.78635607782951
341,5,0.0,0.0,70.02588962104625,0.0,0.0,0.0,0.0
342,6,0.0,0.0,60.79290638062611,0.0,0.0,0.0,0.0
343,7,1.9307934523821528,2.135281545788754,74.10375301873447,143.0790411255167,119.70919404769347,113.44578687755939,143.07904112551665
344,8,2.630535546175631,2.815471577840681,89.27621474571097,234.84425631660173,163.0932038628891,153.92125172968645,203.99733007378575
345,9,2.3955164266194333,2.489194535374303,83.02052672461065,198.87703551540247,148.52201845040486,144.60855377896348,198.87703551540244
346,10,6.5014488436928985,7.600859199904277,100.0619007254095,650.5473287689272,403.0898283089597,333.7419079944276,541.8967187359935
347,11,7.552232204088657,6.820359354167241,82.17360776821994,620.5941669133005,468.23839665349675,467.96775433760774,620.5941669133005
348,12,9.10529942904968,7.940415833790189,115.74318203303622,1053.8763292817978,564.5285646010801,593.4262822050545,832.1071420365342
349,13,3.9127847746223687,4.147998034440816,87.3157213335845,341.647625019219,242.59265602658687,231.50360882499118,324.9429248524083
350,14,4.947233670274319,4.497957680169198,84.06029999555203,415.86594647135524,306.7284875570078,307.1980820522666,415.8659464713552
351,15,6.0920110274952375,7.310298254838036,86.86965635287436,529.2109044564323,377.70468370470473,320.9482508270019,515.7239410913736
352,16,4.3424564723735335,3.9812318999627863,75.36440016256236,327.26662727246793,269.2323012871591,267.2539827154783,327.266627272468
353,17,2.4834742687837252,2.2693241010859864,106.85902951018124,265.3816501757359,153.97540466459097,157.86100358454837,107.69923450276178
354,18,5.191924940900286e-16,4.940944502878572e-16,56.05018551495631,2.910083561171896e-14,3.2189934633581776e-14,3.16889184262278e-14,5.684341886080802e-14
355,19,0.0,0.0,72.80198163859932,0.0,0.0,0.0,0.0
356,20,0.0,0.0,81.48825321660611,0.0,0.0,0.0,0.0
357,21,0.0,0.0,68.77159909186186,0.0,0.0,0.0,0.0
358,22,0.0,0.0,61.66121583916233,0.0,0.0,0.0,0.0
359,23,0.0,0.0,54.47030415845779,0.0,0.0,0.0,0.0
360,0,0.0,0.0,56.63852135733011,0.0,0.0,0.0,0.0
361,1,0.0,0.0,30.798814053949023,0.0,0.0,0.0,138.509780699508
362,2,0.0,0.0,40.41169172551472,0.0,0.0,0.0,69.16627338070089
363,3,0.0,0.0,45.70179359812078,0.0,0.0,0.0,31.005565374880064
364,4,0.0,0.0,62.46599361670473,0.0,0.0,0.0,0.0
365,5,0.0,0.0,76.1819552799981,0.0,0.0,0.0,0.0
366,6,0.0,0.0,59.858537889145914,0.0,0.0,0.0,0.0
367,7,1.9710045354573744,2.3306616125049513,82.54325225828529,162.69312457248247,122.20228119835721,107.39193892878737,162.69312457248242
368,8,4.440399110623882,3.9562348407875314,74.86093984628688,332.4124507139202,275.3047448586807,272.4703043387823,332.4124507139202
369,9,5.591764206203154,5.095189452733294,77.44950334454684,433.0793605902485,346.6893807845955,344.74634709172534,433.0793605902484
370,10,5.631086036362545,5.746084436020531,100.55611228508019,566.2401197594191,349.1273342544778,341.8024950475066,454.024462497555
371,11,9.351115492211969,6.359457002962028,58.63694340789966,548.3208299175669,579.769160517142,525.8526163310793,548.3208299175669
372,12,7.54992905828838,7.01894365543451,101.6408601765411,767.3812837562938,468.0956016138796,475.65186645238055,647.3406831298556
373,13,6.824292061391051,7.006588469403566,82.05570356762624,559.9720864484091,423.1061078062452,415.71041008137365,559.9720864484091
374,14,8.88352597650794,8.638515959391903,116.01096644421403,1030.5864339669663,550.7786105434923,556.9058761379067,806.8855556182887
375,15,3.7325766211431772,2.8818702809534873,84.44831861744245,315.20981976631583,231.41975051087698,232.55649746877918,315.2098197663158
376,16,3.7014823310768503,2.889201983574285,88.91530481279821,329.11842972688504,229.49190452676473,233.29863900033286,300.87496536400056
377,17,2.2106901580946365,1.8310402521155582,60.6012550651075,133.9705981406159,137.06278980186747,130.77994122192626,133.97059814061595
378,18,8.920646494493129e-16,8.837713956442836e-16,94.84610011881291,8.460885305412327e-14,5.5308008265857395e-14,5.538376361547248e-14,-71.02588204884592
379,19,0.0,0.0,73.11823720044254,0.0,0.0,0.0,0.0
380,20,0.0,0.0,64.25600747393649,0.0,0.0,0.0,0.0
381,21,0.0,0.0,69.07746257661623,0.0,0.0,0.0,0.0
382,22,0.0,0.0,29.100426455213487,0.0,0.0,0.0,150.76127883637204
383,23,0.0,0.0,43.45813146452481,0.0,0.0,0.0,47.19045889975541
384,0,0.0,0.0,49.623688784286635,0.0,0.0,0.0,2.71456065837134
385,1,0.0,0.0,80.14591433985886,0.0,0.0,0.0,0.0
386,2,0.0,0.0,53.667881203235424,0.0,0.0,0.0,0.0
387,3,0.0,0.0,58.77278731342822,0.0,0.0,0.0,0.0
388,4,0.0,0.0,54.58848367501271,0.0,0.0,0.0,0.0
389,5,0.0,0.0,125.51701122133747,0.0,0.0,0.0,-292.27373531170633
390,6,0.0,0.0,80.47668972419478,0.0,0.0,0.0,0.0
391,7,1.339847450948004,1.2827519703179564,27.460892921716834,36.793407381918385,83.07054195877625,80.70654181963508,199.3816343459823
392,8,4.397282378601461,4.263368905655416,77.5375026071251,340.9542938950761,272.6315074732906,272.1163593438981,340.95429389507615
393,9,5.728985461946196,4.923709968297061,100.5844776675172,576.2470102546579,355.19709864066414,366.0186792147805,463.82673631381107
394,10,8.80748334245643,8.341650667309946,53.77477879656041,473.6204684949851,546.0639672322988,535.9698781698759,473.6204684949851
395,11,8.743085223385012,7.387258004217699,90.11289750182087,787.8647425845783,542.0712838498707,549.6431356847495,750.9823170038853
396,12,6.820580437328538,6.4342118537713455,82.51266537850788,562.7842713124866,422.87598711436937,422.8313611696904,562.7842713124866
397,13,7.0626228123377945,7.227941494379217,78.52186768962783,554.5703340121355,437.88261436494327,431.90595805416115,554.5703340121355
398,14,6.867397065652536,7.739067577072842,123.3123277851541,846.834717990551,425.77861807045724,345.46253999737417,570.464699257372
399,15,5.025107565948307,5.921517623097746,83.61606195811032,420.17970558050257,311.55666908879505,273.4412440339594,420.17970558050257
400,16,2.873276892023074,2.868982710621824,82.47473149258792,236.97274017346055,178.14316730543058,178.1425491520895,236.97274017346058
401,17,2.254525911219503,1.949916263720378,73.85143257043264,166.49996831072033,139.7806064956092,137.7667024826021,166.49996831072025
402,18,1.1283973063216872e-15,1.1213960302427705e-15,65.73476722698007,7.417493427060743e-14,6.99606329919446e-14,6.987172431505633e-14,5.684341886080802e-14
403,19,0.0,0.0,70.54095584095462,0.0,0.0,0.0,0.0
404,20,0.0,0.0,63.08087361103398,0.0,0.0,0.0,0.0
405,21,0.0,0.0,44.77225664708867,0.0,0.0,0.0,37.71087824468367
406,22,0.0,0.0,61.952522948463375,0.0,0.0,0.0,0.0
407,23,0.0,0.0,6.726376180769769,0.0,0.0,0.0,312.1588511311359
408,0,0.0,0.0,55.38074459802189,0.0,0.0,0.0,0.0
409,1,0.0,0.0,70.3780408799135,0.0,0.0,0.0,0.0
410,2,0.0,0.0,39.3850240059426,0.0,0.0,0.0,76.57224929743563
411,3,0.0,0.0,57.93367694651987,0.0,0.0,0.0,0.0
412,4,0.0,0.0,48.298748098159706,0.0,0.0,0.0,12.272160089516888
413,5,0.0,0.0,104.36089733025945,0.0,0.0,0.0,-139.66187562031575
414,6,0.0,0.0,81.96456770405736,0.0,0.0,0.0,0.0
415,7,2.4031425965711954,2.363636375911469,50.33077275057058,120.95202391524096,148.9948409874141,148.03673926720504,120.95202391524094
416,8,5.10207178892367,5.380070810082525,98.51531202474379,502.63219425845807,316.32845091326755,299.3304398350691,405.138064995172
417,9,4.432707433340797,4.9643846896504575,127.76595411075499,566.3490945146227,274.8278608671294,222.8790358440881,257.8523723887606
418,10,7.186047081280954,7.170894571244823,79.55540983842005,571.6889206694884,445.53491903941915,445.4995615266829,571.6889206694884
419,11,9.871136641783131,10.58593480129619,96.95340890942724,957.0403472316303,612.0104717905541,569.7003098716443,870.813170883868
420,12,10.267420679818613,10.727783662322917,111.16149315413007,1141.3418136102302,636.5800821487541,601.1542914039371,952.6231224975342
421,13,3.8851803148928226,4.387011539431175,75.13471743799573,291.9119251551355,240.881179523355,224.86353137316723,291.9119251551355
422,14,3.180355700902245,3.383827758026046,62.06380574346193,197.38497841590865,197.1820534559392,194.01200821317215,197.38497841590868
423,15,4.909737807208163,5.98353047844941,100.13695229252616,491.64618056921586,304.4037440469061,236.57098279867722,382.45417813834956
424,16,4.256997456588377,4.392349286367821,78.37590410501339,333.64602443285656,263.93384230847937,259.06525321576515,333.6460244328565
425,17,1.942870557069425,1.7243378070404785,87.65335687215114,170.29912629520138,120.45797453830434,121.27529088141455,151.1588565477084
426,18,9.342542190701907e-16,1.0757145457201062e-15,107.99685754476904,1.0089651980752284e-13,5.792376158235183e-14,4.759771340283732e-14,-165.89025825037072
427,19,0.0,0.0,92.77048247354682,0.0,0.0,0.0,-56.05319517056682
428,20,0.0,0.0,86.16274002853936,0.0,0.0,0.0,-8.387547874179518
429,21,0.0,0.0,65.95702866577535,0.0,0.0,0.0,0.0
430,22,0.0,0.0,49.6119738988756,0.0,0.0,0.0,2.7990672202973883
431,23,0.0,0.0,43.146732425705096,0.0,0.0,0.0,49.43676872135404
432,0,0.0,0.0,88.22409630771159,0.0,0.0,0.0,-23.257358883453207
433,1,0.0,0.0,95.9744764230183,0.0,0.0,0.0,-79.16554357189659
434,2,0.0,0.0,71.57643321105868,0.0,0.0,0.0,0.0
435,3,0.0,0.0,45.23493592124706,0.0,0.0,0.0,34.37329248420275
436,4,0.0,0.0,31.09257117982096,0.0,0.0,0.0,136.39073267832015
437,5,0.0,0.0,111.74500134299218,0.0,0.0,0.0,-192.92788899780282
438,6,0.0,0.0,71.56284995341645,0.0,0.0,0.0,0.0
439,7,1.7112633992311674,1.6294217369764952,76.60706628421872,131.09486865465948,106.09833075233239,105.72638492640844,131.09486865465948
440,8,5.842662641418878,6.63438339280521,60.28510487404124,352.22553008157985,362.2450837679704,351.6705596935733,352.22553008157985
441,9,6.71736848045887,5.501016993165081,91.92291563269687,617.4800961029579,416.4768457884499,424.92098493589424,567.5409137638977
442,10,9.747507882189254,10.984002461640491,77.97262648498386,760.0387912573788,604.3454886957337,560.4922401288873,760.0387912573788
443,11,6.379298787830967,6.9838241471506946,68.47271035092146,436.80787814113415,395.51652484551994,381.25523483773503,436.8078781411342
444,12,6.095593997512129,7.735748238463535,86.96106854477927,530.0793674387972,377.926827845752,301.3294340705071,515.9329925827201
445,13,9.660568155979643,10.278343145007163,101.89847286488032,984.3971421014186,598.9552256707378,558.569365045416,862.4982251674601
446,14,8.512668679193114,7.246740094923736,126.16192794893101,1073.9746925574834,527.7854581099731,569.0818790130858,777.0487823874424
447,15,6.041316551783914,6.00649190667703,64.76830219605041,391.2858160879418,374.56162621060264,374.0941480675905,391.2858160879418
448,16,5.139863194175174,4.528351688108479,69.53675702337267,357.4094180667352,318.67151803886077,312.649699923493,357.4094180667352
449,17,1.9912952962927306,2.0842261774139237,83.46457707539338,166.2026197372929,123.46030837014929,119.52647713713321,166.20261973729293
450,18,7.399003340470286e-16,8.94649339733832e-16,68.78036546250101,5.0890615381581203e-14,4.587382071091577e-14,4.216364260587636e-14,5.684341886080802e-14
451,19,0.0,0.0,81.52067232425304,0.0,0.0,0.0,0.0
452,20,0.0,0.0,65.16403862608081,0.0,0.0,0.0,0.0
453,21,0.0,0.0,71.02298662585763,0.0,0.0,0.0,0.0
454,22,0.0,0.0,65.84951818871264,0.0,0.0,0.0,0.0
455,23,0.0,0.0,30.2443812368836,0.0,0.0,0.0,142.5092403224766
456,0,0.0,0.0,49.173013498755616,0.0,0.0,0.0,5.965554380372566
457,1,0.0,0.0,34.87786902746093,0.0,0.0,0.0,109.08508727537239
458,2,0.0,0.0,72.76353909904523,0.0,0.0,0.0,0.0
459,3,0.0,0.0,37.25869645669288,0.0,0.0,0.0,91.91073741839841
460,4,0.0,0.0,43.44867443673044,0.0,0.0,0.0,47.25867816754169
461,5,0.0,0.0,39.16746488566725,0.0,0.0,0.0,78.14163496575753
462,6,0.0,0.0,61.902671181102804,0.0,0.0,0.0,0.0
463,7,1.6846991292725964,1.917041490165216,64.93830404282521,109.40150427738675,104.45134601490098,99.99667379815244,109.40150427738678
464,8,3.3615865941632856,3.542920797434175,103.29013264216084,347.2187251992355,208.4183688381237,196.24854705540542,215.28092363070078
465,9,6.988413771936746,6.470907060646007,77.37880230031153,540.7550876514679,433.2816538600783,431.2292748865903,540.755087651468
466,10,7.226838354739124,7.248271160746188,110.76659115172653,800.4922493590046,448.0639779938257,446.42526339099027,614.6222255059452
467,11,7.989258532903221,7.849818622541418,119.2953901877754,953.0817139937037,495.3340290399997,499.16465848333763,705.6882984380468
468,12,6.508496343784139,6.7513237672345285,86.39868509866848,562.325526072441,403.5267733146166,392.3571109535267,552.2359635408055
469,13,7.227464405748266,6.6850852085201895,92.00682641346002,664.9760629891417,448.1027931563925,451.9022244154784,614.4315813797925
470,14,8.8883690543216,8.757649863253587,83.75966765880958,744.4868380188249,551.0788813679392,551.1860385220864,744.4868380188248
471,15,3.8219632488230757,3.8913407790711174,73.00347334343165,279.0165921550308,236.96172142703068,234.93212745228925,279.0165921550308
472,16,4.91899982393335,5.170336768336446,141.61345990453236,696.5965843369872,304.9779890838677,276.0700117634153,288.2094181458334
473,17,2.850261734286866,2.925316170105313,80.22112143884372,228.651192718716,176.7162275257857,173.843413783635,228.651192718716
474,18,1.1943668866812573e-15,9.595895519316882e-16,69.46582239326148,8.296767802259288e-14,7.405074697423796e-14,7.172630269802232e-14,5.684341886080802e-14
475,19,0.0,0.0,60.25409887292891,0.0,0.0,0.0,0.0
476,20,0.0,0.0,62.49239097478744,0.0,0.0,0.0,0.0
477,21,0.0,0.0,62.457287942260045,0.0,0.0,0.0,0.0
478,22,0.0,0.0,87.35297607590584,0.0,0.0,0.0,-16.973441181217026
479,23,0.0,0.0,93.57695232154407,0.0,0.0,0.0,-61.870750508071296
480,0,0.0,0.0,11.720411864116407,0.0,0.0,0.0,276.1338478188731
481,1,0.0,0.0,82.60427424673144,0.0,0.0,0.0,0.0
482,2,0.0,0.0,83.55246454094554,0.0,0.0,0.0,0.0
483,3,0.0,0.0,38.45346892129011,0.0,0.0,0.0,83.2921201870389
484,4,0.0,0.0,35.13029948295532,0.0,0.0,0.0,107.26415355124499
485,5,0.0,0.0,67.76013157494232,0.0,0.0,0.0,0.0
486,6,0.0,0.0,49.73708111330544,0.0,0.0,0.0,1.8965931292025857
487,7,2.851037873329486,3.0849276207254066,97.40159456388832,277.69563502432896,176.76434814642812,162.78896954934055,188.23542417096434
488,8,2.923151281890513,2.896895858673922,83.69471742241268,244.65232052078989,181.2353794772118,181.25562340797197,244.65232052078989
489,9,7.763167291155202,6.9502411953546295,62.38713099979816,484.3217347666478,481.3163720516225,468.9520492358856,484.3217347666478
490,10,7.853453833161202,9.018936055224819,89.29050268300938,701.2388405607707,486.9141376559945,429.090918578725,670.2888467747617
491,11,11.254392788853607,11.330069948816185,87.60790491653782,985.9737733392558,697.7723529089237,694.1769400336597,967.1613760691218
492,12,7.839615385268117,8.399292078590026,54.197089461118246,424.88433637613514,486.0561538866233,482.8400491009937,424.88433637613514
493,13,12.236322613933698,10.643758411552545,72.18792957665383,883.3147951318625,758.6520020638893,746.1359558821007,883.3147951318624
494,14,7.9870676296617065,8.609185223716617,82.69828186733253,660.5167701312113,495.1981930390258,469.45941368570556,660.5167701312113
495,15,5.750589027775421,4.767142116816333,104.03284955961813,598.250163205751,356.5365197220761,372.2958996458711,460.95469479060256
496,16,5.243758761105108,4.99374192520009,105.57889175121842,553.6302386082194,325.1130431885167,329.40937470290413,405.1822317242279
497,17,1.9121531114056216,1.9426491448589438,116.16214488600974,222.11980677133414,118.55349290714854,116.01614116068774,-2.671613217763479
498,18,7.664277890026653e-16,9.262101319931092e-16,73.406384840941,5.626069323232118e-14,4.7518522918165245e-14,4.276372298314307e-14,1.1368683772161603e-13
499,19,0.0,0.0,51.82874939635204,0.0,0.0,0.0,0.0
500,20,0.0,0.0,58.05952966690032,0.0,0.0,0.0,0.0
501,21,0.0,0.0,54.40834409721131,0.0,0.0,0.0,0.0
502,22,0.0,0.0,46.464198907560835,0.0,0.0,0.0,25.505874235416854
503,23,0.0,0.0,56.89039203131875,0.0,0.0,0.0,0.0
504,0,0.0,0.0,67.31379746910453,0.0,0.0,0.0,0.0
505,1,0.0,0.0,42.614809857592505,0.0,0.0,0.0,53.27384828849125
506,2,0.0,0.0,60.02191769546101,0.0,0.0,0.0,0.0
507,3,0.0,0.0,70.2529020852852,0.0,0.0,0.0,0.0
508,4,0.0,0.0,53.138474995237225,0.0,0.0,0.0,0.0
509,5,0.0,0.0,34.57357851237057,0.0,0.0,0.0,111.28011901104364
510,6,0.0,0.0,56.91860474738411,0.0,0.0,0.0,0.0
511,7,2.0716031310806264,2.1777559745604265,88.22048468637308,182.75783230174093,128.43939412699885,123.31480129446561,159.52652622986784
512,8,4.698879600624699,4.80554683940739,85.52487689416635,401.87109938393695,291.33053523873133,286.54052596134534,398.08484452918555
513,9,6.396976813475783,6.694677987324758,57.01729210075955,364.7382955357348,396.61256243549855,393.8523917290275,364.7382955357347
514,10,8.276599844638158,8.876253312743389,106.70630472513139,883.1653851099344,513.1491903675658,470.34419826869174,726.5846657875957
515,11,9.846517703154463,10.577053024488551,80.62280568764493,793.8538834813781,610.4840975955767,582.1550284434409,793.853883481378
516,12,7.778820263187669,7.016178336896374,71.18989350060065,553.7733860966445,482.28685631763545,475.72235502140285,553.7733860966445
517,13,12.109970564750173,13.941947845984243,91.38741369475122,1106.698889832084,750.8181750145106,655.1261843516186,1060.6226072221039
518,14,10.089056675867335,10.849474561095372,63.88333636219694,644.5226012017015,625.5215139037748,611.9448833655966,644.5226012017015
519,15,7.052693791686795,6.7184327338083865,108.62549078431374,766.1023244734606,437.26701508458126,443.7747830927145,595.677354023833
520,16,2.9348518241608974,3.206968747848443,118.41525414125775,347.53122462494656,181.96081309797563,158.55356902335603,106.48676330219024
521,17,2.9337503577311748,2.464652322379736,71.52436578313825,209.83463370277724,181.89252217933284,177.97239858901452,209.83463370277718
522,18,9.652317916963113e-16,1.0642773381654551e-15,84.13319664016943,8.120803613412881e-14,5.98443710851713e-14,5.556892191948131e-14,1.1368683772161603e-13
523,19,0.0,0.0,98.90276431837812,0.0,0.0,0.0,-100.28905726271262
524,20,0.0,0.0,48.382865406359166,0.0,0.0,0.0,11.66537101177579
525,21,0.0,0.0,44.10182971384969,0.0,0.0,0.0,42.547073662970945
526,22,0.0,0.0,57.759536257590455,0.0,0.0,0.0,0.0
527,23,0.0,0.0,51.74414130604246,0.0,0.0,0.0,0.0
528,0,0.0,0.0,54.32544507277072,0.0,0.0,0.0,0.0
529,1,0.0,0.0,48.75033888414389,0.0,0.0,0.0,9.014562308404209
530,2,0.0,0.0,23.40403279916705,0.0,0.0,0.0,191.85281548905115
531,3,0.0,0.0,18.551587156257412,0.0,0.0,0.0,226.85644410574747
532,4,0.0,0.0,26.98698772643923,0.0,0.0,0.0,166.00679209096214
533,5,0.0,0.0,67.38022608134649,0.0,0.0,0.0,0.0
534,6,0.0,0.0,81.52148370704958,0.0,0.0,0.0,0.0
535,7,2.030318151754554,1.9484607006822674,66.05092049047141,134.10438281190093,125.87972540878235,124.85963343654677,134.10438281190096
536,8,4.898024039209132,5.167989009362261,87.01495174789545,426.2013254318146,303.6774904309662,291.0515825160895,411.66625840495277
537,9,7.3289720399303935,9.09798146295858,65.59917728125853,480.77453613678085,454.3962664756844,419.0178972616284,480.77453613678085
538,10,4.190647631167571,4.826084389875168,78.36459583752944,328.3984079139468,259.8201531323894,236.97255120172218,328.3984079139468
539,11,12.28833096059686,11.30496687620114,103.90173044016461,1276.778851027464,761.8765195570053,777.5378688405381,1140.429224214602
540,12,7.720178785489322,8.707152669183833,101.98781958797095,787.3642011613656,478.651084700338,414.01932250405423,664.8207722136037
541,13,9.309095356466075,10.824195869701143,97.61921506489232,908.7465816624522,577.1639121008967,486.22149036344234,817.7165423644035
542,14,8.13233559028273,7.273842782899364,92.8071777469954,754.7391146255861,504.2048065975293,510.7339734667695,698.4212142283551
543,15,7.844945832697929,7.825130008123662,71.9335021145611,564.3144276449938,486.3866416272716,486.22712674785316,564.3144276449937
544,16,5.661856534548531,5.467573055467828,95.70982223356631,541.8952824335958,351.03510514200894,352.935657373305,464.63884978043075
545,17,2.7184650202803184,3.0200485243834843,97.85509835037467,266.01566192158384,168.54483125737974,150.35365419319362,173.2840536561473
546,18,5.250813663322741e-16,4.992649408894412e-16,131.6624108146656,6.91334785651658e-14,3.2555044712600994e-14,3.35037159444607e-14,-336.6042236666606
547,19,0.0,0.0,79.89163734838499,0.0,0.0,0.0,0.0
548,20,0.0,0.0,67.60673079035769,0.0,0.0,0.0,0.0
549,21,0.0,0.0,74.16682485586013,0.0,0.0,0.0,0.0
550,22,0.0,0.0,91.46656277421675,0.0,0.0,0.0,-46.647232845561575
551,23,0.0,0.0,64.36392154447503,0.0,0.0,0.0,0.0
552,0,0.0,0.0,49.7688055876789,0.0,0.0,0.0,1.6677452861255802
553,1,0.0,0.0,35.150972995222816,0.0,0.0,0.0,107.11502298928363
554,2,0.0,0.0,33.34937424798475,0.0,0.0,0.0,120.11104563546684
555,3,0.0,0.0,66.47455642838838,0.0,0.0,0.0,0.0
556,4,0.0,0.0,47.59345042660229,0.0,0.0,0.0,17.359899257804216
557,5,0.0,0.0,97.46166043249445,0.0,0.0,0.0,-89.89350233398136
558,6,0.0,0.0,64.18009574962903,0.0,0.0,0.0,0.0
559,7,2.879905043763454,3.329842038367271,77.19009737580879,222.3001507611839,178.55411271333415,163.03685584571156,222.3001507611839
560,8,6.6394563554367245,7.1160275790772,60.65594366253505,402.72249064523027,411.6462940370769,405.0601132873838,402.7224906452302
561,9,6.52102796806003,6.830627909037071,61.83721126336927,403.24218411526766,404.30373401972184,399.56793416364343,403.2421841152677
562,10,11.582381162899827,10.555650388027091,96.05443566010184,1112.539086202537,718.1076320997893,728.4168579241243,1032.7967482376034
563,11,7.009883152790705,8.807538890563679,113.09119114568038,792.7560355411382,434.6127554730237,291.9436253966824,590.1172643679245
564,12,8.664769197225194,6.7533365481173036,72.1659875910505,625.3016263662699,537.215690227962,522.1621846107594,625.3016263662698
565,13,5.076895950413893,4.348018094032045,82.14828944219852,417.058318002526,314.76754892566134,314.4841736655357,417.058318002526
566,14,6.713037514921825,6.09716351814682,83.51438629520088,560.6352082353567,416.20832592515313,416.5998922819806,560.6352082353566
567,15,8.147611367620959,8.333508388096748,108.42601107894053,883.4130004125719,505.15190479249947,491.482429559936,714.4269978643476
568,16,4.943679382176628,4.969478799824532,101.66311522380772,502.58984665978505,306.5081216949509,304.82912412781343,382.38870690180477
569,17,3.0316583801813404,2.7571906558103376,89.51546202824537,271.3803006137346,187.9628195712431,189.3726495294245,238.80753885586773
570,18,1.2626602934396192e-15,1.2893524430465975e-15,71.90207948455603,9.078790078088833e-14,7.828493819325638e-14,7.754082514057077e-14,1.1368683772161603e-13
571,19,0.0,0.0,113.6287447868223,0.0,0.0,0.0,-206.5164710797709
572,20,0.0,0.0,94.55203297295738,0.0,0.0,0.0,-68.90459766579681
573,21,0.0,0.0,28.62190087745492,0.0,0.0,0.0,154.21317357978378
574,22,0.0,0.0,79.63438836120925,0.0,0.0,0.0,0.0
575,23,0.0,0.0,51.548908097357696,0.0,0.0,0.0,0.0
576,0,0.0,0.0,41.31928318430037,0.0,0.0,0.0,62.61926663464101
577,1,0.0,0.0,66.17633623354786,0.0,0.0,0.0,0.0
578,2,0.0,0.0,57.019934684053986,0.0,0.0,0.0,0.0
579,3,0.0,0.0,52.63179610837529,0.0,0.0,0.0,0.0
580,4,0.0,0.0,35.36262475353696,0.0,0.0,0.0,105.58825069974247
581,5,0.0,0.0,77.61653141007682,0.0,0.0,0.0,0.0
582,6,0.0,0.0,37.77181873380063,0.0,0.0,0.0,88.20927573400473
583,7,1.7330957904865623,1.375240565757897,83.44319866640492,144.6150563534803,107.45193901016685,107.66035353512336,144.61505635348033
584,8,6.583711632659082,6.422187401310887,73.5690204806258,484.3572159416303,408.19012122486305,407.0880034944045,484.3572159416303
585,9,9.26743698481159,10.392782720960584,75.7257018631605,701.7831701474695,574.5810930583186,537.8305340638092,701.7831701474695
586,10,10.99530519312693,8.779328103095253,70.19445837453395,771.8094926942453,681.7089219738697,660.9803260957676,771.8094926942453
587,11,4.812166404136674,4.713607916644498,93.82552708673359,451.50404929719485,298.3543170564738,299.17916736032737,387.8401784938163
588,12,8.771119724619588,8.982361094114529,64.45526147853697,565.3448153099088,543.8094229264144,539.8868657027499,565.3448153099087
589,13,12.19242217823464,10.587926553722028,116.65531155753875,1422.3108078430073,755.9301750505476,796.8311490584356,1193.961878035833
590,14,10.737891840912072,9.86682436923516,85.84819186738957,921.8285990098966,665.7492941365484,667.827786471051,915.7100774835011
591,15,8.222920071803475,7.049403285118182,81.04652505617489,666.4390976343437,509.82104445181545,508.3950969192759,666.4390976343439
592,16,4.727967691269488,4.886242131854754,90.61760200790997,428.43709455371544,293.13399685870826,285.0189493437695,387.91392976801365
593,17,2.602350611072028,1.821757551908994,84.24018734155315,219.22250300511297,161.34573788646574,162.26694737441517,219.22250300511297
594,18,1.2556235903445946e-15,1.140301466824476e-15,112.36804684299699,1.4109197041701348e-13,7.784866260136487e-14,8.041758227642444e-14,-197.42229344833777
595,19,0.0,0.0,46.80320886584902,0.0,0.0,0.0,23.06039013306099
596,20,0.0,0.0,73.51589517938686,0.0,0.0,0.0,0.0
597,21,0.0,0.0,100.18443303476838,0.0,0.0,0.0,-109.53450977462603
598,22,0.0,0.0,63.86558805261719,0.0,0.0,0.0,0.0
599,23,0.0,0.0,61.091307342523,0.0,0.0,0.0,0.0
600,0,0.0,0.0,52.7857796989379,0.0,0.0,0.0,0.0
601,1,0.0,0.0,37.87038363800843,0.0,0.0,0.0,87.4982673981213
602,2,0.0,0.0,60.803631682717835,0.0,0.0,0.0,0.0
603,3,0.0,0.0,47.01814145312612,0.0,0.0,0.0,21.509951237642042
604,4,0.0,0.0,56.164919496439595,0.0,0.0,0.0,0.0
605,5,0.0,0.0,68.30305765304031,0.0,0.0,0.0,0.0
606,6,0.0,0.0,71.33917881380883,0.0,0.0,0.0,0.0
607,7,2.9944834454761353,2.8672320220525997,69.30877017815746,207.54396492480257,185.6579736195204,184.3831151129401,207.54396492480254
608,8,7.178029527484462,7.497711090202785,89.36245406836952,641.4463339512304,445.03783070403665,429.14867638642176,609.9773112554833
609,9,10.012285183610802,8.49428385115679,96.14194394563286,962.6005608904001,620.7616813838697,636.1032980323631,882.2269726749693
610,10,10.000045851370727,8.858556748197312,97.64136387744283,976.4181157648017,620.0028427849851,632.8229330520518,885.2283036705442
611,11,13.573296433391809,15.772030187965562,105.52252583146304,1432.2885235106924,841.5443788702921,687.8459473869666,1284.2471181359085
612,12,11.110592699076594,9.901558961827567,117.39772455275015,1304.3583013039909,688.8567473427488,720.3500128787167,1070.6538970253898
613,13,8.556512576356178,10.042772844134378,70.48650759295516,603.1186886825461,530.5037797340831,491.70029677401186,603.1186886825461
614,14,6.07458287141438,5.690310801347255,152.2496744668971,924.8532646950283,376.6241380276916,396.67824286436013,439.74064255311623
615,15,8.990516444976164,7.527972302152636,97.44203070302927,876.054179467457,557.4120195885222,573.6192361856228,786.3022782580651
616,16,6.057475359559854,7.053541119790421,88.89444336641037,538.4759002938198,375.56347229271097,326.6386602869603,510.38292217550236
617,17,3.456349006612494,4.180225960956093,94.65381005030397,327.15660233945584,214.29363840997462,173.52686990898832,257.51782498792903
618,18,1.532701436950699e-15,1.4258828333992536e-15,57.986242615667116,8.887559738040485e-14,9.502748909094333e-14,9.305024276680437e-14,1.1368683772161603e-13
619,19,0.0,0.0,86.15157381293105,0.0,0.0,0.0,-8.306999199764505
620,20,0.0,0.0,59.137899527108566,0.0,0.0,0.0,0.0
621,21,0.0,0.0,69.98236937258594,0.0,0.0,0.0,0.0
622,22,0.0,0.0,65.3965447171838,0.0,0.0,0.0,0.0
623,23,0.0,0.0,45.46976561419171,0.0,0.0,0.0,32.67932371774816
624,0,0.0,0.0,17.275937843366435,0.0,0.0,0.0,236.058475015424
625,1,0.0,0.0,56.32605874113222,0.0,0.0,0.0,0.0
626,2,0.0,0.0,49.97899445355119,0.0,0.0,0.0,0.151525725560532
627,3,0.0,0.0,54.69879367736948,0.0,0.0,0.0,0.0
628,4,0.0,0.0,44.919216955322845,0.0,0.0,0.0,36.650764555756325
629,5,0.0,0.0,44.18395804472133,0.0,0.0,0.0,41.95463228303697
630,6,0.0,0.0,58.198096997983974,0.0,0.0,0.0,0.0
631,7,2.6172936835980734,2.3525678258085767,70.34033150753798,184.1013053568737,162.27220838308054,159.82488364677965,184.10130535687375
632,8,7.057644021756323,5.670672426350919,84.94315677397461,599.498562594952,437.573929348892,439.9419996859352,599.498562594952
633,9,4.9312509487007405,4.444705040462589,63.05182385287773,310.9243661918153,305.7375588194459,298.5799176856083,310.92436619181535
634,10,10.966534091986471,10.267415921435806,97.06205913386077,1064.434380529891,679.9251137031612,687.4731740376789,977.4234443247155
635,11,9.751399443001487,9.108329895072218,100.38009560020336,978.8464083242591,604.5867654660922,613.1299905185172,867.9004659899126
636,12,12.385952676895263,14.455955640414643,99.72851948569654,1235.2327228866645,767.9290659675063,638.2213361022177,1128.98699360077
637,13,13.483918954769146,12.520865864928062,127.56271045243645,1720.0452493913363,836.0029751956871,868.4309304628317,1413.0146468385756
638,14,8.756536718673015,10.275558033661321,60.13923216721513,526.6113947050205,542.9052765577269,522.8936286757142,526.6113947050205
639,15,6.630196167584383,6.032571197430375,134.90538507131035,894.4491670862973,411.0721623902317,434.4865342858258,534.4514064597804
640,16,3.4335525463784835,3.6322212386098016,82.19375342328428,282.21657136292293,212.880257875466,204.78605991607355,282.21657136292293
641,17,3.372187777839894,2.967290647030617,96.1571185232115,324.2598598362759,209.07564222607343,213.1723261636002,243.7768082044431
642,18,1.0682879302357284e-15,1.288215464433547e-15,88.38105689502314,9.441641634243043e-14,6.623385167461516e-14,5.5572573903980476e-14,-24.38961064061391
643,19,0.0,0.0,54.706446524865044,0.0,0.0,0.0,0.0
644,20,0.0,0.0,85.58018640819455,0.0,0.0,0.0,-4.185235869786993
645,21,0.0,0.0,85.80475428000202,0.0,0.0,0.0,-5.805179906764806
646,22,0.0,0.0,70.9441312892496,0.0,0.0,0.0,0.0
647,23,0.0,0.0,27.785363679191576,0.0,0.0,0.0,160.24762292077705
648,0,0.0,0.0,28.546035767438646,0.0,0.0,0.0,154.76043455525803
649,1,0.0,0.0,36.906165727147545,0.0,0.0,0.0,94.4537550307665
650,2,0.0,0.0,75.45519385353815,0.0,0.0,0.0,0.0
651,3,0.0,0.0,52.77425791136986,0.0,0.0,0.0,0.0
652,4,0.0,0.0,13.335965098484024,0.0,0.0,0.0,264.47988410906066
653,5,0.0,0.0,98.60881429486386,0.0,0.0,0.0,-98.16861775402958
654,6,0.0,0.0,92.50486560888746,0.0,0.0,0.0,-54.13713989265693
655,7,1.1461762704225424,1.082572475135436,46.462385707882646,53.25408396559457,71.06292876619763,69.3358815102331,78.77303790819701
656,8,6.463243921990845,6.507346711396964,63.665660139818264,411.4866909382152,400.72112316343237,399.94570460467685,411.48669093821525
657,9,8.180302284853182,8.2707797803304,71.4669223609879,584.6210282810142,507.1787416608973,504.70566119962615,584.6210282810143
658,10,10.762528164174931,9.996079125257378,91.85315438391203,988.5721610251612,667.2767461788458,672.5574771902786,939.1362088145765
659,11,10.252510611980634,11.714607477732718,90.91894366736992,932.1474347797796,635.6556579427993,560.1402854024886,889.4505101396242
660,12,13.433940082696994,13.47326114950046,74.87356965256836,1005.8470484902434,832.9042851272136,831.6620554763753,1005.8470484902434
661,13,6.517995919414683,6.65158171979527,122.1867154219083,796.4125125266814,404.11574700371034,391.9950539079185,528.1622173368232
662,14,12.543322121033855,16.26958802224488,127.42386860372855,1598.3186298048597,777.685971504099,415.19543665609797,1292.2895775766715
663,15,8.905558925326934,10.761863952143418,93.3826174085703,831.6244019332836,552.1446533702699,450.55228739188,771.1555068238258
664,16,4.9704238040698225,4.981823327499742,82.93841222168031,412.2390583783953,308.166275852329,307.69122333828227,412.2390583783954
665,17,2.6499892823791558,2.823771015938419,123.59205079231673,327.5176099868996,164.29933550750766,148.22625193714035,49.129779828553296
666,18,1.4811013977184576e-15,1.3172459874985633e-15,43.610861678920315,6.45921081883552e-14,9.182828665854437e-14,8.702865794774284e-14,46.088723383962474
667,19,0.0,0.0,63.58332920652619,0.0,0.0,0.0,0.0
668,20,0.0,0.0,94.58731220805629,0.0,0.0,0.0,-69.15908815042246
669,21,0.0,0.0,96.36039688069499,0.0,0.0,0.0,-81.94942151102168
670,22,0.0,0.0,56.10946151288505,0.0,0.0,0.0,0.0
671,23,0.0,0.0,102.92828324370879,0.0,0.0,0.0,-129.3275627548145
672,0,0.0,0.0,4.457786870690683,0.0,0.0,0.0,328.5235594735874
673,1,0.0,0.0,72.74650300934036,0.0,0.0,0.0,0.0
674,2,0.0,0.0,51.72830626792402,0.0,0.0,0.0,0.0
675,3,0.0,0.0,41.11882911706922,0.0,0.0,0.0,64.06526319810956
676,4,0.0,0.0,70.90486013596532,0.0,0.0,0.0,0.0
677,5,0.0,0.0,49.518165162164216,0.0,0.0,0.0,3.475766440131963
678,6,0.0,0.0,40.759308209155684,0.0,0.0,0.0,66.65870519965603
679,7,3.162913024624635,3.1693067449262546,69.59493878299214,220.12273832468,196.10060752672737,195.94080496919426,220.12273832467997
680,8,4.785592171571096,4.856630255008077,71.785751148039,343.5373287244063,296.70671463740797,294.73667308594986,343.5373287244063
681,9,7.913091867252808,9.037357872270233,61.76291272715818,488.73560239912035,490.6116957696741,473.518759143252,488.73560239912035
682,10,8.949468824074149,8.257657707991902,71.2298391794099,637.4692250799442,554.8670670925973,548.9329738012977,637.4692250799442
683,11,12.012234855617322,12.072264742613555,77.3688750848799,929.3730980344969,744.758561048274,742.6748580065766,929.3730980344969
684,12,13.39051259568695,11.535249977681678,56.00881478150618,749.9867398012559,830.2117809325908,793.1187938734461,749.9867398012559
685,13,9.905352300740457,10.332318847785873,59.84937654358914,592.8291596439226,614.1318426459084,608.6616665056777,592.8291596439226
686,14,9.911564036951322,9.93322186547585,113.17224353443433,1121.7139389969961,614.5169702909819,612.7959243542466,918.4904878658348
687,15,10.413874496558234,13.646030752869123,64.81883006027124,675.0151612614009,645.6602187866106,584.1731727953131,675.0151612614009
688,16,5.230497137318291,4.302909185029649,93.90313276243069,491.1600670991131,324.29082251373404,332.1079304462819,426.9363795660782
689,17,2.1409891700985906,2.3818377072381987,54.542835313234185,116.77561971210535,132.7413285461126,131.25323522796953,116.77561971210537
690,18,1.2944832100350965e-15,1.214901994471592e-15,117.6228101922733,1.5226075291104283e-13,8.025795902217599e-14,8.234434831706106e-14,-235.3280832876245
691,19,0.0,0.0,76.07705468614674,0.0,0.0,0.0,0.0
692,20,0.0,0.0,97.35430265761178,0.0,0.0,0.0,-89.11906569776693
693,21,0.0,0.0,110.81776268624279,0.0,0.0,0.0,-186.23915511629593
694,22,0.0,0.0,36.72351721211975,0.0,0.0,0.0,95.77130936478898
695,23,0.0,0.0,43.707142602493846,0.0,0.0,0.0,45.394190783362376
696,0,0.0,0.0,70.78965161508063,0.0,0.0,0.0,0.0
697,1,0.0,0.0,38.193847704119875,0.0,0.0,0.0,85.16492522919748
698,2,0.0,0.0,55.80738096733131,0.0,0.0,0.0,0.0
699,3,0.0,0.0,52.903400655340185,0.0,0.0,0.0,0.0
700,4,0.0,0.0,6.491480622144046,0.0,0.0,0.0,313.85329502663024
701,5,0.0,0.0,76.19571483884361,0.0,0.0,0.0,0.0
702,6,0.0,0.0,59.75709683284873,0.0,0.0,0.0,0.0
703,7,3.4518175032418914,3.996868673792784,43.255790913505265,149.31109619180904,214.01268520099725,218.33508343701422,197.96116000487967
704,8,5.649133820177155,5.749656687687551,103.2936465895036,583.5196323581914,350.2462968509836,343.4994976981502,451.5564825597503
705,9,10.33134612901587,11.268052735941081,61.61915183404183,636.6087857738692,640.543459998984,626.4704363332537,636.6087857738692
706,10,10.614453298076972,9.3976973032791,66.34255385449885,704.1899395637344,658.0961044807723,643.1992578878009,704.1899395637345
707,11,11.017624721037508,11.383748488266379,50.361775924861035,554.8671474251006,683.0927327043255,682.7441023650825,554.8671474251006
708,12,14.252990313056975,14.99051784518639,99.74847106332162,1421.713991807767,883.6853994095325,837.4530517802887,1315.324339711624
709,13,13.38002826058121,11.82969404745905,91.88922586770532,1229.4804389528272,829.561752156035,840.2852889524711,1179.7842812880713
710,14,9.797382489157224,9.869101242604442,59.82868446845685,586.1645055605719,607.4377143277479,606.5207287033946,586.1645055605719
711,15,6.3308844788730525,6.011165243132513,100.99550687217162,639.390886892948,392.51483769012924,396.90989977701514,524.0056104174799
712,16,6.73652105742848,6.956429159629176,109.87847245248102,740.1986434342136,417.66430556056577,401.0946499598383,560.7351575217405
713,17,3.728059043562361,3.136157246003706,100.38050189991202,374.22443790529576,231.1396607008664,239.00329888802818,263.275564685133
714,18,1.7448042592179618e-15,1.5250577462847174e-15,113.99420894121309,1.9889758128681086e-13,1.0817786407151363e-13,1.1334095270171392e-13,-209.15278531684055
715,19,0.0,0.0,69.38399293162736,0.0,0.0,0.0,0.0
716,20,0.0,0.0,110.35442114885578,0.0,0.0,0.0,-182.89679205014136
717,21,0.0,0.0,68.60239916247201,0.0,0.0,0.0,0.0
718,22,0.0,0.0,78.50990613014059,0.0,0.0,0.0,0.0
719,23,0.0,0.0,82.87484555372619,0.0,0.0,0.0,0.0
720,0,0.0,0.0,106.34140767934736,0.0,0.0,0.0,-153.94849598303824
721,1,0.0,0.0,29.228504486535996,0.0,0.0,0.0,149.83737444417724
722,2,0.0,0.0,35.211393105063706,0.0,0.0,0.0,106.67917615214475
723,3,0.0,0.0,54.64907869414096,0.0,0.0,0.0,0.0
724,4,0.0,0.0,45.93217968502776,0.0,0.0,0.0,29.34365102941399
725,5,0.0,0.0,41.28663931695475,0.0,0.0,0.0,62.85474661592599
726,6,0.0,0.0,32.003116588524875,0.0,0.0,0.0,129.82241730285963
727,7,2.5282465794823525,2.3828206785091677,70.11756030477936,177.27448200220599,156.75128792790585,155.38256410359153,177.274482002206
728,8,6.3337787292182375,6.730092395915854,87.8426694602068,556.3760313448064,392.6942812115307,373.74916551393136,535.8701352693918
729,9,6.023970532445296,5.345684922456627,85.64216212181478,515.905860956715,373.48617301160834,374.9998498239686,511.2735567377983
730,10,10.653597341765972,10.499310912501098,48.872649713446926,520.6695310722376,660.5230351894902,656.6125665348186,528.8017913087001
731,11,13.501486326711268,13.804369188608652,52.350929883189956,706.8153640085095,837.0921522560986,836.0506403612242,706.8153640085095
732,12,11.249195968403559,10.722167474582841,91.40320841736616,1028.2126036277855,697.4501500410206,700.9034548710754,982.0223841197537
733,13,12.27598708003573,11.031448880732649,87.12138694004496,1069.5010204707855,761.1111989622152,765.2692511227872,1054.1981719555947
734,14,7.836543873114481,7.225076402205345,89.59824321287036,702.1405638916403,485.8657201330978,489.04454531818806,668.9706513244083
735,15,10.957729416054207,9.14599009079576,87.34189350571734,957.0688357214727,679.3792237953608,685.7319430344697,940.1753398296098
736,16,7.386516685755905,7.63237243910401,82.94162872948309,612.6497245540982,457.9640345168661,447.7174954554412,612.6497245540982
737,17,3.204415164233877,3.525266215417223,94.38936069514001,302.46269875384775,198.67374018250038,180.71034835641825,234.73155472730417
738,18,1.5495833470735481e-15,1.455681081569341e-15,109.52449487063038,1.6971733334817107e-13,9.607416751855998e-14,9.796567570471622e-14,-176.9100312783462
739,19,0.0,0.0,62.78638815907366,0.0,0.0,0.0,0.0
740,20,0.0,0.0,84.05698972904104,0.0,0.0,0.0,0.0
741,21,0.0,0.0,70.18335648046131,0.0,0.0,0.0,0.0
742,22,0.0,0.0,26.83799544825984,0.0,0.0,0.0,167.08156360947825
743,23,0.0,0.0,44.209397856010575,0.0,0.0,0.0,41.77111952019982
744,0,0.0,0.0,53.55146608944598,0.0,0.0,0.0,0.0
745,1,0.0,0.0,94.13972760927611,0.0,0.0,0.0,-65.93038942339047
746,2,0.0,0.0,35.49638235286804,0.0,0.0,0.0,104.62337614447836
747,3,0.0,0.0,38.646791139934564,0.0,0.0,0.0,81.89756996581718
748,4,0.0,0.0,61.61250870249475,0.0,0.0,0.0,0.0
749,5,0.0,0.0,55.05681395910802,0.0,0.0,0.0,0.0
750,6,0.0,0.0,37.26608570077552,0.0,0.0,0.0,91.85743432658438
751,7,3.4224269188917478,3.850959441339805,32.45139709722625,111.06253498119264,212.19046897128837,221.3763865442705,237.65123353737968
752,8,6.795113355296236,6.752132456822265,34.41222406960253,233.83496336080273,421.29702802836664,419.74151355472975,346.27902966892924
753,9,9.62122473768972,10.807121381553971,93.18956681403006,896.5977655257351,596.5159337367627,531.9000324964442,837.5214612483649
754,10,12.775207788326945,13.032550355083652,59.25550313843484,757.0013651953645,792.0628828762706,788.9569179250553,757.0013651953645
755,11,13.155564239906404,15.33910656271752,132.14356496570034,1738.423157796516,815.644982874197,590.3482734013027,1398.3480778957805
756,12,8.760546007642693,8.435906598372483,81.41231598932765,713.2163398132498,543.153852473847,542.8484437266652,713.2163398132498
757,13,11.110596404021262,10.680022982152277,108.20955849020093,1202.2727314419549,688.8569770493183,697.1055448019846,1034.8481324800716
758,14,13.525602841302664,14.219698500885048,68.54153116837648,927.065528718228,838.5873761607652,822.153332948497,927.065528718228
759,15,10.516026378755745,8.92341489717493,97.01749707931384,1020.2385584869228,651.9936354828562,669.135108446907,933.5490753638724
760,16,6.427334272742656,6.244828427999836,121.79446889147395,782.8137641366598,398.4947249100447,403.850514358521,517.392980679215
761,17,3.963602796074568,3.9393793838635145,84.01375653091583,332.99716029466595,245.7433733566232,245.7678466914235,332.9971602946659
762,18,1.3742160887990115e-15,1.153807522168653e-15,65.78813428164113,9.040711258190104e-14,8.520139750553871e-14,8.241126765818305e-14,1.7053025658242404e-13
763,19,0.0,0.0,74.02448273149264,0.0,0.0,0.0,0.0
764,20,0.0,0.0,70.67548860497901,0.0,0.0,0.0,0.0
765,21,0.0,0.0,48.81582703235405,0.0,0.0,0.0,8.542156641770305
766,22,0.0,0.0,95.55911855278913,0.0,0.0,0.0,-76.16931575144315
767,23,0.0,0.0,57.69738499054973,0.0,0.0,0.0,0.0
768,0,0.0,0.0,78.95412275452786,0.0,0.0,0.0,0.0
769,1,0.0,0.0,72.33950126114847,0.0,0.0,0.0,0.0
770,2,0.0,0.0,84.02407254896636,0.0,0.0,0.0,0.0
771,3,0.0,0.0,25.67039758989599,0.0,0.0,0.0,175.50415395163643
772,4,0.0,0.0,66.24035942313306,0.0,0.0,0.0,0.0
773,5,0.0,0.0,47.24574489863288,0.0,0.0,0.0,19.86810976950727
774,6,0.0,0.0,59.65867172748493,0.0,0.0,0.0,0.0
775,7,3.007865932683522,2.66599062469059,45.74649883008312,137.59933537055363,186.48768782637836,177.0211175136663,168.2824148379162
776,8,7.027024976922412,7.848604691293655,117.99098902551684,829.1256269340851,435.6755485691896,365.43973703275094,591.1416467870662
777,9,10.838125114187267,11.550715228308768,60.60111830646193,656.8025022650987,671.9637570796106,662.1646468927783,656.8025022650988
778,10,13.065318710215491,14.738854633423546,92.69437765673862,1211.081586730368,810.0497600333605,719.8997736623021,1155.5773816855099
779,11,14.56706011261189,12.71682270274124,57.908849914477436,843.5616977564126,903.1577269819371,868.80184792572,843.5616977564127
780,12,11.553451183444299,8.790265555433129,84.86143559770342,980.4424535350687,716.3139733735466,720.8623888488312,980.4424535350687
781,13,15.197024957898167,16.362376737794783,110.79166582108819,1683.7037106101905,942.2155473896863,853.0782765403814,1497.652807984114
782,14,12.986110159749266,12.886279317685965,99.1472145210848,1287.5366498030994,805.1388299044545,806.3727801319328,1185.4842252117237
783,15,10.247030128911497,9.268126783758149,74.58275085266166,764.2516950843237,635.3158679925128,629.3808388183122,764.2516950843237
784,16,6.801969188679091,7.614689510200223,78.98378153122341,537.2452483807423,421.7220896981036,391.8710942311504,537.2452483807422
785,17,3.6936694412909072,4.269265778837155,94.41215677253675,348.7272983570854,229.00750536003625,196.76536371526072,280.8317124210732
786,18,1.7502298008623455e-15,2.1122614016707635e-15,87.15422005245586,1.5253991320672286e-13,1.0851424765346542e-13,9.15194796500877e-14,-15.539693635720823
787,19,0.0,0.0,55.210334864135405,0.0,0.0,0.0,0.0
788,20,0.0,0.0,67.37916459844782,0.0,0.0,0.0,0.0
789,21,0.0,0.0,65.61086558960565,0.0,0.0,0.0,0.0
790,22,0.0,0.0,73.8680051714612,0.0,0.0,0.0,0.0
791,23,0.0,0.0,77.58347023177939,0.0,0.0,0.0,0.0
792,0,0.0,0.0,66.77219694765755,0.0,0.0,0.0,0.0
793,1,0.0,0.0,57.64258881107955,0.0,0.0,0.0,0.0
794,2,0.0,0.0,57.253105715500126,0.0,0.0,0.0,0.0
795,3,0.0,0.0,60.39286626208218,0.0,0.0,0.0,0.0
796,4,0.0,0.0,72.48488377942306,0.0,0.0,0.0,0.0
797,5,0.0,0.0,91.16022878398624,0.0,0.0,0.0,-44.43746028636406
798,6,0.0,0.0,43.047458333760346,0.0,0.0,0.0,50.152892857802954
799,7,3.879079738887671,3.9937537841597845,57.94376475156362,224.76848384266404,240.5029438110356,239.30692723995978,224.76848384266404
800,8,8.718370827520097,7.715520535629783,90.56413202438495,789.5716866610763,540.538991306246,546.4789728856321,749.4342332430404
801,9,7.205139025728441,7.384525140018284,57.94295815648246,417.4870690794219,446.7186195951633,444.8478560384456,417.4870690794219
802,10,7.2703257182734955,6.811507761668155,57.91981335537943,421.0959086352158,450.76019453295675,442.244469031434,421.0959086352158
803,11,11.766891493685197,10.416562470695995,72.98304762285103,858.7836022565474,729.5472726084822,719.7402187266557,858.7836022565475
804,12,14.349244199215136,12.431223919798397,89.2408038263951,1280.5380866391956,889.6531403513384,899.1101366453581,1249.9466007989981
805,13,13.891577197708969,12.053405888700535,81.06638136538645,1126.1398948761816,861.2777862579561,859.0715873626752,1126.1398948761816
806,14,9.780828931073822,9.068856697935999,101.99514879237206,997.5971021376118,606.411393726577,616.7324006632292,875.0008032006133
807,15,11.0740521691992,11.837101166267141,87.12264287113764,964.8006922734891,686.5912344903504,650.8017157276504,949.4887839668506
808,16,5.640316009278785,4.717227266747477,87.10943950700677,491.3247662106722,349.69959257528467,352.775397771191,476.1081017642515
809,17,2.5279912018988324,2.5533249904161632,58.36695752185968,147.55115509686416,156.73545451772762,156.4578292079786,147.55115509686414
810,18,1.2226248739082923e-15,1.2776074444014864e-15,99.47559262163388,1.2162133388597778e-13,7.580274218231412e-14,7.23748818233031e-14,-104.42121466618494
811,19,0.0,0.0,93.70892058920391,0.0,0.0,0.0,-62.82271753053635
812,20,0.0,0.0,71.25999650736405,0.0,0.0,0.0,0.0
813,21,0.0,0.0,71.50945031180441,0.0,0.0,0.0,0.0
814,22,0.0,0.0,65.43771938387569,0.0,0.0,0.0,0.0
815,23,0.0,0.0,78.34966920085382,0.0,0.0,0.0,0.0
816,0,0.0,0.0,57.8043497411639,0.0,0.0,0.0,0.0
817,1,0.0,0.0,24.14324239083383,0.0,0.0,0.0,186.52044910707795
818,2,0.0,0.0,88.15933853273617,0.0,0.0,0.0,-22.790221841208222
819,3,0.0,0.0,76.63102714875025,0.0,0.0,0.0,0.0
820,4,0.0,0.0,54.34352779645526,0.0,0.0,0.0,0.0
821,5,0.0,0.0,60.41945938782303,0.0,0.0,0.0,0.0
822,6,0.0,0.0,68.28587601793421,0.0,0.0,0.0,0.0
823,7,3.410088968038623,3.4324958352195454,51.74478861322129,176.45433280343647,211.42551601839463,211.36544352641013,176.45433280343647
824,8,5.160708754260208,5.030256809429879,94.94755395460157,489.99667288910575,319.96394276413287,321.16549198734776,418.2389428916125
825,9,12.319138041112524,13.091185493422284,94.39847816039605,1162.9078833288647,763.7865585489765,720.5533698851162,1095.1109695047317
826,10,9.444624825090562,8.27569782501758,80.61467916981283,761.3754001539253,585.5667391556149,583.7677714639514,761.3754001539253
827,11,11.868806845886418,13.332146355112624,99.18667413194397,1177.227476957922,735.8660244449579,645.1633502094596,1074.890406300311
828,12,11.940206303822212,12.447013074434677,110.5245157124762,1319.6855192370053,740.2927908369771,701.6965945127665,1135.5617321058603
829,13,13.9012184329681,12.555947981332931,95.16677413853316,1322.934114860689,861.8755428440222,874.4875617621468,1249.5950169369344
830,14,8.330064763942083,8.245727377011349,75.00414933329432,624.7894215107251,516.4640153644092,515.9793378475031,624.7894215107251
831,15,11.698608508237005,16.570424059706646,106.05419167907675,1240.6864691110454,725.3137275106943,381.5207163009767,1088.8098360495292
832,16,6.410986636116106,6.185185920865314,94.66230724587935,606.8787866972493,397.4811714391986,399.5126396062068,537.1787139289179
833,17,4.555983275159751,4.863797338888738,68.78426269924469,313.37995045195356,282.4709630599046,275.08948073353093,313.3799504519535
834,18,1.6284838004381242e-15,1.7915306882796265e-15,108.19744531972125,1.761977869519558e-13,1.009659956271637e-13,8.902333175860975e-14,-167.33721932859225
835,19,0.0,0.0,86.21033734933282,0.0,0.0,0.0,-8.730896169618632
836,20,0.0,0.0,70.40970525878669,0.0,0.0,0.0,0.0
837,21,0.0,0.0,109.97060209046823,0.0,0.0,0.0,-180.12807277650268
838,22,0.0,0.0,51.59737305851245,0.0,0.0,0.0,0.0
839,23,0.0,0.0,38.464739292873226,0.0,0.0,0.0,83.21082017251035
840,0,0.0,0.0,56.47882958740487,0.0,0.0,0.0,0.0
841,1,0.0,0.0,47.74965128533245,0.0,0.0,0.0,16.233127882922645
842,2,0.0,0.0,38.826844935511446,0.0,0.0,0.0,80.5987329143174
843,3,0.0,0.0,79.02728251277844,0.0,0.0,0.0,0.0
844,4,0.0,0.0,30.90447422146596,0.0,0.0,0.0,137.74758993313745
845,5,0.0,0.0,63.51750015509771,0.0,0.0,0.0,0.0
846,6,0.0,0.0,64.2464970896424,0.0,0.0,0.0,0.0
847,7,3.4982033843972316,2.8752125484701634,66.89141291550733,233.99976704814043,216.88860983262836,209.51773094158108,233.99976704814043
848,8,8.720625006665085,8.382916958621237,93.4594747973561,815.0250330276087,540.6787504132352,543.4123640382804,754.0017190350795
849,9,9.032994394682913,8.879029206582107,117.68650092978794,1063.0615032286198,560.0456524703405,564.0895289975259,827.2739800860546
850,10,13.189307036103715,11.774083936662928,79.54731897274453,1049.174013830406,817.7370362384303,814.4261065547109,1049.174013830406
851,11,9.083644808619239,10.431501113530137,105.54022564866227,958.689922813974,563.1859781343928,468.936745836033,810.5208379403523
852,12,12.358792993083075,14.565240396057408,90.1522840321157,1114.1734162065468,766.2451655711507,654.3995633369766,1077.0068717339802
853,13,9.426563018636074,9.21517084076172,95.5821814462603,901.0114568618803,584.4469071554365,586.4945862536565,824.6757744950645
854,14,11.853397295596825,14.030447077326178,102.1001822587052,1210.2340242652792,734.9106323270031,592.0412444181713,1086.880055337021
855,15,10.780909888890665,11.331693389057707,96.39499580565116,1039.2257635207188,668.4164131112212,636.1990236360481,957.0267590140643
856,16,6.333178827849981,4.841998692185058,75.35699867345953,477.24934852907296,392.6570873266988,384.4820635443667,477.249348529073
857,17,2.255931991129142,1.7060428606400018,118.50042626010858,267.3289025626188,139.86778345000678,154.6462296287528,25.670043174196735
858,18,1.5335282140984864e-15,1.5962879624607436e-15,96.48932892993732,1.479691082734882e-13,9.507874927410616e-14,9.14002961684587e-14,-82.87948645158656
859,19,0.0,0.0,80.53626891239296,0.0,0.0,0.0,0.0
860,20,0.0,0.0,62.47062255894433,0.0,0.0,0.0,0.0
861,21,0.0,0.0,74.36931425329458,0.0,0.0,0.0,0.0
862,22,0.0,0.0,57.636898644415936,0.0,0.0,0.0,0.0
863,23,0.0,0.0,60.96571769142227,0.0,0.0,0.0,0.0
864,0,0.0,0.0,49.57168975556842,0.0,0.0,0.0,3.0896611383408867
865,1,0.0,0.0,34.2305064103312,0.0,0.0,0.0,113.75490581593704
866,2,0.0,0.0,82.20773997211268,0.0,0.0,0.0,0.0
867,3,0.0,0.0,31.975966532941577,0.0,0.0,0.0,130.01826709335631
868,4,0.0,0.0,37.734150209071245,0.0,0.0,0.0,88.4810016114688
869,5,0.0,0.0,70.88565094283702,0.0,0.0,0.0,0.0
870,6,0.0,0.0,68.69555334532444,0.0,0.0,0.0,0.0
871,7,4.073636670294181,4.8578936263270025,80.01612145812359,325.9566065865253,252.5654735582392,222.74790502189842,325.95660658652537
872,8,7.5642398852972095,6.275254498320412,81.19960647836696,614.213301994101,468.982872888427,467.5646085300267,614.213301994101
873,9,11.647257235097092,12.605563700298841,59.63892335763971,694.62988157067,722.1299485760197,710.104492129406,694.62988157067
874,10,6.499539282703202,7.178292353259214,97.72752326079555,635.1838764348315,402.9714355275985,362.1380552881974,543.3725445382596
875,11,10.746965194532653,9.795131399043864,73.71908700405936,792.2564622053503,666.3118420610244,659.9243855280012,792.2564622053503
876,12,11.549169433795175,12.389195409182966,111.02934862481796,1282.296759391936,716.0485048953009,651.5456942753017,1094.5313067837303
877,13,16.84581684450327,16.50262165220434,68.24818469179087,1149.6964192877408,1044.4406443592027,1040.7293790886831,1149.6964192877408
878,14,13.194123391624174,14.48327165215189,76.17782620692093,1005.0996386798164,818.0356502806987,775.2072022516238,1005.0996386798165
879,15,6.13858204381092,5.424624280371318,80.90693429235664,496.6538540668504,380.59208671627704,379.64980577361604,496.6538540668504
880,16,7.364319663956405,7.602475550726615,99.12449077823865,729.9844366178482,456.5878191652971,441.84463289262897,628.0959321430286
881,17,3.721130628912612,3.7535377813602446,90.10087861884921,335.27713912053724,230.71009899258192,229.06945130800176,298.4814130202481
882,18,1.5973783979821147e-15,1.7012930319024173e-15,89.7947479091586,1.4343619056233962e-13,9.903746067489112e-14,9.38164325317673e-14,-34.58741992671378
883,19,0.0,0.0,79.11175010016332,0.0,0.0,0.0,0.0
884,20,0.0,0.0,73.93686305567914,0.0,0.0,0.0,0.0
885,21,0.0,0.0,58.88913317302985,0.0,0.0,0.0,0.0
886,22,0.0,0.0,32.27942623216312,0.0,0.0,0.0,127.82922853561249
887,23,0.0,0.0,29.420436331398754,0.0,0.0,0.0,148.45285383092522
888,0,0.0,0.0,37.32051902878753,0.0,0.0,0.0,91.46477377182117
889,1,0.0,0.0,44.41033284168412,0.0,0.0,0.0,40.3216538008063
890,2,0.0,0.0,79.29164619697262,0.0,0.0,0.0,0.0
891,3,0.0,0.0,30.466407439493395,0.0,0.0,0.0,140.90763088442247
892,4,0.0,0.0,31.5001529191447,0.0,0.0,0.0,133.45059879859664
893,5,0.0,0.0,20.91417259963893,0.0,0.0,0.0,209.81368473838006
894,6,0.0,0.0,72.52477731437983,0.0,0.0,0.0,0.0
895,7,4.863285196290108,6.036599960685295,62.08482724317052,301.93622124594,301.52368216998667,283.21289200081765,301.93622124594
896,8,3.230965989194605,3.1539546574996136,47.83907396482974,154.56642093493,200.31989133006553,198.3083018597911,170.15448888449578
897,9,12.986786152252467,13.75122032812823,73.09845480304347,949.3140005872177,805.1807414396529,782.7269640250049,949.3140005872177
898,10,10.461120156571997,9.131372516358898,69.94507403791403,731.7038238709431,648.5894497074638,635.9020688740867,731.7038238709431
899,11,6.786052756778791,6.507260570012418,115.22681997924722,781.9352793750242,420.7352709202851,427.5434081778821,563.8909242850666
900,12,17.02132510454646,17.685261125370218,72.15282938751957,1228.1367662178445,1055.3221564818805,1036.605111729547,1228.1367662178445
901,13,14.16892805560564,13.521980389879888,124.37505143485193,1762.261155692668,878.4735394475497,898.7108960727764,1478.2250677866055
902,14,12.730756223928116,13.007818175935627,95.84369599405329,1220.1627293005681,789.3068858835433,773.2914250333503,1141.940584151385
903,15,10.696584753559451,11.024500134639776,85.18910083588082,911.2324371705215,663.1882547206859,648.6004877670559,909.8683383392546
904,16,6.958823766695707,7.018088989395701,88.04520572113726,612.6910701158628,431.4470735351338,428.59899393662096,590.7241573530416
905,17,2.6790324711328983,2.438057111724339,97.54019639474735,261.3133533822082,166.1000132102397,168.7881288391633,170.85332359834763
906,18,1.5952121142968638e-15,1.7537622249820397e-15,82.13645786366044,1.3102507260954502e-13,9.890315108640556e-14,9.24548273419219e-14,2.2737367544323206e-13
907,19,0.0,0.0,62.95779345402468,0.0,0.0,0.0,0.0
908,20,0.0,0.0,87.61848500785707,0.0,0.0,0.0,-18.88871787514904
909,21,0.0,0.0,88.359905146642,0.0,0.0,0.0,-24.237030271989283
910,22,0.0,0.0,83.04354998946434,0.0,0.0,0.0,0.0
911,23,0.0,0.0,54.11686621393461,0.0,0.0,0.0,0.0
912,0,0.0,0.0,75.18624854194128,0.0,0.0,0.0,0.0
913,1,0.0,0.0,57.16135333698524,0.0,0.0,0.0,0.0
914,2,0.0,0.0,44.14605202888213,0.0,0.0,0.0,42.22807132767889
915,3,0.0,0.0,39.63159740181237,0.0,0.0,0.0,74.79356609087677
916,4,0.0,0.0,71.76279708350539,0.0,0.0,0.0,0.0
917,5,0.0,0.0,23.664619118601287,0.0,0.0,0.0,189.97304857988524
918,6,0.0,0.0,90.27495424097182,0.0,0.0,0.0,-38.051438966831824
919,7,3.307730423528287,3.1711697427070797,69.73139546227495,230.65265824564918,205.0792862587538,203.75444917704476,230.65265824564915
920,8,5.980913582405671,5.0790185523226805,60.21293834574763,360.1283807886373,370.81664210915164,355.6284626245487,360.1283807886373
921,9,6.483458323145128,6.626937609502691,64.01178010909427,415.01770852764304,401.97441603499794,399.3896761285042,415.01770852764304
922,10,15.705768120938378,15.420390039326048,68.64811074430436,1078.171309290543,973.7576234981794,970.7571820511052,1078.171309290543
923,11,11.427709311497033,12.954816665666034,100.1904185700082,1144.946979215268,708.517977312816,611.9467270018816,1035.369292150668
924,12,18.672037457268846,17.10566664431387,90.37686997388953,1687.5203014231813,1157.6663223506685,1166.7241004174557,1648.7336825640282
925,13,11.874834616980987,12.389899007472085,83.02536315022249,985.9124564236796,736.2397462528212,714.71947838043,985.9124564236796
926,14,14.999857283803932,15.03324721435132,79.77537864519198,1196.6192944392994,929.9911515958438,928.7317093493386,1196.6192944392997
927,15,12.145956029340304,10.897060892569733,98.27879004922633,1193.6898625546705,753.0492738190989,767.6727025444545,1097.901909516727
928,16,8.961581284400678,9.348354997661373,146.70801157612192,1314.7357708122122,555.618039632842,508.669506852018,869.5985186223699
929,17,4.140217445739156,4.100341642729431,145.58180866887102,602.7403440331196,256.69348163582765,258.5750754924342,165.72707533808597
930,18,1.5965565931938965e-15,1.7872916234308373e-15,108.52387451061846,1.7326450736887496e-13,9.898650877802159e-14,8.493795004494594e-14,-169.69195073800233
931,19,0.0,0.0,65.98110940485182,0.0,0.0,0.0,0.0
932,20,0.0,0.0,90.08141872312093,0.0,0.0,0.0,-36.65535008927964
933,21,0.0,0.0,53.64688576801984,0.0,0.0,0.0,0.0
934,22,0.0,0.0,57.92252523757519,0.0,0.0,0.0,0.0
935,23,0.0,0.0,84.63512697179135,0.0,0.0,0.0,0.0
936,0,0.0,0.0,48.46773766408327,0.0,0.0,0.0,11.053136025985452
937,1,0.0,0.0,45.195319496942986,0.0,0.0,0.0,34.65906974076768
938,2,0.0,0.0,39.88513523696023,0.0,0.0,0.0,72.96464416678174
939,3,0.0,0.0,34.50972368506024,0.0,0.0,0.0,111.7407425450383
940,4,0.0,0.0,48.11220770086592,0.0,0.0,0.0,13.617788926889602
941,5,0.0,0.0,72.13091081531414,0.0,0.0,0.0,0.0
942,6,0.0,0.0,76.0374796543922,0.0,0.0,0.0,0.0
943,7,3.526282752526079,3.190103035364365,72.97360167521444,257.32555297701686,218.6295306566169,216.18557177117452,257.32555297701686
944,8,6.754838772143574,6.894437339986295,95.19297489625085,643.0131976648852,418.8000038729016,410.8441113738944,569.4850978109457
945,9,11.831126911198126,12.14671307751495,40.06964460867109,474.0690506517935,733.5298684942838,737.2894288962667,545.7027169985342
946,10,13.919171200225344,11.527498810222621,80.01559140177324,1113.7507154085606,862.9886144139714,858.2332367778229,1113.7507154085606
947,11,17.760793007320533,16.937540620182197,66.77979533347543,1186.0621219890868,1101.169166453873,1091.359987891966,1186.0621219890868
948,12,12.545192214558524,11.697545359833986,128.88077742928232,1616.8341256120825,777.8019173026285,807.1818515264954,1300.2955078553061
949,13,14.560270591731111,15.044194725044452,84.97618426198352,1237.2762367072828,902.7367766873289,881.3375400511871,1237.2762367072828
950,14,13.836927852765713,14.785987832150658,106.36226779052272,1471.7270256740094,857.8895268714742,790.5510309975789,1317.6280530781
951,15,7.996352359196319,8.690537199493134,114.94121112021966,919.1104247100507,495.77384627017176,439.0752485123091,703.1263392586923
952,16,9.544919481527192,9.120857573397826,83.95672639786314,801.3601934002121,591.7850078546859,592.1953067480949,801.3601934002121
953,17,3.9291861606247873,4.181550878909859,109.6216572327305,430.7238985035988,243.60954195873683,224.67535618556033,253.11297627484208
954,18,2.1433188960294947e-15,1.7574281466122479e-15,108.34662773524285,2.3222137454601934e-13,1.3288577155382868e-13,1.403180161201476e-13,-168.41336242288742
955,19,0.0,0.0,97.2662934289701,0.0,0.0,0.0,-88.48420184128736
956,20,0.0,0.0,64.55680604780851,0.0,0.0,0.0,0.0
957,21,0.0,0.0,39.91641692441846,0.0,0.0,0.0,72.73899041383521
958,22,0.0,0.0,105.26830502009742,0.0,0.0,0.0,-146.20755672968244
959,23,0.0,0.0,51.507136996172264,0.0,0.0,0.0,0.0
960,0,0.0,0.0,73.436288116826,0.0,0.0,0.0,0.0
961,1,0.0,0.0,41.55845627120266,0.0,0.0,0.0,60.893966337610436
962,2,0.0,0.0,91.9563419681693,0.0,0.0,0.0,-50.18030673673445
963,3,0.0,0.0,40.885921415434645,0.0,0.0,0.0,65.74536747746356
964,4,0.0,0.0,55.36092581220217,0.0,0.0,0.0,0.0
965,5,0.0,0.0,103.76267127196982,0.0,0.0,0.0,-135.34650883124152
966,6,0.0,0.0,30.53357624165901,0.0,0.0,0.0,140.42310164315853
967,7,2.7558695700585334,2.7804829411611007,91.6136231723675,252.4751963035369,170.86391334362906,169.57129222049795,204.76712775987454
968,8,8.077104708843237,8.562059512048526,70.28732886693408,567.7181149631264,500.78049194828066,488.2399675738968,567.7181149631264
969,9,10.815187832270198,11.895323166405262,89.47476024211059,967.6863382657677,670.5416456007522,616.7039737536676,935.4071831365458
970,10,13.957346810151337,14.63113121964774,71.973608942508,1004.5606211887937,865.3555022293829,846.511766117344,1004.5606211887937
971,11,18.34173185949872,18.132754629033975,113.17969637772248,2075.911642899664,1137.1873752889205,1141.9697716204992,1872.6344298971094
972,12,14.731357065923357,14.64464771576355,71.2233173840426,1049.2161198039178,913.3441380872481,912.5999540522871,1049.216119803918
973,13,11.696142227788375,12.372120859057407,93.08368857767341,1088.7200606916285,725.1608181228793,688.4182627637986,1030.407520243212
974,14,17.834869748630148,14.703026004131534,106.92694220290312,1907.028086808081,1105.7619244150692,1162.7464685485504,1748.8557757608291
975,15,5.541825119030522,5.074977744324997,80.16176165860678,444.2424643454048,343.5931573798923,342.71610113471775,444.24246434540476
976,16,8.988979645014023,11.252973018005092,94.36372628922483,848.2336148415167,557.3167379908695,430.63576340438055,780.6873873066758
977,17,3.92899099469124,3.704052216890425,70.5262191124709,277.09687978251935,243.59744167085688,241.5492985947601,277.0968797825193
978,18,2.285173365044873e-15,2.4709754495111332e-15,79.46174946451619,1.815838734161811e-13,1.416807486327821e-13,1.3474527951238672e-13,2.2737367544323206e-13
979,19,0.0,0.0,133.96147820053181,0.0,0.0,0.0,-353.1887888244818
980,20,0.0,0.0,101.83052542380511,0.0,0.0,0.0,-121.40877089876767
981,21,0.0,0.0,81.8529612672676,0.0,0.0,0.0,0.0
982,22,0.0,0.0,69.88473638522618,0.0,0.0,0.0,0.0
983,23,0.0,0.0,26.00688369890601,0.0,0.0,0.0,173.0768759023348
984,0,0.0,0.0,49.612248745426065,0.0,0.0,0.0,2.7970845857070685
985,1,0.0,0.0,69.29778211579304,0.0,0.0,0.0,0.0
986,2,0.0,0.0,41.1552428276796,0.0,0.0,0.0,63.802589054685825
987,3,0.0,0.0,58.0631143774842,0.0,0.0,0.0,0.0
988,4,0.0,0.0,33.28140013527676,0.0,0.0,0.0,120.60138406929482
989,5,0.0,0.0,35.566349022069794,0.0,0.0,0.0,104.11866419415202
990,6,0.0,0.0,108.12456182802596,0.0,0.0,0.0,-166.8114665714611
991,7,4.570032966650735,3.684451725939933,109.10546737813482,498.61558275991246,283.3420439323456,300.90232338507127,324.7282505094124
992,8,10.094798419841357,10.87033908108158,67.66742801935382,683.0890454445017,625.8775020301641,608.3624706888644,683.0890454445017
993,9,13.633921088836036,14.476502060983812,57.598630708495634,785.2951859046375,845.3031075078343,836.8787399600651,785.2951859046375
994,10,15.963443167454717,17.036069071745402,58.455465494632506,933.1505012506763,989.7334763821924,977.8602242770735,933.1505012506761
995,11,15.215161499910867,16.32503869075982,91.12688511198701,1386.5102739627055,943.3400129944737,885.7278347534747,1342.3133417723302
996,12,20.554242012728594,21.63336584493161,121.17613084363164,2490.6835195260705,1274.363004789173,1177.8136190263674,2229.723182816313
997,13,9.48417681178676,11.121223444984409,79.98811630609791,758.6214378887962,588.0189623307791,525.8355079706339,758.6214378887962
998,14,14.653111439573633,15.71046622574973,94.8574799671665,1389.9572248360141,908.4929092535652,848.6763929366249,1318.8492530504052
999,15,12.99065323589652,13.047884361225362,94.31958363331627,1225.2730043345525,805.4205006255843,802.2213105061193,1158.045204505509
1000,16,5.062692251558222,5.9983327867801846,127.67194992992114,646.363791651541,313.88691959660974,222.57781832379257,338.54517860231175
1001,17,3.977410420485006,4.23266984139441,96.61592075903953,384.2811700117574,246.59944607007037,231.5978751869768,300.4885000444981
1002,18,1.802945495841746e-15,1.9270973782887846e-15,59.57802060023949,1.0741592389236855e-13,1.1178262074218825e-13,1.1023413319141942e-13,1.1368683772161603e-13
1003,19,0.0,0.0,96.52190603529361,0.0,0.0,0.0,-83.11448483821789
1004,20,0.0,0.0,78.4199549682308,0.0,0.0,0.0,0.0
1005,21,0.0,0.0,51.186655755517066,0.0,0.0,0.0,0.0
1006,22,0.0,0.0,83.70138912986502,0.0,0.0,0.0,0.0
1007,23,0.0,0.0,51.06530416140281,0.0,0.0,0.0,0.0
1008,0,0.0,0.0,60.018356022769915,0.0,0.0,0.0,0.0
1009,1,0.0,0.0,53.741574280273205,0.0,0.0,0.0,0.0
1010,2,0.0,0.0,44.027704738653696,0.0,0.0,0.0,43.081781992321055
1011,3,0.0,0.0,34.61881981614979,0.0,0.0,0.0,110.95376609291523
1012,4,0.0,0.0,64.54065696318781,0.0,0.0,0.0,0.0
1013,5,0.0,0.0,32.91809205157456,0.0,0.0,0.0,123.22214526296995
1014,6,0.0,0.0,81.06862610539424,0.0,0.0,0.0,0.0
1015,7,5.252630286070675,5.75613653255204,49.04687784112802,257.6251159855177,325.6630777363818,326.01120331395595,264.5005632405009
1016,8,7.257115148767859,6.931364409515752,48.04252261213425,348.65011863354187,449.94113922360725,441.4820088323057,362.7705883003279
1017,9,10.759388447459724,8.572944520214245,103.40970588205323,1112.6251948225713,667.0820837425028,701.0972028363254,979.8248390721461
1018,10,13.489353534690101,11.36343483910949,81.18412287976382,1095.1213349288576,836.3399191507863,833.976093485591,1095.1213349288576
1019,11,17.395011975519314,18.76564597050757,43.18857684359567,751.2658113999828,1078.4907424821974,1089.475385650226,800.4007309979647
1020,12,12.34698429552032,12.674193442686416,89.09054711138734,1099.9995860636127,765.5130263222599,749.3609410204604,1070.4919928904008
1021,13,17.949320066485015,21.81949941487077,99.49411933219346,1785.8517926265947,1112.857844122071,871.4838563153841,1681.296933579073
1022,14,12.43130958283874,12.527816759722954,105.40305765852997,1310.2980407309879,770.7411941360018,764.0094496908371,1163.118431626498
1023,15,10.629620534240509,8.735958229284366,77.66047263654922,825.5013546362867,659.0364731229115,651.9264424283141,825.5013546362866
1024,16,6.748282571147889,6.563941198019446,80.67865877985871,544.442386907708,418.3935194111691,418.11866533343584,544.442386907708
1025,17,3.5262637550739595,3.544270757566004,94.50864201653454,333.26239888416563,218.6283528145855,217.61751527870288,264.6708064606156
1026,18,1.7909196592011635e-15,1.7081695709144328e-15,108.27044708219515,1.9390367219000255e-13,1.1103701887047214e-13,1.1262605518786642e-13,-167.86382524446367
1027,19,0.0,0.0,55.16709335916417,0.0,0.0,0.0,0.0
1028,20,0.0,0.0,49.83802156441638,0.0,0.0,0.0,1.168448535094285
1029,21,0.0,0.0,95.9455535041372,0.0,0.0,0.0,-78.95690504494996
1030,22,0.0,0.0,86.85288184971769,0.0,0.0,0.0,-13.36595871669465
1031,23,0.0,0.0,38.47536877675939,0.0,0.0,0.0,83.13414326900255
1032,0,0.0,0.0,45.59948504683957,0.0,0.0,0.0,31.743578903912066
1033,1,0.0,0.0,93.01009629016545,0.0,0.0,0.0,-57.78167471790664
1034,2,0.0,0.0,67.60357912907088,0.0,0.0,0.0,0.0
1035,3,0.0,0.0,49.8648066309892,0.0,0.0,0.0,0.9752316313339406
1036,4,0.0,0.0,76.20003151517363,0.0,0.0,0.0,0.0
1037,5,0.0,0.0,47.672658378650574,0.0,0.0,0.0,16.788524338635682
1038,6,0.0,0.0,65.6551778415766,0.0,0.0,0.0,0.0
1039,7,4.977412822797884,4.55410419926004,60.08919546153126,299.0887320018341,308.59959501346884,301.43166631936043,299.08873200183416
1040,8,4.97591915542587,5.58064906474012,86.91133868595719,432.46379499115983,308.50698763640395,280.30288456146366,418.67615171859086
1041,9,11.893194498909248,11.461081439417294,88.55562152141705,1053.2092307260066,737.3780589323734,739.2865796569955,1027.5603797349452
1042,10,9.772339393150483,11.61330432539029,86.57316638281753,846.0223642325789,605.8850423753299,520.8021639445365,834.6741625485726
1043,11,8.898155152566622,9.283243737474175,97.98823083382966,871.9144810849289,551.6856194591305,528.3934252866562,778.2225076035552
1044,12,18.860191284728877,19.446443994850114,106.71605556474746,2012.6852211028927,1169.3318596531903,1127.4763066953549,1856.0341630701923
1045,13,16.715008511469993,15.06573701397856,97.64441668870185,1632.127256049174,1036.3305277111394,1054.8573098670604,1540.9154221788035
1046,14,8.24504965190188,7.466666565998073,100.18982548898771,826.0700857720882,511.1930784179166,521.4228762470921,716.4966769600043
1047,15,7.549364407450049,6.989563274952768,103.82913532054775,783.843978645258,468.0605932619031,476.9456737010637,648.0180243871143
1048,16,8.509656779170708,8.414857474581487,116.39300405253151,990.4645159836684,527.5987203085839,529.996645306475,764.0077690393898
1049,17,4.818090612991363,5.457099253826425,72.0456909747155,347.12266739175334,298.7216180054645,280.79287990251856,347.1226673917533
1050,18,1.511174994881506e-15,1.6602157784004494e-15,95.81583461810834,1.447944933885871e-13,9.369284968265337e-14,8.50827944295724e-14,-78.02116417420757
1051,19,0.0,0.0,43.73084817197052,0.0,0.0,0.0,45.223188156816434
1052,20,0.0,0.0,69.34247558682121,0.0,0.0,0.0,0.0
1053,21,0.0,0.0,106.230116112553,0.0,0.0,0.0,-153.14568252382264
1054,22,0.0,0.0,46.69231561595372,0.0,0.0,0.0,23.860330291299647
1055,23,0.0,0.0,24.693139270782645,0.0,0.0,0.0,182.55370994507746
1056,0,0.0,0.0,34.43498541606399,0.0,0.0,0.0,112.2798749339239
1057,1,0.0,0.0,65.10253033097914,0.0,0.0,0.0,0.0
1058,2,0.0,0.0,47.37049646091001,0.0,0.0,0.0,18.96820121274021
1059,3,0.0,0.0,30.725170185411336,0.0,0.0,0.0,139.04101851521784
1060,4,0.0,0.0,77.50542551919088,0.0,0.0,0.0,0.0
1061,5,0.0,0.0,65.86763287434792,0.0,0.0,0.0,0.0
1062,6,0.0,0.0,39.367835002632326,0.0,0.0,0.0,76.6962439863907
1063,7,4.531994458024076,3.9940953609627217,62.111644195699135,281.4896272736717,280.98365639749267,272.69126037708577,281.4896272736717
1064,8,8.87706731626471,9.826345310266333,112.89625320123746,1002.1876394214503,550.3781736084121,475.2709982750502,800.9550736779775
1065,9,11.929362538416637,12.782040577340513,68.2933800836665,814.6964899919401,739.6204773818315,719.6961840435822,814.6964899919401
1066,10,17.712377370041473,16.630836683045075,41.942715027061126,742.9051964834159,1098.1673969425713,1065.133938967441,801.0272717432897
1067,11,20.132353214396428,23.28198656169924,88.28785774249239,1777.4423366142412,1248.2058992925786,1095.8901906907518,1753.725027893659
1068,12,16.273350612968496,12.569687447806206,93.84456499625236,1527.1655093055251,1008.9477380040468,1039.9971157344585,1463.3643065331823
1069,13,15.07243092495791,19.002652767431893,116.33474168534994,1753.4473582252585,934.4907173473904,606.6377930678638,1527.4108930137868
1070,14,14.909987858720664,17.2653202312387,82.82945025604559,1234.986097662147,924.4192472406811,826.5862473543788,1234.986097662147
1071,15,8.348569704613379,8.154133599354376,103.59000265068342,864.8283578303152,517.6113216860294,520.6625106543478,730.7274123166345
1072,16,6.120981018749343,5.810290863831749,98.64779589137484,603.8212861925648,379.50082316245926,383.2247077983963,505.37147057923517
1073,17,5.054741132707605,5.033870377347529,90.26347031863881,456.2584762005556,313.3939502278715,313.5128635007756,418.28987771911807
1074,18,2.1369132782941767e-15,1.9441099952386734e-15,93.973216887802,2.0081261497156266e-13,1.3248862325423897e-13,1.3412357825623907e-13,-64.72924676583273
1075,19,0.0,0.0,93.50990614732012,0.0,0.0,0.0,-61.387105856402854
1076,20,0.0,0.0,86.00637738850281,0.0,0.0,0.0,-7.259609472775082
1077,21,0.0,0.0,86.89016084698821,0.0,0.0,0.0,-13.634874696736006
1078,22,0.0,0.0,16.909493906787567,0.0,0.0,0.0,238.70185701468233
1079,23,0.0,0.0,27.41218825752636,0.0,0.0,0.0,162.9395631979309
1080,0,0.0,0.0,57.616510635334606,0.0,0.0,0.0,0.0
1081,1,0.0,0.0,53.16910476857268,0.0,0.0,0.0,0.0
1082,2,0.0,0.0,29.6653781706236,0.0,0.0,0.0,146.6859400303667
1083,3,0.0,0.0,44.154253637481474,0.0,0.0,0.0,42.16890815871267
1084,4,0.0,0.0,36.81952345681775,0.0,0.0,0.0,95.07875818923839
1085,5,0.0,0.0,69.07616780739282,0.0,0.0,0.0,0.0
1086,6,0.0,0.0,44.66801249595983,0.0,0.0,0.0,38.46285442743766
1087,7,4.5110523255622805,5.413935359977809,70.8505340712073,319.6104664892493,279.6852441848614,255.7018108284086,319.61046648924935
1088,8,8.563448049484396,8.19132447229778,90.96238461039844,778.951655068366,530.9337790680325,533.2490532454472,735.9413646023097
1089,9,9.368281617817786,10.087316824737215,58.94988720720569,552.2591446956969,580.8334603047027,572.4298377013196,552.2591446956969
1090,10,13.496441833272176,12.309607275692745,52.48887188282697,708.4130062606496,836.7793936628749,809.9173563721239,708.4130062606496
1091,11,18.10201920312201,14.85887329353995,65.44026833659476,1184.6009940864953,1122.3251905935645,1080.4243981328116,1184.6009940864953
1092,12,22.200872560704955,25.311746668475987,63.588737221450245,1411.7254513495725,1376.4540987637072,1322.0575982354292,1411.7254513495725
1093,13,15.896187104384753,14.129898483872084,89.81018649596747,1427.6395284195878,985.5636004718547,995.0267388105301,1392.9407406180344
1094,14,17.360888328236754,18.997831612043356,54.59682011290153,947.8492970569139,1076.3750763506787,1066.150687445424,947.8492970569139
1095,15,12.5664587376351,11.318555308737452,123.79625384482739,1555.680515814824,779.1204417333762,817.6147563849548,1275.8196453921478
1096,16,9.080109460208524,8.840454342332569,66.6265190399034,604.9760858349902,562.9667865329285,560.0837089302487,604.9760858349902
1097,17,3.6850467867946635,3.6147032940091335,64.17753888319405,236.4972334459038,228.47290078126915,227.49745841113355,236.49723344590382
1098,18,1.7146871523134265e-15,1.7093120507643764e-15,88.72747355358898,1.5213985895956834e-13,1.0631060344343244e-13,1.0633503653279724e-13,-26.888523756888276
1099,19,0.0,0.0,79.0109445077736,0.0,0.0,0.0,0.0
1100,20,0.0,0.0,102.42567411867844,0.0,0.0,0.0,-125.7019388021522
1101,21,0.0,0.0,63.05346717776738,0.0,0.0,0.0,0.0
1102,22,0.0,0.0,56.799582815504316,0.0,0.0,0.0,0.0
1103,23,0.0,0.0,70.27530301120919,0.0,0.0,0.0,0.0
1104,0,0.0,0.0,72.29888619676859,0.0,0.0,0.0,0.0
1105,1,0.0,0.0,11.956458405765815,0.0,0.0,0.0,274.4311011858996
1106,2,0.0,0.0,51.309350636794434,0.0,0.0,0.0,0.0
1107,3,0.0,0.0,93.95333167808604,0.0,0.0,0.0,-64.58580270749928
1108,4,0.0,0.0,40.88223097908896,0.0,0.0,0.0,65.77198882941349
1109,5,0.0,0.0,60.32638785633682,0.0,0.0,0.0,0.0
1110,6,0.0,0.0,82.89429629936167,0.0,0.0,0.0,0.0
1111,7,3.5048158493620574,3.8747397327853403,76.83355273494894,269.2874533882445,217.29858266044755,204.7056556765412,269.28745338824444
1112,8,6.896106199668374,7.649511656334494,50.55773664730984,348.6515211347143,427.5585843794392,426.6566293592738,348.65152113471436
1113,9,13.346764261220017,13.48697797186112,72.03992805497047,961.4999371449411,827.499384195641,823.5664022217576,961.4999371449412
1114,10,14.057302491176442,13.531792153036323,54.055857495673145,759.8795402366048,871.5527544529394,860.2762974515059,759.8795402366048
1115,11,8.280988198726122,7.674472904553452,66.95517746637243,554.4550344426433,513.4212683210196,506.2743244503642,554.4550344426433
1116,12,16.250051478198774,16.607133416631505,108.38868234396894,1761.3216677436299,1007.503191648324,981.2627208367107,1592.6049399636013
1117,13,16.906398738337394,18.683637145139233,105.28155645671964,1779.9319732500821,1048.1967217769184,924.4974709201847,1633.6288258841932
1118,14,19.830065398507735,19.361603545090066,122.19530566539237,2423.1409027353734,1229.4640547074796,1243.3522993237955,2154.828640917804
1119,15,13.240953663812583,12.652054221431985,109.62431592312475,1451.5304875652469,820.9391271563801,832.8456356176451,1273.900386592818
1120,16,7.433456108937937,6.513706844840395,90.0341851620088,669.2651637057837,460.8742787541521,465.9564810398891,632.9505378931025
1121,17,5.127938851718993,5.443021527893027,70.06365406615518,359.2821337792366,317.9322088065776,309.87253019724784,359.2821337792366
1122,18,1.8907821300522876e-15,1.6483659831250618e-15,115.44488963116112,2.1828113432045806e-13,1.1722849206324182e-13,1.2318796994887253e-13,-219.617423532119
1123,19,0.0,0.0,93.98816977110164,0.0,0.0,0.0,-64.83711096716286
1124,20,0.0,0.0,90.99603023663121,0.0,0.0,0.0,-43.25299674076723
1125,21,0.0,0.0,79.99520112935224,0.0,0.0,0.0,0.0
1126,22,0.0,0.0,86.22623096503234,0.0,0.0,0.0,-8.845546443369926
1127,23,0.0,0.0,26.84745682819052,0.0,0.0,0.0,167.01331294709755
1128,0,0.0,0.0,29.071665776421906,0.0,0.0,0.0,150.96874702731523
1129,1,0.0,0.0,33.41583113440806,0.0,0.0,0.0,119.63165187352277
1130,2,0.0,0.0,57.2820015221203,0.0,0.0,0.0,0.0
1131,3,0.0,0.0,41.706161210779385,0.0,0.0,0.0,59.82848117192907
1132,4,0.0,0.0,75.91402879285727,0.0,0.0,0.0,0.0
1133,5,0.0,0.0,56.98935654011115,0.0,0.0,0.0,0.0
1134,6,0.0,0.0,108.87449654958212,0.0,0.0,0.0,-172.22119980947764
1135,7,3.170852528402536,2.465794566249103,101.55573788342195,322.0182682414337,196.59285676095723,206.58127430524962,202.59170625748862
1136,8,10.617943662696288,13.253611037016329,71.7795978802003,762.1517264229607,658.3125070871698,585.2399539516924,762.1517264229607
1137,9,7.2841159200327725,7.623973174932165,50.627968203543944,368.77998919034746,451.6151870420319,451.17848397730654,368.77998919034746
1138,10,17.11809234579773,13.95947814192227,90.11087276380279,1542.5262413312057,1061.3217254394592,1078.9567567757022,1505.6584214118323
1139,11,15.808063792507145,15.398517108927111,60.34035174833948,953.8641297000705,980.099955135443,973.2422039619197,953.8641297000705
1140,12,9.412736062795835,8.530700094968491,72.02749008841832,677.9757534679246,583.5896358933418,576.5515335857808,677.9757534679247
1141,13,16.83940989714408,15.976449391488218,80.33416186993936,1352.7798804714314,1044.043413622933,1042.5337689838116,1352.7798804714316
1142,14,12.733874154921079,12.255074081052674,84.13775798826873,1071.3996218998197,789.5001976051069,790.0284665801946,1071.3996218998197
1143,15,11.262970904144032,11.54834992624197,103.7188520430166,1168.1824127717157,698.30419605693,678.998714715556,1033.151998571805
1144,16,8.849683267703137,9.326853050220235,98.4607680264681,871.3466113290348,548.6803625975945,519.5367600315843,774.2459409521355
1145,17,4.433734338633639,4.068649582642962,70.5642912508185,312.8633212000992,274.8915289952856,271.57773441358376,312.8633212000992
1146,18,2.4047464797111445e-15,2.192038357203099e-15,81.58578106678858,1.9619311981484398e-13,1.4909428174209095e-13,1.4892184688214392e-13,2.2737367544323206e-13
1147,19,0.0,0.0,54.274443782579795,0.0,0.0,0.0,0.0
1148,20,0.0,0.0,83.03715677271381,0.0,0.0,0.0,0.0
1149,21,0.0,0.0,31.32602079720118,0.0,0.0,0.0,134.70671923255856
1150,22,0.0,0.0,57.80524365972249,0.0,0.0,0.0,0.0
1151,23,0.0,0.0,44.40214830688315,0.0,0.0,0.0,40.380693806126544
1152,0,0.0,0.0,64.25891059817833,0.0,0.0,0.0,0.0
1153,1,0.0,0.0,34.67274578621541,0.0,0.0,0.0,110.5647654182286
1154,2,0.0,0.0,33.00036836494766,0.0,0.0,0.0,122.62863639564836
1155,3,0.0,0.0,58.78038277845929,0.0,0.0,0.0,0.0
1156,4,0.0,0.0,62.34125441635435,0.0,0.0,0.0,0.0
1157,5,0.0,0.0,36.39478928481719,0.0,0.0,0.0,98.14262295179401
1158,6,0.0,0.0,74.27526737714678,0.0,0.0,0.0,0.0
1159,7,5.0952711144555956,4.549229565338189,115.35260795589238,587.7528112947791,315.90680909624695,329.292720608194,368.8010713636609
1160,8,8.019216234311305,7.6741949830689835,61.40154049532472,492.39223035183096,497.1914065273009,491.6887161977042,492.39223035183096
1161,9,13.987230796748495,16.045461438999684,48.310860759421175,675.7351594316042,867.2083093984066,870.5249917572664,687.9199435611296
1162,10,15.498864979644765,16.751157972840627,78.79274571644929,1221.198127234731,960.9296287379755,915.2322900969031,1221.198127234731
1163,11,20.669808318606936,20.61309383816867,50.770545540478636,1049.4174445527976,1281.5281157536301,1280.1713868003792,1049.4174445527976
1164,12,19.94759397158215,16.640421676588932,77.84861692463124,1552.8926016617825,1236.7508262380934,1224.8002357710243,1552.8926016617825
1165,13,23.00127514858677,19.418767286231443,72.64780303053377,1670.992106445643,1426.07905921238,1399.159565901146,1670.992106445643
1166,14,16.486691830934205,15.590121479957958,103.20829607544653,1701.563371791703,1022.1748935179207,1035.9876554344112,1570.2159069315699
1167,15,16.346614255218892,14.771825727832274,53.50193586766299,874.5755075361468,1013.4900838235714,979.0438712236287,874.5755075361468
1168,16,7.854119288523457,7.11950841616095,61.01662434164893,479.23184616233476,486.95539588845435,475.0271285291545,479.23184616233476
1169,17,5.568260446512881,4.343526476648982,97.71887307677868,544.1241358312392,345.23214768379864,359.05835906769914,452.37520294973615
1170,18,2.7997168543371583e-15,2.343967288160859e-15,98.34872437246172,2.753485812281407e-13,1.7358244496890382e-13,1.7894276321602965e-13,-96.29243165722824
1171,19,0.0,0.0,38.52819446446649,0.0,0.0,0.0,82.75307959719765
1172,20,0.0,0.0,105.4163936982431,0.0,0.0,0.0,-147.2758100340185
1173,21,0.0,0.0,86.04269943339828,0.0,0.0,0.0,-7.521622375892889
1174,22,0.0,0.0,49.06885946554321,0.0,0.0,0.0,6.716880488028266
1175,23,0.0,0.0,59.23364510741187,0.0,0.0,0.0,0.0
1176,0,0.0,0.0,13.931998446336017,0.0,0.0,0.0,260.1803346680766
1177,1,0.0,0.0,64.9361483810514,0.0,0.0,0.0,0.0
1178,2,0.0,0.0,33.07465956265561,0.0,0.0,0.0,122.09272900267047
1179,3,0.0,0.0,43.732839952518844,0.0,0.0,0.0,45.20882023768246
1180,4,0.0,0.0,51.151649877434195,0.0,0.0,0.0,0.0
1181,5,0.0,0.0,81.48723024503319,0.0,0.0,0.0,0.0
1182,6,0.0,0.0,71.84661645385088,0.0,0.0,0.0,0.0
1183,7,5.991939735270499,6.695954353366916,58.48507708407284,350.43905730041416,371.5002635867709,363.68123339914496,350.43905730041416
1184,8,8.97174036730858,8.036572360118878,58.39191874232412,523.8771345051118,556.247902773132,539.2221770420522,523.8771345051118
1185,9,10.32564970702677,11.956714821430822,80.1898079246522,828.0118667037179,640.1902818356598,577.8228211328837,828.0118667037179
1186,10,18.136757624469997,19.147904334461128,73.74828192927833,1337.5547145724017,1124.4789727171399,1093.9571529362297,1337.5547145724017
1187,11,15.920951985736474,17.631096374974277,77.67582250693806,1236.6730405855494,987.0990231156615,927.0818851988157,1236.6730405855494
1188,12,22.043228629739513,22.60420033255169,81.25359632428744,1791.0916007648302,1366.6801750438499,1344.4842102561438,1791.0916007648302
1189,13,12.434090306165164,13.100999456454053,86.36797923764581,1073.907253401886,770.9135989822402,740.2624717432177,1064.03919083845
1190,14,15.811378323336331,15.87061209878379,58.620007934672415,926.8631227720832,980.3054560468526,979.6375946411816,926.8631227720832
1191,15,14.075014001106364,12.358096941531837,89.33683272126484,1257.4171713662997,872.6508680685946,881.2399594855956,1226.132970961148
1192,16,10.535303869728548,11.918564808191338,90.27279418635786,951.0513179227447,653.18883992317,582.8624806030134,913.0154607377737
1193,17,4.962497272195471,4.8041317986527625,93.10592232422442,462.03788555920715,307.67483087611924,308.9147441253511,403.5649596342081
1194,18,1.799163699981891e-15,1.8202249760922352e-15,67.43238449156323,1.2132189838044238e-13,1.1154814939887723e-13,1.1107868343202394e-13,1.1368683772161603e-13
1195,19,0.0,0.0,65.47248229721765,0.0,0.0,0.0,0.0
1196,20,0.0,0.0,107.78421865223463,0.0,0.0,0.0,-164.3563651639812
1197,21,0.0,0.0,53.717490948919995,0.0,0.0,0.0,0.0
1198,22,0.0,0.0,72.68428926459947,0.0,0.0,0.0,0.0
1199,23,0.0,0.0,41.385000250282424,0.0,0.0,0.0,62.14520964550684
1200,0,0.0,0.0,15.527499752344355,0.0,0.0,0.0,248.6710176591216
1201,1,0.0,0.0,48.77386009475196,0.0,0.0,0.0,8.844889574008334
1202,2,0.0,0.0,62.25590362509382,0.0,0.0,0.0,0.0
1203,3,0.0,0.0,44.17728706484918,0.0,0.0,0.0,42.00275410018611
1204,4,0.0,0.0,13.425124954412517,0.0,0.0,0.0,263.8367200812473
1205,5,0.0,0.0,12.656889395042768,0.0,0.0,0.0,269.37846834371607
1206,6,0.0,0.0,85.57203619613703,0.0,0.0,0.0,-4.126443455198
1207,7,5.611338496557966,6.387502328199288,65.62420270744501,368.2396149582097,347.9029867865939,332.3562285710842,368.2396149582097
1208,8,11.661180109161721,14.902171495808053,80.36169682330964,937.1122205344631,722.9931667680268,598.3701737143112,937.1122205344632
1209,9,9.077507660656034,10.246193231000813,81.20692072184451,737.1564449508307,562.8054749606741,516.6322847473602,737.1564449508307
1210,10,21.05178912814664,21.670672957998438,49.876272463985806,1049.984770409816,1305.2109259450917,1304.997200244349,1050.8772920450924
1211,11,20.262625199051442,21.769585249754613,73.65363562908925,1492.416013299737,1256.2827623411895,1210.9729273821795,1492.416013299737
1212,12,20.616594020785335,18.113778772345015,48.48621655130235,999.6206422420829,1278.2288292886908,1214.0683154782253,1010.5404788654442
1213,13,16.068619069276448,15.875177113421117,107.7762461159613,1731.8154435539675,996.2543822951397,999.897316914672,1567.5165891215597
1214,14,15.829344540695075,13.99556176006611,96.29659393481438,1524.3119634895845,981.4193615230947,1000.1651059672606,1442.8227912603902
1215,15,14.442004055934817,16.92020423741413,105.0059040569167,1516.4956922870933,895.4042514679586,723.7705996068631,1372.1809925907012
1216,16,5.582819580581345,4.598927435708929,119.86114885642192,669.1631687866077,346.1348139960434,373.58133314036627,417.6885933826345
1217,17,4.771901842362353,4.631140480397461,83.42823897129972,398.11136725219177,295.8579142264659,295.9383141925921,398.1113672521917
1218,18,2.5102549144308037e-15,2.1940056662009318e-15,72.6717614902213,1.8242464642117125e-13,1.5563580469470984e-13,1.5326514375857507e-13,2.2737367544323206e-13
1219,19,0.0,0.0,79.35322164605982,0.0,0.0,0.0,0.0
1220,20,0.0,0.0,100.35237474148383,0.0,0.0,0.0,-110.74597499520223
1221,21,0.0,0.0,37.204770276336504,0.0,0.0,0.0,92.29973961003964
1222,22,0.0,0.0,62.91361021499603,0.0,0.0,0.0,0.0
1223,23,0.0,0.0,73.42162842100254,0.0,0.0,0.0,0.0
1224,0,0.0,0.0,59.5089178228317,0.0,0.0,0.0,0.0
1225,1,0.0,0.0,72.31464065911905,0.0,0.0,0.0,0.0
1226,2,0.0,0.0,19.299232139143683,0.0,0.0,0.0,221.46322813921168
1227,3,0.0,0.0,72.59754269474817,0.0,0.0,0.0,0.0
1228,4,0.0,0.0,40.865091395707395,0.0,0.0,0.0,65.89562702249862
1229,5,0.0,0.0,15.419577377074518,0.0,0.0,0.0,249.4495270997986
1230,6,0.0,0.0,55.96384123046148,0.0,0.0,0.0,0.0
1231,7,5.095371930911496,6.114163413782729,49.43963886756105,251.9133481601716,315.9130597165128,316.1172779114032,255.95557231157147
1232,8,9.951002445586361,8.852492257873587,66.20037060140513,658.7600497533059,616.9621516263544,603.3958561401661,658.7600497533059
1233,9,7.6945969335447115,8.182182801858154,47.122147942290795,362.585935058791,477.0650098797721,478.5752169386601,383.3456245133327
1234,10,12.804441566388041,11.669019267397184,77.3781028254377,990.7833961462824,793.8753771160585,789.3718121298325,990.7833961462823
1235,11,20.81028360718306,20.420398851356225,66.78118861886432,1389.735474783352,1290.2375836453498,1285.5924543479546,1389.735474783352
1236,12,18.766047442524084,15.765745648688961,123.82166003419965,2323.643146613879,1163.4949414364933,1256.1029917559044,2043.599005963611
1237,13,14.005119002969598,16.315639558899903,94.01962329779244,1316.756012899956,868.3173781841151,740.0268122888276,1251.692008599412
1238,14,15.967915532714176,18.601205994871936,94.36091759459765,1506.7471617399383,990.0107630282789,842.6751413041745,1439.22119502013
1239,15,10.062221699728711,11.542437250397592,88.98757375026568,895.4126955961324,623.8577453831801,550.9801214228543,866.6479116278794
1240,16,6.904969724342872,7.701809275041859,118.16976685753673,815.9586624839469,428.1081229092581,359.80924514139076,576.6850495831709
1241,17,6.040473816081125,8.03081183185918,99.49986044754242,601.0263017371059,374.50937659702976,250.36239005857541,496.4300285482812
1242,18,2.5963763072425273e-15,2.6622819325138177e-15,117.76224307798267,3.0575509781540954e-13,1.609753310490367e-13,1.5535998698660155e-13,-236.33389711996597
1243,19,0.0,0.0,102.55639904903505,0.0,0.0,0.0,-126.64493687979825
1244,20,0.0,0.0,67.2960192541396,0.0,0.0,0.0,0.0
1245,21,0.0,0.0,83.12089499286121,0.0,0.0,0.0,0.0
1246,22,0.0,0.0,78.78238284067972,0.0,0.0,0.0,0.0
1247,23,0.0,0.0,76.21689367622187,0.0,0.0,0.0,0.0
1248,0,0.0,0.0,61.37749215125615,0.0,0.0,0.0,0.0
1249,1,0.0,0.0,23.98158812650049,0.0,0.0,0.0,187.68655919865571
1250,2,0.0,0.0,49.415878258297546,0.0,0.0,0.0,4.213623813255197
1251,3,0.0,0.0,53.07402557173245,0.0,0.0,0.0,0.0
1252,4,0.0,0.0,54.76925366481878,0.0,0.0,0.0,0.0
1253,5,0.0,0.0,80.27005216810579,0.0,0.0,0.0,0.0
1254,6,0.0,0.0,49.63491757623332,0.0,0.0,0.0,2.633560582937207
1255,7,3.93817977959479,3.955916009089269,69.5979013617448,274.0890478450561,244.16714633487697,243.72378712492716,274.08904784505614
1256,8,6.5696654687196325,6.37391051452967,70.39208286117508,462.452436044313,407.31925906061724,405.5171511177085,462.452436044313
1257,9,12.761598735779183,14.60766924250583,87.51613267286203,1116.8457680782792,791.2191216183094,703.7243037976779,1098.6953795706015
1258,10,21.220122373136324,22.693647962498908,108.93486981503129,2311.611268176638,1315.6475871344521,1206.3582758670195,2138.9545594469837
1259,11,15.091777712113382,13.698557297813114,95.64610593654368,1443.4697698235652,935.6902181510297,949.2526329687521,1366.6729614015487
1260,12,18.524879850791873,20.698617007932523,95.3977824936328,1767.2324587265239,1148.542550749096,1024.1021238477772,1692.226957660041
1261,13,14.178241888838267,14.090813718936529,70.00852031287693,992.5977352756163,879.0509971079725,878.2209881804274,992.5977352756163
1262,14,17.83153958316345,17.96668620737614,57.34933538235606,1022.6269439385983,1105.555454156134,1104.2463335101122,1022.6269439385983
1263,15,16.12815817745813,14.34038532527606,93.92486046778811,1514.8350064201704,999.945807002404,1015.0411269340909,1450.4545837920944
1264,16,11.463733956149097,11.741914990173589,86.28793273545716,989.1819045053695,710.751505281244,697.9941464505309,979.8912658310132
1265,17,6.104055315977565,6.796042664710497,98.961185893594,604.0645528292365,378.451429590609,335.7547843945821,503.35406536976376
1266,18,2.6023820945676477e-15,2.5272421277132173e-15,75.24159172912222,1.9580737108263688e-13,1.6134768986319417e-13,1.609292499496701e-13,1.1368683772161603e-13
1267,19,0.0,0.0,109.52888231468854,0.0,0.0,0.0,-176.94168056897013
1268,20,0.0,0.0,51.076456707704175,0.0,0.0,0.0,0.0
1269,21,0.0,0.0,64.6093174925766,0.0,0.0,0.0,0.0
1270,22,0.0,0.0,54.673006124660475,0.0,0.0,0.0,0.0
1271,23,0.0,0.0,79.27628787752363,0.0,0.0,0.0,0.0
1272,0,0.0,0.0,48.72701177719692,0.0,0.0,0.0,9.182834855561282
1273,1,0.0,0.0,39.291606439525204,0.0,0.0,0.0,77.24612676908293
1274,2,0.0,0.0,51.61404722832104,0.0,0.0,0.0,0.0
1275,3,0.0,0.0,35.07240857067451,0.0,0.0,0.0,107.68175575493382
1276,4,0.0,0.0,52.903935238407314,0.0,0.0,0.0,0.0
1277,5,0.0,0.0,54.727418102200666,0.0,0.0,0.0,0.0
1278,6,0.0,0.0,120.2845330950143,0.0,0.0,0.0,-254.52870227946016
1279,7,5.922049761713971,6.514549747032519,56.46940241037761,334.4146110885071,367.16708522626624,362.07943419214627,334.41461108850706
1280,8,10.150105103943979,9.889788871475076,67.55055584749883,685.6452416819507,629.3065164445267,626.3552896810056,685.6452416819507
1281,9,13.706083445393611,14.216304551403429,77.46716295850246,1061.7713997871397,849.7771736144039,832.0041552318503,1061.7713997871397
1282,10,11.41173601438702,6.999664952433889,86.36971126733467,985.6283446216514,707.5276328919953,719.7812048347921,975.7477878793119
1283,11,19.72353195990433,19.730669906385728,100.11233311277306,1974.568801730368,1222.8589815140685,1222.4082886010567,1865.55439235017
1284,12,17.02550442185715,18.633708792448587,123.9844545111746,2110.89787852155,1055.5812741551433,906.0495180939796,1829.6794027355122
1285,13,23.629990418499723,17.17517864295709,66.14252467267274,1562.9472242706383,1465.059405946983,1385.064236204305,1562.9472242706383
1286,14,11.194509681227665,11.238801165915461,102.3422304037176,1145.6710890528489,694.0596002361152,691.1395606232071,1020.5710802925416
1287,15,10.617435694687266,9.612042973279893,89.85678845729484,954.0486731764449,658.2810130706105,663.7026851563581,919.0137172099796
1288,16,7.916117696231352,9.379612809619205,99.15908181841716,784.9549623248247,490.7992971663439,400.13745458479093,682.8169317320478
1289,17,3.3585910064246396,2.8398238038920733,113.54065711871573,381.33662986246236,208.23264239832764,220.24495264169764,175.45558847052706
1290,18,2.726062319326918e-15,3.433025369929863e-15,120.05333396297141,3.2727287002602694e-13,1.6901586379826894e-13,1.0675598391875602e-13,-252.86092294712319
1291,19,0.0,0.0,98.96333193396319,0.0,0.0,0.0,-100.72596814810015
1292,20,0.0,0.0,81.3062548083041,0.0,0.0,0.0,0.0
1293,21,0.0,0.0,89.05628488088124,0.0,0.0,0.0,-29.260438958518648
1294,22,0.0,0.0,45.67207321335154,0.0,0.0,0.0,31.219956506149742
1295,23,0.0,0.0,42.806603067447305,0.0,0.0,0.0,51.890327733496235
1296,0,0.0,0.0,56.71828262483083,0.0,0.0,0.0,0.0
1297,1,0.0,0.0,74.12738046599834,0.0,0.0,0.0,0.0
1298,2,0.0,0.0,44.08762933582499,0.0,0.0,0.0,42.64950958810482
1299,3,0.0,0.0,47.0436168669821,0.0,0.0,0.0,21.326181651933382
1300,4,0.0,0.0,13.701396532033407,0.0,0.0,0.0,261.8438059072326
1301,5,0.0,0.0,105.0885807677444,0.0,0.0,0.0,-144.91109687299752
1302,6,0.0,0.0,57.90129133268148,0.0,0.0,0.0,0.0
1303,7,3.904361949462856,4.410372424027922,12.07009533840288,47.1260209656492,242.07044086669708,265.80859695194266,320.7373901483721
1304,8,10.74527265267351,11.646100791942672,72.24498893331238,776.2921038778219,666.2069044657576,640.7078504100493,776.2921038778219
1305,9,14.319207353980774,13.168553720308244,82.07181701411642,1175.2033657431002,887.7908559468079,887.2775065111612,1175.2033657431002
1306,10,8.937637195633378,8.892267489993872,78.10136619840029,698.0416755646058,554.1335061292694,553.9781613754686,698.0416755646058
1307,11,18.57815331205515,21.586851204938007,62.05008294184795,1152.7759539193892,1151.8455053474192,1105.0223324557257,1152.7759539193892
1308,12,19.440297892452573,16.29347693192585,101.42861068706723,1971.8024065741856,1205.2984693320595,1249.5788283597788,1853.2928900340748
1309,13,17.0409345560881,14.7342331430386,103.70682364500257,1767.261194754259,1056.5379424774621,1092.9379623519953,1632.317548672514
1310,14,19.701962409328576,20.98155234359838,97.11152630056768,1913.2876406863077,1221.5216693783718,1145.52758085837,1825.9198678549128
1311,15,12.725257337406033,12.587474232203775,76.2669323978388,970.5163410970481,788.965954919174,788.3046234741528,970.5163410970481
1312,16,11.693530859449979,9.342542829748512,77.66972366317277,908.2333105002631,724.9989132858987,716.1880983961627,908.2333105002631
1313,17,4.4778696308270405,4.853452225054968,83.71456092693846,374.8628900327577,277.62791711127653,261.61187299391867,374.8628900327577
1314,18,1.770939503408397e-15,1.867191049222353e-15,79.2105690757235,1.4027712586365831e-13,1.0979824921132062e-13,1.0623567040385899e-13,1.1368683772161603e-13
1315,19,0.0,0.0,93.97796124530618,0.0,0.0,0.0,-64.76347068925668
1316,20,0.0,0.0,67.10324954700012,0.0,0.0,0.0,0.0
1317,21,0.0,0.0,49.530453376561724,0.0,0.0,0.0,3.3871241090712942
1318,22,0.0,0.0,70.96395653555967,0.0,0.0,0.0,0.0
1319,23,0.0,0.0,104.85466361384658,0.0,0.0,0.0,-143.2237108032374
1320,0,0.0,0.0,37.612710684056665,0.0,0.0,0.0,89.35701843799615
1321,1,0.0,0.0,36.66066529978232,0.0,0.0,0.0,96.22469826581113
1322,2,0.0,0.0,47.55254030416854,0.0,0.0,0.0,17.655008742323048
1323,3,0.0,0.0,65.97823315548975,0.0,0.0,0.0,0.0
1324,4,0.0,0.0,64.6636850814533,0.0,0.0,0.0,0.0
1325,5,0.0,0.0,54.958578398213945,0.0,0.0,0.0,0.0
1326,6,0.0,0.0,53.77821295302813,0.0,0.0,0.0,0.0
1327,7,5.074391935099981,5.700944008512892,108.21614996017625,549.1311586054885,314.6122999761988,268.7047121099106,381.6590113794857
1328,8,9.139853569704156,8.877935697242046,92.9383174422606,849.4426124369436,566.6709213216577,568.6886680100207,792.1787220116373
1329,9,7.472261635574907,6.928354532510822,112.37279010297956,839.6788883690058,463.2802214056442,475.3982500617761,642.222378914332
1330,10,17.717439476235384,16.53028825457368,89.87669294963638,1592.384867659374,1098.4812475265937,1104.9007911591243,1557.2063285373208
1331,11,8.16941616806745,8.195838319809255,86.53877294390674,706.9712508526696,506.5038024201819,505.2838000903319,695.8711498690275
1332,12,15.613007626252083,16.21667222620475,94.71528274345573,1478.7904317961966,968.0064728276292,933.9633489412795,1408.708214686762
1333,13,15.365311904709932,14.539063838224502,125.57484853909853,1929.4967151899573,952.6493380920158,979.2389398233923,1636.805764284285
1334,14,14.099477670060947,13.397370301343638,101.59733906628308,1432.469413502669,874.1676155437788,884.1361389836868,1312.7427569969
1335,15,15.70644954236428,16.244011584422452,54.79434886543761,860.6246756617013,973.7998716265854,970.3095156475015,860.6246756617013
1336,16,9.884567222591269,11.109984920004173,119.22733305207575,1178.5105883235206,612.8431678006586,506.18996011856353,931.6081100968015
1337,17,4.271407139093802,4.396093759370393,120.77725444371328,515.8888268710256,264.8272426238157,253.7336785023738,257.8058271567084
1338,18,1.5371116737923549e-15,1.531968249322054e-15,112.24564772280534,1.7253409544710834e-13,9.5300923775126e-14,9.541502671635403e-14,-196.5393544807556
1339,19,0.0,0.0,54.61648152390716,0.0,0.0,0.0,0.0
1340,20,0.0,0.0,82.73762450591086,0.0,0.0,0.0,0.0
1341,21,0.0,0.0,89.03716364521397,0.0,0.0,0.0,-29.122505907590494
1342,22,0.0,0.0,62.81913975563074,0.0,0.0,0.0,0.0
1343,23,0.0,0.0,64.94202168278566,0.0,0.0,0.0,0.0
1344,0,0.0,0.0,64.54859824558785,0.0,0.0,0.0,0.0
1345,1,0.0,0.0,34.32393305778572,0.0,0.0,0.0,113.08096283727028
1346,2,0.0,0.0,59.40016103824547,0.0,0.0,0.0,0.0
1347,3,0.0,0.0,31.13918005371138,0.0,0.0,0.0,136.0545146489051
1348,4,0.0,0.0,51.29548351254069,0.0,0.0,0.0,0.0
1349,5,0.0,0.0,45.79201718855552,0.0,0.0,0.0,30.354727985973454
1350,6,0.0,0.0,80.00787347665668,0.0,0.0,0.0,0.0
1351,7,5.836139916197616,6.318290699526435,79.1484472397694,461.92141224107917,361.84067480425216,344.03216607574575,461.9214122410791
1352,8,6.816477642513096,7.261278092449277,82.9733143056654,565.5857418897803,422.62161383581196,404.066032312035,565.5857418897803
1353,9,12.047902882690677,15.063687223378512,80.03362300066726,964.237317261918,746.969978726822,632.2434241320601,964.237317261918
1354,10,13.149660746023844,13.82427394688902,88.29091121637437,1160.9955294526344,815.2789662534783,782.6522169283925,1137.2561941760387
1355,11,10.468913836760516,8.232223790807778,126.95997273989612,1329.1330153314364,649.072657879152,723.3754554763997,1026.4503248617027
1356,12,22.94107356353936,22.46151587999733,106.7935655392794,2449.9590431492707,1422.3465609394402,1431.0242407402425,2292.748858737366
1357,13,16.168341990928045,14.138338001225192,69.5454680708225,1124.434911688225,1002.4372034375388,982.4601393131035,1124.434911688225
1358,14,16.516986429430155,13.742127078110364,78.65483681406452,1299.140872266947,1024.0531586246695,1015.7039609378719,1299.140872266947
1359,15,13.188460431295484,13.871595518413798,87.01748656455365,1147.6266783874023,817.68454674032,785.7330493102891,1133.0733261931332
1360,16,11.624560702234016,8.731011976847734,85.04995339321574,988.6683459416104,720.722763538509,725.894880740886,988.3080018691687
1361,17,3.301477256950764,3.3445199673354957,74.8233246589856,247.02750465108423,204.69158993094737,203.3344896081514,247.0275046510842
1362,18,1.8233467180504984e-15,1.4628620162183958e-15,99.23380433107694,1.8093763144673447e-13,1.130474965191309e-13,1.1752664628000565e-13,-102.6770493216668
1363,19,0.0,0.0,80.24927543558165,0.0,0.0,0.0,0.0
1364,20,0.0,0.0,79.35050163299057,0.0,0.0,0.0,0.0
1365,21,0.0,0.0,34.34288952379322,0.0,0.0,0.0,112.94421836966742
1366,22,0.0,0.0,31.043204138891824,0.0,0.0,0.0,136.7468470366775
1367,23,0.0,0.0,46.49844283071004,0.0,0.0,0.0,25.25885208277407
1368,0,0.0,0.0,65.50841155321586,0.0,0.0,0.0,0.0
1369,1,0.0,0.0,60.4123930756419,0.0,0.0,0.0,0.0
1370,2,0.0,0.0,70.15024762790722,0.0,0.0,0.0,0.0
1371,3,0.0,0.0,36.836859008967394,0.0,0.0,0.0,94.95370635476843
1372,4,0.0,0.0,67.06293220578647,0.0,0.0,0.0,0.0
1373,5,0.0,0.0,87.92685006685048,0.0,0.0,0.0,-21.113141763161593
1374,6,0.0,0.0,81.03208810784996,0.0,0.0,0.0,0.0
1375,7,4.618767420012482,4.752914228269158,40.64775110711451,187.74250851031678,286.36358004077385,287.8647245603988,255.2059426357074
1376,8,9.233073407326179,8.834018007997336,92.15069228552234,850.834106408154,572.4505512542231,575.2890399771562,799.2518331516908
1377,9,13.697132278322945,11.83955471939707,79.63708759100982,1090.7997229944522,849.2222012560226,845.0014426780739,1090.7997229944522
1378,10,11.418569197203212,14.162565522886116,89.98445004564633,1027.4936695184883,707.9512902265991,569.4328120516263,991.5378132151377
1379,11,24.882953713633036,27.224410048795164,124.42473018473316,3096.0548020179945,1542.7431302452483,1323.7445820979478,2811.660351208161
1380,12,22.368620375339173,23.1129636693889,85.76689498087201,1918.4871145987088,1386.8544632710286,1353.2037310890125,1912.955036740675
1381,13,11.839674828733619,11.60611284589008,104.85576127994631,1241.4581174738817,734.0598393814844,737.9467360830197,1098.2264885404213
1382,14,13.1177246681793,15.355642948925427,93.9731727046494,1232.714205734853,813.2989294271166,689.1695114640665,1167.985277688853
1383,15,8.083936693273769,7.311278039285997,90.07115524023595,728.1295168521013,501.2040749829737,505.49493161401506,691.5482034794915
1384,16,8.695273921277122,9.394177086516494,99.31183204242998,863.5435832327952,539.1069831191816,495.6772871638036,760.3036727827396
1385,17,5.956521332472442,5.983538813727909,81.10343242947383,483.0943254028981,369.3043226132914,368.2403933693587,483.0943254028981
1386,18,1.9114381120809173e-15,1.8512254238019577e-15,90.41011311184921,1.7281333591953526e-13,1.1850916294901686e-13,1.1885885324427333e-13,-39.02642174224036
1387,19,0.0,0.0,75.43655042062758,0.0,0.0,0.0,0.0
1388,20,0.0,0.0,33.4327407806189,0.0,0.0,0.0,119.50967235647886
1389,21,0.0,0.0,58.694763075081134,0.0,0.0,0.0,0.0
1390,22,0.0,0.0,81.61091099835647,0.0,0.0,0.0,0.0
1391,23,0.0,0.0,67.71736402712452,0.0,0.0,0.0,0.0
1392,0,0.0,0.0,48.66409975420792,0.0,0.0,0.0,9.636657371110743
1393,1,0.0,0.0,52.82344212222766,0.0,0.0,0.0,0.0
1394,2,0.0,0.0,33.890699301864686,0.0,0.0,0.0,116.20614024520992
1395,3,0.0,0.0,36.89550747885704,0.0,0.0,0.0,94.53063942933994
1396,4,0.0,0.0,53.48302057819409,0.0,0.0,0.0,0.0
1397,5,0.0,0.0,53.007102499293666,0.0,0.0,0.0,0.0
1398,6,0.0,0.0,47.42862616392988,0.0,0.0,0.0,18.548876466860918
1399,7,3.3768837356786303,3.387609309751231,65.84165691474438,222.3396203655327,209.36679161207508,209.149040244199,222.3396203655327
1400,8,10.333373316117118,8.047784501803692,46.95137128973483,485.1660472404533,640.6691455992614,579.4462858891998,507.1576520965011
1401,9,15.764791152220413,12.624420505890615,102.91901026552767,1622.4967024292725,977.4170514376656,1025.116950455602,1493.2360312809406
1402,10,18.848407687580476,21.337191672218403,92.752638723832,1748.2395487656497,1168.6012766299896,1034.354281441565,1692.315071366308
1403,11,23.885512172730568,25.239392352660953,32.02155906249337,764.8513387769962,1480.9017547092951,1510.6506331835042,894.5407193480565
1404,12,13.828632075984432,15.201638821868032,104.95856003247202,1451.4333099141802,857.3751887110348,762.3655932523019,1307.4601313332905
1405,13,17.24134190286646,18.91516908103427,80.41667848016634,1386.4914483694313,1068.9631979777205,1004.4859555015186,1386.4914483694313
1406,14,22.60037873534346,24.263061006302127,73.037498444318,1650.6751267236457,1401.2234815912946,1352.5120901675587,1650.6751267236457
1407,15,11.39513212776173,12.583172617047195,107.62749380478897,1226.4295124854273,706.4981919212273,620.3244267564139,1063.2036985442119
1408,16,8.357295766084993,7.499192285466966,89.39149013451883,747.0711220252427,518.1523374972696,522.4802833154989,715.3926446027918
1409,17,3.631874064561589,3.878690808825753,83.44654201823266,303.06733173336806,225.1761920028185,214.733825370893,303.067331733368
1410,18,2.8510259532094455e-15,3.0059664810004082e-15,60.927265272263504,1.7370521454929982e-13,1.7676360909898563e-13,1.7456979352434467e-13,1.7053025658242404e-13
1411,19,0.0,0.0,99.78201092452474,0.0,0.0,0.0,-106.63159542365372
1412,20,0.0,0.0,95.73032279418192,0.0,0.0,0.0,-77.40431561013759
1413,21,0.0,0.0,71.75574027649546,0.0,0.0,0.0,0.0
1414,22,0.0,0.0,39.18269989830211,0.0,0.0,0.0,78.0317355947011
1415,23,0.0,0.0,63.37412137509572,0.0,0.0,0.0,0.0
1416,0,0.0,0.0,66.17074335318954,0.0,0.0,0.0,0.0
1417,1,0.0,0.0,50.320899915356414,0.0,0.0,0.0,0.0
1418,2,0.0,0.0,67.63140952276186,0.0,0.0,0.0,0.0
1419,3,0.0,0.0,54.242793516347454,0.0,0.0,0.0,0.0
1420,4,0.0,0.0,59.431251448146064,0.0,0.0,0.0,0.0
1421,5,0.0,0.0,86.93162979735604,0.0,0.0,0.0,-13.934015345517992
1422,6,0.0,0.0,52.66327209188348,0.0,0.0,0.0,0.0
1423,7,5.326967734836263,5.454078134384609,34.719156777397465,184.94782793391806,330.27199955984827,332.6363869693999,295.17780277052657
1424,8,9.870347792831563,8.667058671577397,66.15969845883991,653.0192336576123,611.9615631555569,597.0645717035321,653.0192336576123
1425,9,13.335075801852321,12.082605057324445,62.122200329528766,828.4042503721214,826.7746997148439,807.4761924279417,828.4042503721214
1426,10,18.83576992073663,21.016052395392176,46.41413387053113,874.2459466555936,1167.817735085671,1176.5003451965206,900.1129703178833
1427,11,23.21587415314736,25.18463084873599,88.51644796851085,2054.986716520564,1439.3841974951363,1343.6129256119711,2029.6204480865126
1428,12,21.198970403398484,19.63104319039209,81.91837638109942,1736.585236397384,1314.336165010706,1313.4562164842291,1736.585236397384
1429,13,25.288865426695118,22.99373623101913,44.173959362958996,1117.1093136941688,1567.9096564550973,1501.650354190085,1159.1360725230388
1430,14,15.677938496239312,16.895083908151495,120.95974660105792,1896.3994677320782,972.0321867668373,863.4632015534703,1637.0000415863828
1431,15,17.380597548609327,16.752683523975403,73.1971598292824,1272.2103766939908,1077.5970480137782,1073.137520901608,1272.2103766939908
1432,16,10.156370847340511,9.193405333330508,78.666526090521,798.9664122473192,629.6949925351117,626.8059944655963,798.9664122473192
1433,17,5.157270018795773,5.368884192791511,109.1611860660097,562.9737121144188,319.75074116533796,303.9957521758816,388.684447230169
1434,18,2.8904814109358534e-15,3.125048649569127e-15,96.06395960651083,2.7767108950351226e-13,1.792098474780229e-13,1.655861941019389e-13,-79.8110399572065
1435,19,0.0,0.0,103.30796942887527,0.0,0.0,0.0,-132.06646911142195
1436,20,0.0,0.0,31.40002749800935,0.0,0.0,0.0,134.1728640879839
1437,21,0.0,0.0,62.80886126104669,0.0,0.0,0.0,0.0
1438,22,0.0,0.0,65.17738783463622,0.0,0.0,0.0,0.0
1439,23,0.0,0.0,83.35315113813748,0.0,0.0,0.0,0.0
1440,0,0.0,0.0,36.45611832534765,0.0,0.0,0.0,97.70021944722652
1441,1,0.0,0.0,44.03926897227635,0.0,0.0,0.0,42.99836217296553
1442,2,0.0,0.0,52.815910604141315,0.0,0.0,0.0,0.0
1443,3,0.0,0.0,66.07974749407003,0.0,0.0,0.0,0.0
1444,4,0.0,0.0,31.16369202014606,0.0,0.0,0.0,135.87769499282135
1445,5,0.0,0.0,73.55531359889626,0.0,0.0,0.0,0.0
1446,6,0.0,0.0,50.69822505991168,0.0,0.0,0.0,0.0
1447,7,3.0284458109805374,3.0337843532024134,74.86125094688117,226.71324183484506,187.7636402807933,187.59506746234666,226.71324183484506
1448,8,12.49270169945976,14.070303835570327,63.723251083450634,796.0755671053247,774.5475053665051,746.6964165189081,796.0755671053247
1449,9,13.083717458752892,14.514639034166072,79.09365729395944,1034.839064813595,811.1904824426792,758.4365942429682,1034.839064813595
1450,10,16.407183609839674,13.887897747833145,81.17135990911513,1331.7934058892308,1017.2453838100598,1014.420054929813,1331.7934058892308
1451,11,10.265984415437146,9.13652591388386,112.47180657789136,1154.6338135046938,636.491033757103,661.7387852541414,956.463038261219
1452,12,24.024031887867608,20.27064946927679,74.5841549394633,1791.8121165953248,1489.4899770477916,1466.7374089865873,1791.8121165953248
1453,13,22.207998365191948,22.445068598905245,77.43281068323591,1719.6277330655207,1376.8958986419007,1368.647984974935,1719.6277330655207
1454,14,18.29581821081932,20.327083406082853,109.1887674956312,1997.6978407634858,1134.3407290707978,983.0399922676397,1823.2096143266017
1455,15,14.626518786574838,16.62308320297493,118.04999940206781,1726.6605340094932,906.84416476764,736.0131233816699,1488.2508762851603
1456,16,11.911964258103502,10.940394388667501,81.75366216931884,973.8467017299945,738.5417840024171,737.8764982572051,973.8467017299945
1457,17,1.834024465480568,1.8583102774642202,105.91222214328884,194.24560660420448,113.70951685979522,112.00003181060325,43.39308576800829
1458,18,2.4281229946783916e-15,2.2112875437217662e-15,70.42240664360456,1.7099426491192856e-13,1.5054362567006028e-13,1.4855238343726216e-13,2.2737367544323206e-13
1459,19,0.0,0.0,95.43387760119747,0.0,0.0,0.0,-75.2658769332212
1460,20,0.0,0.0,93.40209358022219,0.0,0.0,0.0,-60.60938852855941
1461,21,0.0,0.0,63.02542056426591,0.0,0.0,0.0,0.0
1462,22,0.0,0.0,84.71677929767367,0.0,0.0,0.0,0.0
1463,23,0.0,0.0,52.06820283543802,0.0,0.0,0.0,0.0
1464,0,0.0,0.0,53.83005530909753,0.0,0.0,0.0,0.0
1465,1,0.0,0.0,58.67441765440023,0.0,0.0,0.0,0.0
1466,2,0.0,0.0,30.798278920001515,0.0,0.0,0.0,138.51364094469926
1467,3,0.0,0.0,23.67409270199649,0.0,0.0,0.0,189.90470988652564
1468,4,0.0,0.0,58.945083222841745,0.0,0.0,0.0,0.0
1469,5,0.0,0.0,42.48366528805367,0.0,0.0,0.0,54.219873477653664
1470,6,0.0,0.0,38.08559655226266,0.0,0.0,0.0,85.94580633447612
1471,7,3.844695037144917,3.6369116265665884,82.30669636077616,316.4441470220697,238.37109230298486,238.31499540958623,316.4441470220697
1472,8,10.250448960033692,8.812492192742916,99.60197531491525,1020.9649642840745,635.5278355220889,653.7920167797693,915.6320747255261
1473,9,12.192067130135934,9.915578020457318,91.43035840718477,1114.725067432785,755.9081620684279,770.8709986743304,1068.338998608657
1474,10,22.458738541976707,25.613173119659397,47.90996738597076,1075.9974310761486,1392.441789602556,1399.1056612464374,1091.0741018524946
1475,11,21.938186584187363,23.14894126899633,80.8219083986339,1773.08610653933,1360.1675682196164,1312.9149783917135,1773.08610653933
1476,12,18.625740636991583,18.57021360475215,77.99597463252795,1452.7327942348404,1154.795919493478,1154.6014072431083,1452.7327942348406
1477,13,26.447592818188486,29.267733813195132,62.428526876458335,1651.0842590679063,1639.7507547276862,1594.5279365403803,1651.0842590679063
1478,14,14.515255093669264,14.545701341351064,92.68840067793107,1345.3957800643966,899.9458158074943,898.3059656584282,1289.9346905867856
1479,15,15.07435766391318,14.389747400238424,88.32944231331716,1331.5096056849295,934.6101751626171,937.5177709090553,1307.4923222752
1480,16,8.309738319551881,9.963040782264185,87.63171435845742,728.1966148124984,515.2037758122167,436.606367049706,709.2124656209922
1481,17,4.051144125009462,4.88879904864894,110.72434682134727,448.5602871208111,251.17093575058666,187.16954816415094,262.9949972020549
1482,18,1.5771786429082018e-15,1.3861816100949452e-15,113.49735453635267,1.7900560360131575e-13,9.778507586030851e-14,1.0220150328733477e-13,-205.56867364529273
1483,19,0.0,0.0,75.0051635211006,0.0,0.0,0.0,0.0
1484,20,0.0,0.0,71.4122044024942,0.0,0.0,0.0,0.0
1485,21,0.0,0.0,63.578858519335924,0.0,0.0,0.0,0.0
1486,22,0.0,0.0,72.79861261687422,0.0,0.0,0.0,0.0
1487,23,0.0,0.0,63.95105962023092,0.0,0.0,0.0,0.0
1488,0,0.0,0.0,39.157668328657465,0.0,0.0,0.0,78.21230346336222
1489,1,0.0,0.0,48.27671748142176,0.0,0.0,0.0,12.43108026776116
1490,2,0.0,0.0,20.06125433529298,0.0,0.0,0.0,215.96630062789285
1491,3,0.0,0.0,19.422862011044373,0.0,0.0,0.0,220.57141101432234
1492,4,0.0,0.0,29.733303272446687,0.0,0.0,0.0,146.19595514172798
1493,5,0.0,0.0,52.29392021355029,0.0,0.0,0.0,0.0
1494,6,0.0,0.0,74.7241779410958,0.0,0.0,0.0,0.0
1495,7,7.109204805525431,7.071848277995668,49.31616006847859,350.59868214888934,440.77069794257676,439.8363036041767,355.53163364546486
1496,8,6.258237308074679,7.755821778283165,69.45829373097392,434.6864851823906,388.0107131006301,350.8363727301987,434.6864851823906
1497,9,18.91396176615409,18.418620656506686,73.12827018482183,1383.1453063007064,1172.6656295015537,1169.1220595783732,1383.1453063007061
1498,10,24.331311913745747,22.036968839464215,100.5768978153571,2447.167872062387,1508.5413386522364,1539.3604997483208,2334.8022761848315
1499,11,19.2500404071639,18.038985702596015,80.78340605958195,1555.0838308752816,1193.502505244162,1191.7919565305588,1555.0838308752816
1500,12,26.99692564117744,26.496779440434878,78.46345807120402,2118.2721430979386,1673.8093897530014,1672.2327256455394,2118.2721430979386
1501,13,24.58156214981919,25.50169641583577,69.1628007054722,1700.1296839971233,1524.0568532887899,1501.556349203342,1700.1296839971235
1502,14,20.1098205550114,19.143736416263657,122.9623475887707,2472.7507450331173,1246.8088744107067,1276.0056380598703,2198.9053453722413
1503,15,17.60143040147681,14.87990220192757,102.8581527627095,1810.4506170773009,1091.2886848915623,1132.5024589924526,1681.628947946498
1504,16,6.479093547104055,7.205026186359344,71.26948752566429,461.76167673294447,401.70379992045144,382.04056458193264,461.7616767329444
1505,17,4.355032767931614,4.992029370412506,120.75386898437627,525.8870562814797,270.01203161176005,213.35606561623734,267.9727500454417
1506,18,3.0007138120093884e-15,2.8473808855109124e-15,101.83580050003181,3.0558009311747805e-13,1.860442563445821e-13,1.8824870088641522e-13,-121.44682321769108
1507,19,0.0,0.0,86.14968752405186,0.0,0.0,0.0,-8.293392255916046
1508,20,0.0,0.0,88.20626429030858,0.0,0.0,0.0,-23.128725744497046
1509,21,0.0,0.0,91.24615288383632,0.0,0.0,0.0,-45.05728284630777
1510,22,0.0,0.0,47.43963346805158,0.0,0.0,0.0,18.469474117220955
1511,23,0.0,0.0,49.529748464371636,0.0,0.0,0.0,3.392209067528313
1512,0,0.0,0.0,52.58086672727537,0.0,0.0,0.0,0.0
1513,1,0.0,0.0,26.05173376905462,0.0,0.0,0.0,172.75334518927906
1514,2,0.0,0.0,64.58763470096068,0.0,0.0,0.0,0.0
1515,3,0.0,0.0,45.3428640758665,0.0,0.0,0.0,33.594741353577604
1516,4,0.0,0.0,45.635829263345734,0.0,0.0,0.0,31.48140606354127
1517,5,0.0,0.0,44.46303803142145,0.0,0.0,0.0,39.94145935381982
1518,6,0.0,0.0,61.81890001273065,0.0,0.0,0.0,0.0
1519,7,5.443906503902819,5.610401795071134,69.12576362881924,376.314194206178,337.5222032419748,333.45851861614483,376.31419420617806
1520,8,13.097436091271645,12.722176585976037,87.03434197052601,1139.926731704846,812.041037658842,813.2702964142055,1125.2517912612159
1521,9,16.788227875273716,18.280360875420513,91.06265473061731,1528.7805985449754,1040.8701282669704,963.535384020412,1485.046998987426
1522,10,18.32518432031463,21.430037172397444,52.622210501433685,964.3117067811685,1136.161427859507,1124.4320292407933,964.3117067811685
1523,11,23.451046933577157,21.816031950427277,85.071136999737,1995.0072264736048,1453.9649098817838,1456.9134186476158,1994.4940722204833
1524,12,22.33389997195368,17.54339271411032,105.46511037903281,2355.4472257363727,1384.7017982611283,1466.6138808148457,2207.8199927854807
1525,13,26.879288459646066,24.70389167573464,74.61431097906427,2005.579588024005,1666.515884498056,1653.3780829987652,2005.579588024005
1526,14,21.05375693320115,21.811345608357463,81.9833070116951,1726.0566184042343,1305.3329298584713,1274.6663965382586,1726.0566184042343
1527,15,13.932903805646797,14.203847504264507,82.66598458017013,1151.777211154592,863.8400359501014,852.6412607493671,1151.777211154592
1528,16,12.179154328010585,13.468224130406924,100.23946467718147,1220.8319100605588,755.1075683366562,673.5103124305678,1110.9004237271104
1529,17,4.745565653993224,5.80664467661983,96.31717499418154,457.0794775420429,294.2250705475799,232.26180256920205,375.4418416696384
1530,18,2.4676105165997186e-15,2.530284437130204e-15,107.09293728590912,2.6426365830026344e-13,1.5299185202918256e-13,1.48487717301031e-13,-159.36973409231553
1531,19,0.0,0.0,79.24652904972443,0.0,0.0,0.0,0.0
1532,20,0.0,0.0,100.1999721575296,0.0,0.0,0.0,-109.64660287616505
1533,21,0.0,0.0,80.47971105790421,0.0,0.0,0.0,0.0
1534,22,0.0,0.0,86.0267934569338,0.0,0.0,0.0,-7.40688293645951
1535,23,0.0,0.0,45.40547897059806,0.0,0.0,0.0,33.14306220406263
1536,0,0.0,0.0,84.7023599146185,0.0,0.0,0.0,0.0
1537,1,0.0,0.0,39.74215497605357,0.0,0.0,0.0,73.99604736438539
1538,2,0.0,0.0,39.82728461211555,0.0,0.0,0.0,73.3819557527994
1539,3,0.0,0.0,42.97869287480897,0.0,0.0,0.0,50.648939751250964
1540,4,0.0,0.0,43.343179518301504,0.0,0.0,0.0,48.01967689218088
1541,5,0.0,0.0,95.19339329397317,0.0,0.0,0.0,-73.53111801005377
1542,6,0.0,0.0,72.9364144990045,0.0,0.0,0.0,0.0
1543,7,4.225126074916807,4.157524360846434,76.63518349697003,323.79331204908226,261.95781664484207,261.6520126943485,323.7933120490823
1544,8,9.436223338977593,9.742411007752832,32.019923558263756,302.1471499927669,585.0458470166108,591.774350294843,431.8483284461463
1545,9,18.623535733871886,19.773148751554867,94.71699090272992,1763.965264681809,1154.659215500057,1089.8253654244782,1693.870725585226
1546,10,19.65786212103024,20.42299877122439,53.360236239489126,1048.9481667414784,1218.787451503875,1215.1910833035984,1048.9481667414784
1547,11,18.261113841073886,18.761728368824812,79.8016922745998,1457.2677873368134,1132.189058146581,1113.2898007524213,1457.2677873368134
1548,12,22.29780559797882,19.629196178231144,66.81638344757157,1489.8587288739607,1382.4639470746868,1350.7402857465775,1489.8587288739607
1549,13,25.719253668347218,21.15491828916754,84.9792149371074,2185.601985504466,1594.5937274375276,1602.5101618526526,2185.601985504466
1550,14,16.20675701270196,17.62006325876509,120.27827529787179,1949.3207816594804,1004.8189347875215,879.9563748632071,1694.8372206599552
1551,15,12.466778303322737,10.508976820924735,72.5231036287015,904.1294548079225,772.9402548060098,758.0459427416154,904.1294548079225
1552,16,12.010453052913581,12.53694770443819,75.22519436532289,903.4886653210099,744.648089280642,727.7836795586157,903.4886653210099
1553,17,5.219899177608209,5.851154591268789,93.0841679915934,485.8899719476628,323.63374901170897,289.32172844518465,427.57397319635254
1554,18,2.054623979440897e-15,1.8004979329721218e-15,118.89998749061547,2.4429476545344124e-13,1.2738668672533562e-13,1.3429255965390425e-13,-244.5411364815676
1555,19,0.0,0.0,72.97820778743026,0.0,0.0,0.0,0.0
1556,20,0.0,0.0,60.67545939303968,0.0,0.0,0.0,0.0
1557,21,0.0,0.0,71.80763607957331,0.0,0.0,0.0,0.0
1558,22,0.0,0.0,62.64971873469712,0.0,0.0,0.0,0.0
1559,23,0.0,0.0,36.82255324557742,0.0,0.0,0.0,95.05690248835373
1560,0,0.0,0.0,45.24275650913269,0.0,0.0,0.0,34.316877848355546
1561,1,0.0,0.0,11.49269207256561,0.0,0.0,0.0,277.776528561472
1562,2,0.0,0.0,49.391723914761535,0.0,0.0,0.0,4.3878637188273615
1563,3,0.0,0.0,25.93306789359797,0.0,0.0,0.0,173.60935400207828
1564,4,0.0,0.0,102.72840206239968,0.0,0.0,0.0,-127.88569876438851
1565,5,0.0,0.0,68.41903316593596,0.0,0.0,0.0,0.0
1566,6,0.0,0.0,67.57545373345249,0.0,0.0,0.0,0.0
1567,7,5.666356008544629,5.310494849699041,76.41492250129416,432.99415525768035,351.31407252976703,349.6455078371453,432.99415525768035
1568,8,8.27511916293683,8.264164607558188,60.831122972984765,503.3847914167131,513.0573881020835,512.877989097622,503.3847914167131
1569,9,17.386473537970197,15.495039708901375,67.22892694544353,1168.8739593230855,1077.9613593541521,1056.0617619893414,1168.8739593230855
1570,10,22.419413709681894,18.778069838751954,81.74566881582749,1832.6899681566783,1390.0036500002775,1387.4883975908076,1832.6899681566786
1571,11,26.801960311081523,25.733402340749393,53.153600666771425,1424.620695461884,1661.7215392870544,1638.0692228597097,1424.6206954618842
1572,12,20.91852926440482,24.519340525694457,95.81685535946819,2004.3476928602793,1296.948814393099,1088.9260978433897,1926.3191654605762
1573,13,9.070375130964406,9.683334318784365,136.39882394455623,1237.1885005994952,562.3632581197932,495.85808733381464,866.4176610911528
1574,14,7.392031970749444,8.472661530497168,66.65278101707771,492.6994882176001,458.3059821864655,435.27130813276665,492.69948821760005
1575,15,11.786282880881906,10.972905046972187,102.92758983415465,1213.1336900327315,730.7495386146782,743.1093779639151,1083.811129260896
1576,16,10.475608178203746,9.449222786288207,74.3826804820405,779.2038159743796,649.4877070486323,643.1107852435845,779.2038159743796
1577,17,7.021794322189423,6.587684543351136,102.98960449571848,723.1718200925702,435.3512479757442,441.96803751047963,593.4019100165046
1578,18,2.301371758045131e-15,2.4432526143239564e-15,94.27807861552202,2.16968907528521e-13,1.4268504899879813e-13,1.3476134393521946e-13,-66.92839900407546
1579,19,0.0,0.0,119.0625920091459,0.0,0.0,0.0,-245.71410133205575
1580,20,0.0,0.0,109.03081600641531,0.0,0.0,0.0,-173.3488267042885
1581,21,0.0,0.0,39.56764169081558,0.0,0.0,0.0,75.25491735998776
1582,22,0.0,0.0,77.78482179824712,0.0,0.0,0.0,0.0
1583,23,0.0,0.0,72.26384531505872,0.0,0.0,0.0,0.0
1584,0,0.0,0.0,77.12770787002206,0.0,0.0,0.0,0.0
1585,1,0.0,0.0,60.300144964313446,0.0,0.0,0.0,0.0
1586,2,0.0,0.0,61.930429631676226,0.0,0.0,0.0,0.0
1587,3,0.0,0.0,30.199848160859716,0.0,0.0,0.0,142.8304843649682
1588,4,0.0,0.0,61.788551933019704,0.0,0.0,0.0,0.0
1589,5,0.0,0.0,52.99077603039705,0.0,0.0,0.0,0.0
1590,6,0.0,0.0,76.17263554552781,0.0,0.0,0.0,0.0
1591,7,4.626704081511767,3.9737113899032868,64.60027014837051,298.88633356222863,286.85565305372955,278.0077343861184,298.88633356222863
1592,8,13.50834690219076,15.687892497690926,75.73418385214921,1023.0436278291254,837.5175079358272,766.316701302148,1023.0436278291254
1593,9,9.694134404422554,8.706539978970513,88.45957719357627,857.5390306729204,601.0363330741984,605.3271176818371,832.5830055741781
1594,10,17.568500307699306,20.519519333873077,88.64645713873857,1557.385309518382,1089.247019077357,945.2134716759867,1531.0812062178923
1595,11,26.344357572825754,23.73862961357203,58.23826624851841,1534.2497104723984,1633.3501695151967,1585.609845038136,1534.2497104723984
1596,12,26.38935782722238,18.90754763934628,125.41908035490731,3309.7289898468057,1636.1401852877875,1876.039268504517,3018.161689172578
1597,13,16.02768604946392,16.299208436478185,93.97196333178978,1506.1531257336621,993.7165350667631,978.6565583163168,1441.4329216263834
1598,14,17.41473231435389,18.838039627415757,101.21286467401777,1762.5949450669445,1079.7134034899414,987.8871938166888,1645.6417351548844
1599,15,17.03664863451868,14.914864849814583,89.22746131593811,1520.1369069897455,1056.2722153401583,1066.7126561163564,1489.6416687564702
1600,16,14.30037379987463,17.020431529411937,65.64495273968836,938.7473622526477,886.623175592227,832.0691784426645,938.7473622526477
1601,17,6.988753342509512,8.136526413980384,104.84957548369587,732.767821122383,433.30270723558976,354.0352385476105,589.5808140828259
1602,18,3.0578322243585344e-15,2.992972690966687e-15,92.86711649245814,2.8397206139389643e-13,1.8958559791022914e-13,1.9008179522229496e-13,-56.75027486164015
1603,19,0.0,0.0,99.24678534604384,0.0,0.0,0.0,-102.7706892427309
1604,20,0.0,0.0,61.70217571701758,0.0,0.0,0.0,0.0
1605,21,0.0,0.0,61.883480525692995,0.0,0.0,0.0,0.0
1606,22,0.0,0.0,67.85708238999038,0.0,0.0,0.0,0.0
1607,23,0.0,0.0,58.28745191758764,0.0,0.0,0.0,0.0
1608,0,0.0,0.0,47.62610793702101,0.0,0.0,0.0,17.124320860771945
1609,1,0.0,0.0,56.22878026695579,0.0,0.0,0.0,0.0
1610,2,0.0,0.0,78.59604915850753,0.0,0.0,0.0,0.0
1611,3,0.0,0.0,60.008691357165404,0.0,0.0,0.0,0.0
1612,4,0.0,0.0,76.80969339635719,0.0,0.0,0.0,0.0
1613,5,0.0,0.0,53.965346964895424,0.0,0.0,0.0,0.0
1614,6,0.0,0.0,63.590610906917185,0.0,0.0,0.0,0.0
1615,7,7.3231076459536215,8.130607962935763,69.68809222681662,510.33340101812195,454.0326740491245,433.75624799822344,510.33340101812195
1616,8,8.453650789142655,8.823816452145469,61.646590834194164,521.1387512534399,524.1263489268446,518.5523060730158,521.1387512534399
1617,9,10.297250524886058,11.743424324545375,80.73332866210936,831.3313109417043,638.4295325429356,582.1492772837794,831.3313109417043
1618,10,7.348829084757359,7.524760949501588,115.13559613953177,846.1118176010682,455.6274032549562,441.21515371001556,628.7255153037379
1619,11,27.00743379266849,28.610771109644066,107.35877628100728,2899.485042471212,1674.4608951454463,1558.702393402718,2738.19765073963
1620,12,26.404879114032887,20.384256241806913,104.5334411003662,2760.1928756290467,1637.1025050700391,1735.8412067930421,2619.2863373183272
1621,13,21.972494256257463,20.240669302524424,89.80955177412403,1973.3398605139976,1362.2946438879626,1371.5723138910198,1938.64565134543
1622,14,23.922668356975688,27.555214691306265,68.35870432266618,1635.3226128237036,1483.2054381324926,1398.0281098523774,1635.3226128237036
1623,15,11.95937498619186,10.960376440178996,141.08008767388293,1687.22967157679,741.4812491438953,785.24744113428,1282.6900422464337
1624,16,10.379684250297009,10.309274562709435,80.54426817666115,836.0240718449883,643.5404235184145,643.4283454574513,836.0240718449884
1625,17,6.202764447195571,5.362237019820722,120.18085592265707,745.4535403505906,384.57139572612544,408.22017446516855,491.6727242926947
1626,18,2.9636825330436463e-15,2.727509025913558e-15,94.8196355941129,2.81015297799836e-13,1.8374831704870606e-13,1.8590097401893454e-13,-70.83497740770451
1627,19,0.0,0.0,60.81119388505307,0.0,0.0,0.0,0.0
1628,20,0.0,0.0,45.3634208564518,0.0,0.0,0.0,33.44645284792182
1629,21,0.0,0.0,96.33854804408993,0.0,0.0,0.0,-81.79181262294526
1630,22,0.0,0.0,51.01494458921238,0.0,0.0,0.0,0.0
1631,23,0.0,0.0,32.12309389261625,0.0,0.0,0.0,128.95694836123772
1632,0,0.0,0.0,47.97378818274346,0.0,0.0,0.0,14.616292725224866
1633,1,0.0,0.0,50.75019886293193,0.0,0.0,0.0,0.0
1634,2,0.0,0.0,57.41957574878161,0.0,0.0,0.0,0.0
1635,3,0.0,0.0,57.2356668045629,0.0,0.0,0.0,0.0
1636,4,0.0,0.0,38.699606567918615,0.0,0.0,0.0,81.51658030360693
1637,5,0.0,0.0,57.35433627231013,0.0,0.0,0.0,0.0
1638,6,0.0,0.0,96.85029857483768,0.0,0.0,0.0,-85.48337907024097
1639,7,4.046241733696355,3.219888870680697,45.76578438970728,185.17942677298277,250.86698748917405,227.99712520114718,215.72338782121673
1640,8,9.994659841002061,7.906228202394668,78.86948759334074,788.273700329573,619.6689101421277,613.721298456484,788.273700329573
1641,9,12.672977678116679,11.467435088552575,52.83519767646396,669.57928077271,785.724616043234,758.7522862605214,669.57928077271
1642,10,20.36898207426994,24.39475809740185,65.26450746269367,1329.3715825936642,1262.8768886047362,1184.0496404078824,1329.3715825936642
1643,11,7.384281631419186,9.75331551878682,111.58179005897146,823.9513627333349,457.82546114798953,274.2792598362273,632.2008155529027
1644,12,25.15553420248858,28.381471912787045,37.55974432991023,944.8354331277834,1559.6431205542922,1608.1945140640141,1034.574529949786
1645,13,23.936606688586426,18.92961926915872,123.83823767699002,2964.267188281795,1484.0696146923585,1638.678768257431,2684.103463056186
1646,14,18.11083646097237,15.687498803239697,62.11438155187177,1124.9434061603888,1122.871860580287,1085.518015726931,1124.9434061603888
1647,15,17.718215944252133,15.358836070522482,47.27829389683305,837.6870207399056,1098.5293885436322,1035.9084276857413,857.3203348767181
1648,16,13.056472619118766,12.608111140067203,89.18407257672945,1164.4294016595688,809.5013023853635,811.6929177004249,1134.247152674432
1649,17,6.556836958166315,5.895037661040454,80.88945195169971,530.378948082723,406.5238914063115,405.64177181940636,530.378948082723
1650,18,3.355997962844754e-15,3.606846664466243e-15,75.12967923130104,2.521350504494261e-13,2.0807187369637475e-13,2.0006676508639354e-13,2.2737367544323206e-13
1651,19,0.0,0.0,94.30058076131343,0.0,0.0,0.0,-67.0907206068971
1652,20,0.0,0.0,56.4876201329985,0.0,0.0,0.0,0.0
1653,21,0.0,0.0,79.92555908012214,0.0,0.0,0.0,0.0
1654,22,0.0,0.0,79.04510866957655,0.0,0.0,0.0,0.0
1655,23,0.0,0.0,29.878298471571256,0.0,0.0,0.0,145.15001697469742
1656,0,0.0,0.0,73.87849486671688,0.0,0.0,0.0,0.0
1657,1,0.0,0.0,66.31644545591752,0.0,0.0,0.0,0.0
1658,2,0.0,0.0,81.04965712679544,0.0,0.0,0.0,0.0
1659,3,0.0,0.0,50.9594858998026,0.0,0.0,0.0,0.0
1660,4,0.0,0.0,36.653714153186215,0.0,0.0,0.0,96.27484109518332
1661,5,0.0,0.0,82.40335704955847,0.0,0.0,0.0,0.0
1662,6,0.0,0.0,63.47264324812307,0.0,0.0,0.0,0.0
1663,7,5.290736416204347,5.518980938203756,102.55919839330193,542.6136857561689,328.02565780466955,312.91609915123075,415.94855551114847
1664,8,9.650711319070867,9.487976207159061,83.88431661314632,809.5433238310156,598.3441017823937,598.492717582626,809.5433238310156
1665,9,11.995623836041908,11.969876821579453,73.91747242939037,886.6861941739656,743.7286778345983,743.5597286116767,886.6861941739658
1666,10,19.528776486763434,23.10861024332828,56.61402862197194,1105.6027109737176,1210.7841421793328,1179.397821641274,1105.6027109737176
1667,11,24.670537443810872,22.179016550227352,72.62703967454767,1791.7481017240661,1529.573321516274,1510.8128662052868,1791.7481017240661
1668,12,30.21617210333808,31.90640693969845,92.01557897412516,2780.358570470463,1873.402670406961,1783.7873089238853,2729.750951341291
1669,13,18.024961798269704,20.457694368221794,57.040219114753405,1028.1477705083635,1117.5476314927216,1094.9225522826707,1028.1477705083635
1670,14,13.496349412297633,13.481723731888941,83.69868034998544,1129.6266353516135,836.7736635624533,836.7849839891854,1129.6266353516135
1671,15,8.622660421653796,9.58154292100417,62.278768919627936,537.0086758725984,534.6049461425354,519.408134104612,537.0086758725984
1672,16,7.998893577347261,10.127167739236668,71.67611209045647,573.3295926495747,495.9314017955302,437.2013780991642,573.3295926495746
1673,17,5.714933246472979,5.65154813255003,77.768827406247,444.44365728317996,354.3258612813247,354.0930237067012,444.44365728318
1674,18,2.6180972953441715e-15,2.5380775578208116e-15,82.08536580167429,2.149074741927004e-13,1.6232203231133863e-13,1.6228714565435955e-13,2.2737367544323206e-13
1675,19,0.0,0.0,88.53759714223584,0.0,0.0,0.0,-25.518830230122603
1676,20,0.0,0.0,89.0353049647528,0.0,0.0,0.0,-29.109098119978285
1677,21,0.0,0.0,96.19847647677086,0.0,0.0,0.0,-80.78139159342595
1678,22,0.0,0.0,94.56412281925466,0.0,0.0,0.0,-68.99180904763716
1679,23,0.0,0.0,81.02759917309477,0.0,0.0,0.0,0.0
1680,0,0.0,0.0,45.76097516290516,0.0,0.0,0.0,30.57865291318268
1681,1,0.0,0.0,55.527954350209825,0.0,0.0,0.0,0.0
1682,2,0.0,0.0,38.75437597989405,0.0,0.0,0.0,81.12149537171405
1683,3,0.0,0.0,55.86474796593983,0.0,0.0,0.0,0.0
1684,4,0.0,0.0,50.13573027244529,0.0,0.0,0.0,0.0
1685,5,0.0,0.0,34.476366590237745,0.0,0.0,0.0,111.98136746797886
1686,6,0.0,0.0,91.53917156990178,0.0,0.0,0.0,-47.171004054040395
1687,7,6.893929152340047,6.211456728226117,99.26682062530958,684.3384285689319,427.42360744508295,435.9204679296975,581.4232127253365
1688,8,11.276192136923653,11.046947721890824,53.34666111796219,601.547200629496,699.1239124892664,694.0828268486874,601.547200629496
1689,9,17.14954905216505,17.566507567171353,80.68913613170777,1383.7822980675455,1063.272041234233,1047.068441191351,1383.7822980675455
1690,10,24.006746868483848,20.022452370745768,55.865400839654015,1341.146536663959,1488.4183058459985,1408.330203870762,1341.146536663959
1691,11,23.010791047539865,25.574905385973196,74.6846339586531,1718.5525064845665,1426.6690449474715,1346.269207937804,1718.5525064845665
1692,12,18.420674332167714,19.971467698986636,73.73055935261344,1358.1666221630546,1142.0818085943984,1095.3049193673191,1358.1666221630544
1693,13,15.482089221366348,15.829678760261176,76.80253448932181,1189.0636913907465,959.8895317247136,948.070386199821,1189.0636913907465
1694,14,18.41430028021599,18.835773627952108,91.52175934515589,1685.3091587553645,1141.6866173733913,1119.600487055653,1638.2637596216568
1695,15,11.784532894103172,13.795608623956134,55.96619394708935,659.5354535272323,730.6410394343967,714.6374167612364,659.5354535272323
1696,16,12.630550783462859,11.52059986996273,78.66920176335184,993.6353479665012,783.0941485746972,779.766406208858,993.6353479665013
1697,17,2.3527478888934206,2.2521306224549034,172.14277477186613,405.00854993276363,145.87036911139208,152.6225001682189,-223.60505013917418
1698,18,2.2368112920307768e-15,2.2535772527350434e-15,56.677943898351266,1.2677786492091897e-13,1.3868230010590816e-13,1.3853396444432472e-13,1.7053025658242404e-13
1699,19,0.0,0.0,73.8646273193994,0.0,0.0,0.0,0.0
1700,20,0.0,0.0,80.7621635139078,0.0,0.0,0.0,0.0
1701,21,0.0,0.0,64.9374487106591,0.0,0.0,0.0,0.0
1702,22,0.0,0.0,47.22218815663518,0.0,0.0,0.0,20.038038813331127
1703,23,0.0,0.0,76.68271026566295,0.0,0.0,0.0,0.0
1704,0,0.0,0.0,56.336925929401744,0.0,0.0,0.0,0.0
1705,1,0.0,0.0,38.382902059996596,0.0,0.0,0.0,83.80116168634419
1706,2,0.0,0.0,67.14539084378355,0.0,0.0,0.0,0.0
1707,3,0.0,0.0,40.30504083218448,0.0,0.0,0.0,69.9356108522552
1708,4,0.0,0.0,35.85154598979693,0.0,0.0,0.0,102.06136577690631
1709,5,0.0,0.0,69.0783204181789,0.0,0.0,0.0,0.0
1710,6,0.0,0.0,36.35893872879535,0.0,0.0,0.0,98.40123472017603
1711,7,3.622744753952765,3.651585003675066,102.20295631938936,370.2552238445314,224.61017474507145,222.71382174959334,246.15988338604836
1712,8,11.51813894120417,11.41913605317681,98.6483536677075,1136.2454438657028,714.1246143546585,715.3112892311477,1037.7916046739479
1713,9,15.062784098444546,13.707152729808683,82.94970737379823,1249.4535332006762,933.8926141035619,934.1803882494531,1249.4535332006762
1714,10,19.360415464540168,23.24375327120067,62.74819717202173,1214.8311669012253,1200.3457588014903,1136.522144842067,1214.831166901225
1715,11,30.503632511236507,34.51602144654142,47.65089667728883,1453.5254410749192,1891.2252156966633,1901.000916453929,1470.47094574236
1716,12,24.67464106910316,23.3780308736938,27.22822277666173,671.8466239637077,1529.827746284396,1475.9162076103382,836.1132415676753
1717,13,24.474479986107077,26.19183108554201,113.68973732561615,2782.4972008015634,1517.4177591386388,1379.8370330653352,2575.5407536080056
1718,14,7.914678053330911,9.146026949428448,76.51379750815583,605.5820739148063,490.7100393065165,449.28469574219105,605.5820739148063
1719,15,20.258258258251573,21.103513994620585,92.32632611185876,1870.3705584095906,1256.0120120115976,1210.8686717115704,1817.5213320160856
1720,16,9.647309841564105,9.455160578072087,95.33020416870384,919.680016875052,598.1332101769746,599.9581772301395,845.1619991854944
1721,17,6.769667929632691,5.2966414899578576,55.883273075391976,378.3112015413871,419.7194116372268,390.129926459103,378.3112015413871
1722,18,2.3022975823703515e-15,2.283729794923179e-15,75.4113260199698,1.7361931357911886e-13,1.427424501069618e-13,1.4264141338972327e-13,2.2737367544323206e-13
1723,19,0.0,0.0,58.80946870800766,0.0,0.0,0.0,0.0
1724,20,0.0,0.0,90.86169698985103,0.0,0.0,0.0,-42.2839696918935
1725,21,0.0,0.0,85.27300361264659,0.0,0.0,0.0,-1.969340363876313
1726,22,0.0,0.0,57.61885360662679,0.0,0.0,0.0,0.0
1727,23,0.0,0.0,40.46718228841891,0.0,0.0,0.0,68.76598635049629
1728,0,0.0,0.0,57.10858243571526,0.0,0.0,0.0,0.0
1729,1,0.0,0.0,72.99475433847894,0.0,0.0,0.0,0.0
1730,2,0.0,0.0,20.36902810971999,0.0,0.0,0.0,213.74614203348514
1731,3,0.0,0.0,93.10524510419732,0.0,0.0,0.0,-58.46804072688144
1732,4,0.0,0.0,48.47353293134956,0.0,0.0,0.0,11.011331254113372
1733,5,0.0,0.0,54.945714732782186,0.0,0.0,0.0,0.0
1734,6,0.0,0.0,94.55311532849785,0.0,0.0,0.0,-68.91240535168515
1735,7,6.131457306155987,7.6552791311799195,64.4734715813089,395.31633838045684,380.1503529816712,351.8197022198315,395.31633838045684
1736,8,13.656193751205636,15.644816719308276,64.57075868437023,881.7907912561038,846.6840125747494,809.4700193626736,881.7907912561038
1737,9,13.86577726556862,16.104632726743922,54.70808740426256,758.5701545727646,859.6781904652544,845.3828537387618,758.5701545727647
1738,10,23.147285798136025,19.90348950135503,59.42323278128428,1375.4865522375526,1435.1317194844335,1378.5839959130255,1375.4865522375526
1739,11,26.42429774692207,24.63636981785385,58.91417235881951,1556.765631922933,1638.3064603091682,1606.4556493406428,1556.765631922933
1740,12,19.68994671620444,22.541851798909992,47.93803523065147,943.8973593710587,1220.7766964046752,1226.7014036209034,958.7715597884196
1741,13,27.80472250689569,23.775703231234537,36.558190714665784,1016.4903481754527,1723.8927954275327,1584.5638416410552,1113.454257672885
1742,14,16.92597573295331,15.801482163313782,84.36097305781759,1427.8917827849486,1049.4104954431052,1050.8394229244916,1427.8917827849486
1743,15,21.03559753546716,21.51282162939122,56.92565294289475,1197.4651247504157,1304.2070471989641,1299.8370745888703,1197.4651247504157
1744,16,13.329255072222232,14.189892252314149,101.63519244705684,1354.721404441215,826.4138144777784,770.4345378613093,1234.7216885794019
1745,17,7.886675853133059,7.626370813059737,84.18398537548107,663.9318046813131,488.97390289424965,489.2701271747261,663.9318046813131
1746,18,3.309972436053006e-15,3.3140645120149768e-15,55.586229603647936,1.8398888781218828e-13,2.0521829103528636e-13,2.0518767090245646e-13,2.2737367544323206e-13
1747,19,0.0,0.0,111.96564224213992,0.0,0.0,0.0,-194.51950540317284
1748,20,0.0,0.0,66.47193186897566,0.0,0.0,0.0,0.0
1749,21,0.0,0.0,78.8315115493222,0.0,0.0,0.0,0.0
1750,22,0.0,0.0,95.38270566767719,0.0,0.0,0.0,-74.89674279172709
1751,23,0.0,0.0,56.64565162329246,0.0,0.0,0.0,0.0
1752,0,0.0,0.0,53.62903940217571,0.0,0.0,0.0,0.0
1753,1,0.0,0.0,79.61424527293526,0.0,0.0,0.0,0.0
1754,2,0.0,0.0,44.121704489428794,0.0,0.0,0.0,42.40370487238437
1755,3,0.0,0.0,72.31550140317,0.0,0.0,0.0,0.0
1756,4,0.0,0.0,51.86796877626863,0.0,0.0,0.0,0.0
1757,5,0.0,0.0,60.72858146442775,0.0,0.0,0.0,0.0
1758,6,0.0,0.0,65.62688612440238,0.0,0.0,0.0,0.0
1759,7,6.672937485523497,7.621913988084997,57.85110462197228,386.0368046109005,413.7221241024568,403.93449359442144,386.03680461090045
1760,8,7.961954199496445,8.432374883989961,60.17483879718667,479.109310465282,493.6411603687796,487.42288173705316,479.10931046528196
1761,9,21.849886765580738,17.621522805140664,53.07811853330775,1159.7508796828467,1354.6929794660057,1260.8596165393749,1159.7508796828467
1762,10,27.109888234754845,25.731334829263265,41.28196004448806,1119.1493229176865,1680.8130705548003,1638.0247993678447,1182.0378239592512
1763,11,20.904406069043233,18.760986813621038,69.26273688035087,1447.8963772001514,1296.0731762806804,1274.5254953789433,1447.8963772001514
1764,12,26.91489953590129,23.052701711999504,71.22752711660634,1917.0817365341445,1668.72377122588,1635.5886063177163,1917.0817365341447
1765,13,15.197136195074073,17.187542363449836,97.7302790639103,1485.220361316841,942.2224440945926,822.473938676525,1393.389150143742
1766,14,21.163328378801424,22.12458555123343,83.43751132093233,1765.8154511948524,1312.1263594856882,1271.468171417569,1765.8154511948521
1767,15,16.316496089005856,11.29476483504011,110.20144864400916,1798.1015058027551,1011.6227575183631,1115.3269639384282,1616.3081970561395
1768,16,7.310364182322562,7.3005276304266395,113.6034028752891,830.4822473694735,453.24257930399887,453.4708124124038,624.1485828423203
1769,17,5.674379386090537,5.222692684960825,116.92388899906726,663.4705054778454,351.8115219376133,363.41667074650513,433.1841639591514
1770,18,2.924414271211025e-15,3.2496323189657366e-15,83.45318133927067,2.4405167448652477e-13,1.8131368481508356e-13,1.6755160288327878e-13,2.2737367544323206e-13
1771,19,0.0,0.0,71.25029142998024,0.0,0.0,0.0,0.0
1772,20,0.0,0.0,47.650452864461585,0.0,0.0,0.0,16.948706158096115
1773,21,0.0,0.0,94.6980265425741,0.0,0.0,0.0,-69.95773768370861
1774,22,0.0,0.0,39.41069766916411,0.0,0.0,0.0,76.3870496190118
1775,23,0.0,0.0,39.30029532752896,0.0,0.0,0.0,77.18344855872118
1776,0,0.0,0.0,57.86412958655353,0.0,0.0,0.0,0.0
1777,1,0.0,0.0,44.674728535854875,0.0,0.0,0.0,38.41440756505921
1778,2,0.0,0.0,78.94611207266647,0.0,0.0,0.0,0.0
1779,3,0.0,0.0,35.50097324517266,0.0,0.0,0.0,104.59025925846333
1780,4,0.0,0.0,53.930875823050364,0.0,0.0,0.0,0.0
1781,5,0.0,0.0,20.26763823669674,0.0,0.0,0.0,214.4775285799755
1782,6,0.0,0.0,87.14327048221227,0.0,0.0,0.0,-15.460707755502199
1783,7,8.423217466470119,8.456185607856709,30.570633344987364,257.50309275255137,522.2394829211473,523.023686484122,397.658879071032
1784,8,13.150540600995093,12.713238694711794,116.82601552429196,1536.3252604046845,815.3335172616958,826.5369785413226,1306.7449395227113
1785,9,16.493291502534728,20.24444004155907,68.47986987753922,1129.4584559459015,1022.5840731571532,934.0575777720269,1129.4584559459015
1786,10,12.061843862555833,13.092854363139313,74.66647190323125,900.6153258646874,747.8343194784616,715.5295747974463,900.6153258646874
1787,11,23.56428885856375,19.902317718162504,75.1216766347072,1770.1888877598597,1460.9859092309525,1440.2637574172145,1770.1888877598597
1788,12,12.479589053259675,9.721973650750087,67.76347533992487,845.6603250629582,773.7345213020998,742.9115688402219,845.6603250629582
1789,13,23.329342596429612,27.869142494960133,95.60181496440735,2230.3274941451305,1446.419240978636,1185.3704473440907,2153.8501833236687
1790,14,12.465742545635644,12.447225798730333,84.43309876688308,1052.5212715581908,772.8760378294099,772.9005692615037,1052.5212715581908
1791,15,20.699339301649623,20.605627644466427,78.59663479867265,1626.8984116655672,1283.3590367022766,1283.0729796289231,1626.8984116655672
1792,16,7.617357269443826,7.303085448450939,118.45435932651219,902.3091751131186,472.2761507055172,480.7114482115248,660.9826244106216
1793,17,6.272182394075158,5.646683249939065,55.25414684317496,346.56408702940547,388.87530843265984,376.015427666504,346.56408702940547
1794,18,3.1845026253977964e-15,3.1995080141761233e-15,83.58483186010334,2.6617611650193243e-13,1.9743916277466338e-13,1.9680171825637973e-13,2.2737367544323206e-13
1795,19,0.0,0.0,79.2824691025494,0.0,0.0,0.0,0.0
1796,20,0.0,0.0,77.76120473146462,0.0,0.0,0.0,0.0
1797,21,0.0,0.0,57.40547974252214,0.0,0.0,0.0,0.0
1798,22,0.0,0.0,56.11936735920562,0.0,0.0,0.0,0.0
1799,23,0.0,0.0,94.30674767431586,0.0,0.0,0.0,-67.13520628449851
1800,0,0.0,0.0,63.33838808351968,0.0,0.0,0.0,0.0
1801,1,0.0,0.0,35.27056072402421,0.0,0.0,0.0,106.25236429011929
1802,2,0.0,0.0,63.04348586377771,0.0,0.0,0.0,0.0
1803,3,0.0,0.0,51.76480917688245,0.0,0.0,0.0,0.0
1804,4,0.0,0.0,68.188200560659,0.0,0.0,0.0,0.0
1805,5,0.0,0.0,53.24248763050422,0.0,0.0,0.0,0.0
1806,6,0.0,0.0,46.34399719411644,0.0,0.0,0.0,26.372961977583714
1807,7,7.212219741322279,8.309645765167241,31.527942413265897,227.3864486762283,447.1576239619813,471.9485568371148,360.63658502696927
1808,8,11.951085299606813,11.931347863965783,91.045716939756,1088.095129310881,740.9672885756224,741.0913242997459,1044.483712294781
1809,9,13.48776773546712,16.534970465026664,86.95922880845683,1172.885880623807,836.2415995989614,693.9401695997501,1158.7527768997984
1810,10,20.569206435587102,15.456454463645033,80.45219885322193,1654.8378864088259,1275.2907990064002,1266.7992804964065,1654.8378864088259
1811,11,23.2641044641311,24.13752040115167,89.0117365546913,2070.778337742055,1442.3744767761282,1399.345928260474,2041.8392528347104
1812,12,17.684305977558083,14.804273273811043,109.73211732291699,1940.536338303766,1096.426970608601,1154.8890078823406,1762.1286005600318
1813,13,27.284576413049045,24.886542179321232,45.010311621270844,1228.0872868057138,1691.6437376090407,1623.9178162218395,1264.080930377443
1814,14,16.087778588871956,15.553527038183882,91.36295697034281,1469.827022963511,997.4422725100612,1000.9267774450408,1423.9271615154294
1815,15,16.80820088611894,18.067369470565453,52.02528164923922,874.45138511733,1042.1084549393743,1038.2911568629283,874.4513851173301
1816,16,9.339980096239806,9.64488709576527,83.6885163428208,781.6490769257861,579.078765966868,566.0864819214127,781.649076925786
1817,17,7.8181795483978505,7.303973047032291,95.24330382215605,744.6292500642232,484.72713200066676,489.57737344366797,670.7380971931651
1818,18,2.271323912890918e-15,2.089027697037892e-15,80.4609186978798,1.827528086916664e-13,1.4082208259923694e-13,1.4052050796836042e-13,2.2737367544323206e-13
1819,19,0.0,0.0,116.71838751536683,0.0,0.0,0.0,-228.8039348839817
1820,20,0.0,0.0,69.17859580174947,0.0,0.0,0.0,0.0
1821,21,0.0,0.0,53.12499990356331,0.0,0.0,0.0,0.0
1822,22,0.0,0.0,63.13979004657182,0.0,0.0,0.0,0.0
1823,23,0.0,0.0,36.60403290112019,0.0,0.0,0.0,96.63322204872838
1824,0,0.0,0.0,35.8200833701582,0.0,0.0,0.0,102.28832470322664
1825,1,0.0,0.0,69.58135346125391,0.0,0.0,0.0,0.0
1826,2,0.0,0.0,69.80543707819899,0.0,0.0,0.0,0.0
1827,3,0.0,0.0,53.99348621775035,0.0,0.0,0.0,0.0
1828,4,0.0,0.0,65.5553700084537,0.0,0.0,0.0,0.0
1829,5,0.0,0.0,99.09019275164054,0.0,0.0,0.0,-101.64109204123986
1830,6,0.0,0.0,61.33255776472172,0.0,0.0,0.0,0.0
1831,7,8.197538496356039,8.095101355272764,46.90302657831985,384.48936597138743,508.2473867740744,505.4997429900383,406.8297105039784
1832,8,10.444414627620528,8.15908857569537,79.83881452802501,833.8696823083868,647.5537069124728,642.7067837899002,833.8696823083867
1833,9,15.74061141913545,13.53636700541912,88.15960584695237,1387.686098501019,975.9179079863978,984.9987433636692,1364.8939483605081
1834,10,23.27136690445858,25.812793445904504,89.52368442622972,2083.3385069217566,1442.8247480764321,1315.9958590350177,2050.7064320285012
1835,11,19.939212074499412,21.19943888035556,101.9415116324632,2032.6334196347327,1236.2311486189635,1153.7784285961366,1910.4240380098831
1836,12,12.827769138932105,13.626890677045147,108.87283942096934,1396.5956495922212,795.3216866137905,736.1139333557751,1224.386403654832
1837,13,30.98366730301483,32.64733606031818,85.3929581518724,2645.7870053978827,1920.9873727869194,1846.5528400259989,2642.9523603091443
1838,14,16.35066491518949,13.045520788890814,102.19472137904035,1670.9516453698402,1013.7412247417484,1062.1485012397293,1546.9157085224165
1839,15,11.111674717595616,9.647654650403299,100.99427490280746,1122.2155310594271,688.9238324909281,709.0478221719402,1006.8391415249498
1840,16,13.783736982528502,12.896717192502,56.435635746703085,777.8939595743389,854.5916929167671,837.1411102626636,777.8939595743389
1841,17,6.340507560750261,6.971768666319103,55.23659800591977,350.22806728665705,393.11146876651617,388.66376240543616,350.22806728665705
1842,18,2.91234404436759e-15,2.9583776909623493e-15,66.43467151445691,1.9348061992464575e-13,1.8056533075079058e-13,1.7959662910199636e-13,2.2737367544323206e-13
1843,19,0.0,0.0,97.86643907835378,0.0,0.0,0.0,-92.81341580325068
1844,20,0.0,0.0,66.24677292427036,0.0,0.0,0.0,0.0
1845,21,0.0,0.0,71.25359434994145,0.0,0.0,0.0,0.0
1846,22,0.0,0.0,93.76587495888239,0.0,0.0,0.0,-63.23356388535046
1847,23,0.0,0.0,78.99600956633232,0.0,0.0,0.0,0.0
1848,0,0.0,0.0,9.89018194878102,0.0,0.0,0.0,289.33640441694206
1849,1,0.0,0.0,65.45560425540727,0.0,0.0,0.0,0.0
1850,2,0.0,0.0,51.122942513067294,0.0,0.0,0.0,0.0
1851,3,0.0,0.0,37.7353835716878,0.0,0.0,0.0,88.47210462010469
1852,4,0.0,0.0,46.79931600534557,0.0,0.0,0.0,23.088471693030385
1853,5,0.0,0.0,51.05117901256672,0.0,0.0,0.0,0.0
1854,6,0.0,0.0,36.26689559601964,0.0,0.0,0.0,99.06519756973546
1855,7,7.0439647260201195,6.525250018151836,69.89896028670007,492.3658106449965,436.72581301324743,431.7587151994731,492.3658106449965
1856,8,12.19749260370981,12.596958155673978,111.34209892054155,1358.0944280648314,756.2445414300082,725.4147393991077,1168.072918200783
1857,9,15.950703651165732,16.71472634149714,91.59950618446663,1461.07657774155,988.9436263722754,948.8329067377169,1413.470343579565
1858,10,25.444680829229984,30.871880084158715,28.275866832498693,719.4704067227394,1577.570211412259,1722.233110960589,876.179733395156
1859,11,21.04971088043332,21.75337189094224,83.89025456283346,1765.8656042335965,1305.082074586866,1274.9211806165015,1765.8656042335965
1860,12,22.687493695564193,22.724564355765317,86.36595512568586,1959.427062425378,1406.62460912498,1404.9209363381874,1949.5736010071246
1861,13,27.589511155929713,30.347084769386253,58.47640487162765,1613.3354245644337,1710.5496916676423,1679.9530168471954,1613.3354245644337
1862,14,25.91211476739421,26.683752395398724,56.635154087228074,1467.5366125773091,1606.551115578441,1599.7653785627974,1467.5366125773094
1863,15,20.865481490494876,20.806025897728425,102.65368969621709,2141.918662287422,1293.6598524106823,1294.5511076370763,2014.5719090592402
1864,16,13.697176642797638,13.400752048969983,90.38982526508576,1238.0854033674925,849.2249518534536,850.9419524664057,1199.2053301484093
1865,17,7.258340000767928,7.812331153571635,79.47063285210322,576.8248733167627,450.01708004761156,429.33199713672036,576.8248733167627
1866,18,2.633752482375565e-15,2.8007250089701064e-15,99.55084944743435,2.6219229685477636e-13,1.6329265390728503e-13,1.5286712948505794e-13,-104.96408771928952
1867,19,0.0,0.0,123.81695013177335,0.0,0.0,0.0,-280.0101652721838
1868,20,0.0,0.0,80.15937896751583,0.0,0.0,0.0,0.0
1869,21,0.0,0.0,74.35675689825499,0.0,0.0,0.0,0.0
1870,22,0.0,0.0,62.06875320490871,0.0,0.0,0.0,0.0
1871,23,0.0,0.0,49.47790472924682,0.0,0.0,0.0,3.766189320777073
1872,0,0.0,0.0,69.73171602703434,0.0,0.0,0.0,0.0
1873,1,0.0,0.0,47.00007185532558,0.0,0.0,0.0,21.640298187862413
1874,2,0.0,0.0,59.99843283122843,0.0,0.0,0.0,0.0
1875,3,0.0,0.0,80.86420411836804,0.0,0.0,0.0,0.0
1876,4,0.0,0.0,68.24447434532723,0.0,0.0,0.0,0.0
1877,5,0.0,0.0,31.84877788164952,0.0,0.0,0.0,130.93575584886477
1878,6,0.0,0.0,35.856018306944115,0.0,0.0,0.0,102.02910424530012
1879,7,8.566567775633608,9.605538929957268,89.05352577050473,762.8830641721629,531.1272020892837,479.8883580743842,733.6425283474533
1880,8,7.834571500757016,7.882892746965071,68.71280737910705,538.3354024293584,485.74343304693497,484.58898970806877,538.3354024293584
1881,9,14.33855585374214,16.929195911955123,77.81546282468129,1115.7613599964877,888.9904629320126,797.6203276137144,1115.761359996488
1882,10,18.834487515737884,18.546211645681165,59.015799342075844,1111.5323359396195,1167.7382259757487,1162.6247452090545,1111.5323359396195
1883,11,28.591700788674665,23.632705362814306,83.23858946906667,2379.93284417088,1772.6854488978292,1774.8125708186144,2379.93284417088
1884,12,23.041290304294236,24.502466617020236,117.97159416631231,2718.2177488463863,1428.5599988662427,1303.6813065423294,2480.373675562551
1885,13,14.369703800924968,12.431991267757526,93.28350711186444,1340.4563667089697,890.921635657348,906.3509242523221,1280.7024141817235
1886,14,27.544000201791064,25.651522718268644,92.22797008250355,2540.327226563258,1707.728012511046,1721.298926081744,2488.187501764849
1887,15,19.228814732043855,15.03608641689985,111.06495677987932,2135.6474771427575,1192.186513386719,1281.4862496812245,1947.6251613510735
1888,16,13.429439342136058,12.127300503608447,122.10575029148775,1639.811766865547,832.6252392124356,871.141611120299,1372.1455221864421
1889,17,6.647310610421147,7.719083118768639,75.82647498320607,504.0421317066993,412.13325784611106,376.9972392487816,504.04213170669937
1890,18,3.693564490033018e-15,3.758839681430156e-15,95.77286815867294,3.5374326493948824e-13,2.290009983820471e-13,2.2523356987403183e-13,-77.71122108576719
1891,19,0.0,0.0,106.97316484838711,0.0,0.0,0.0,-158.50574297730714
1892,20,0.0,0.0,106.0817494638843,0.0,0.0,0.0,-152.07542404979074
1893,21,0.0,0.0,60.05602328284872,0.0,0.0,0.0,0.0
1894,22,0.0,0.0,49.09678527130147,0.0,0.0,0.0,6.515434741796696
1895,23,0.0,0.0,54.22273967292971,0.0,0.0,0.0,0.0
1896,0,0.0,0.0,46.934253295083636,0.0,0.0,0.0,22.11508731654868
1897,1,0.0,0.0,45.27871033321255,0.0,0.0,0.0,34.057521144941404
1898,2,0.0,0.0,58.23918692208468,0.0,0.0,0.0,0.0
1899,3,0.0,0.0,40.035410658441656,0.0,0.0,0.0,71.88061655867455
1900,4,0.0,0.0,84.53250095944415,0.0,0.0,0.0,0.0
1901,5,0.0,0.0,49.229314572297824,0.0,0.0,0.0,5.559420646165279
1902,6,0.0,0.0,50.476581207735315,0.0,0.0,0.0,0.0
1903,7,7.4898914332415965,7.606409232476044,41.31870547751773,309.4726181886927,464.37326886097895,465.5794166266939,372.0960521721629
1904,8,15.599837915903287,11.338933603879244,90.24566514169959,1407.8177488233969,967.1899507860038,991.4099912483223,1369.977589864398
1905,9,16.57678655987586,18.215781204657254,44.88948803680539,744.1234619682238,1027.7607667123034,1037.4113965646218,780.9886792143428
1906,10,22.64938313393355,23.9761482927159,80.57332058979361,1824.9360084114924,1404.2617543038803,1352.8938510409623,1824.9360084114924
1907,11,27.437411149192037,28.22130904996474,85.94389600700472,2358.0780105075924,1701.1194912499063,1665.5071115176659,2351.269117072536
1908,12,31.729240829103475,29.312946608379626,13.40746822858516,425.40878833333187,1967.2129314044155,1841.6999807159884,689.3728770692596
1909,13,24.93904818472763,32.31675819614849,54.7560019443126,1365.5625708922516,1546.220987453113,1498.6716284987874,1365.5625708922516
1910,14,29.137136776290873,27.08085427297255,70.14166484615279,2043.7272823391072,1806.5024801300342,1787.1862735568693,2043.7272823391072
1911,15,21.175516044883523,13.577984565496738,122.31103399519588,2589.9992628315645,1312.8819947827783,1538.7814913519337,2320.8521824966992
1912,16,7.807176599158332,8.291856707377141,85.07350388213587,664.1838687170166,484.04494914781657,462.55332202219915,663.653640707986
1913,17,7.130290325406588,7.014324047025472,79.03080579249101,563.5125899512856,442.0780001752085,441.7617722344912,563.5125899512856
1914,18,3.6989009825504836e-15,3.058506931787704e-15,72.50319733891759,2.6818214787497387e-13,2.2933186091813e-13,2.244503919486796e-13,3.410605131648481e-13
1915,19,0.0,0.0,66.16118980894811,0.0,0.0,0.0,0.0
1916,20,0.0,0.0,62.297126437393416,0.0,0.0,0.0,0.0
1917,21,0.0,0.0,55.087113162247675,0.0,0.0,0.0,0.0
1918,22,0.0,0.0,48.20275372052312,0.0,0.0,0.0,12.964625660767922
1919,23,0.0,0.0,43.00220644266115,0.0,0.0,0.0,50.479322148681035
1920,0,0.0,0.0,45.7259685556114,0.0,0.0,0.0,30.831176768371392
1921,1,0.0,0.0,69.86805617082557,0.0,0.0,0.0,0.0
1922,2,0.0,0.0,27.577125344051332,0.0,0.0,0.0,161.74977212211
1923,3,0.0,0.0,37.912365330524786,0.0,0.0,0.0,87.19542802975246
1924,4,0.0,0.0,42.95559350186744,0.0,0.0,0.0,50.81556951513204
1925,5,0.0,0.0,57.32132417697941,0.0,0.0,0.0,0.0
1926,6,0.0,0.0,47.24335451185065,0.0,0.0,0.0,19.885353076765682
1927,7,5.907537529019814,5.545460237459153,107.2360142947067,633.5007789084851,366.2673267992285,372.93932893265827,473.09894371744673
1928,8,14.76889875194407,12.593173985487278,77.44487831423422,1143.775566679554,915.6717226205324,907.1508419378451,1143.7755666795542
1929,9,19.56510520292646,18.31585947717505,87.67009272223427,1715.274587260831,1213.0365225814405,1217.7244040419637,1696.013591692998
1930,10,20.429657323781974,18.435356449527546,78.21477101648271,1597.9009695248162,1266.6387540744824,1259.979939534044,1597.9009695248162
1931,11,20.404421607314546,17.935450921480825,106.73035259038973,2177.7711125516485,1265.0741396535018,1309.633541007588,2021.0169214160278
1932,12,22.02028089210935,18.83794920339495,58.29162194306161,1283.5978888428617,1365.2574153107798,1307.0803073824604,1283.5978888428617
1933,13,24.807451126072426,28.719015474859003,69.90582453418216,1734.1853255595186,1538.0619698164903,1438.7775456657118,1734.1853255595186
1934,14,18.74023211061403,20.45849943405463,71.10364929372376,1332.4988916760808,1161.89439085807,1115.7081184629048,1332.4988916760808
1935,15,24.177631794914298,31.263635605644772,78.22244179975229,1891.2333959335242,1499.0131712846865,1245.4897567028665,1891.2333959335242
1936,16,14.217667526924297,14.620107502161225,119.55020949617253,1699.7251313907288,881.4953866693064,846.3069359474844,1450.4935498684877
1937,17,2.4395280156248242,2.6504170098808353,135.77789113372006,331.2339693231675,151.2507369687391,128.5332759833713,-35.05770584086338
1938,18,2.7891567775403798e-15,2.7651280126000808e-15,106.59266428348867,2.973036520223788e-13,1.7292772020750355e-13,1.7335890433702612e-13,-155.76096200657923
1939,19,0.0,0.0,79.51124176708181,0.0,0.0,0.0,0.0
1940,20,0.0,0.0,97.40091369863018,0.0,0.0,0.0,-89.45529935998832
1941,21,0.0,0.0,98.19231955495553,0.0,0.0,0.0,-95.16418900419671
1942,22,0.0,0.0,86.03024924617203,0.0,0.0,0.0,-7.431811636742623
1943,23,0.0,0.0,54.64963328713914,0.0,0.0,0.0,0.0
1944,0,0.0,0.0,51.20882515698643,0.0,0.0,0.0,0.0
1945,1,0.0,0.0,37.68668821926794,0.0,0.0,0.0,88.8233736825319
1946,2,0.0,0.0,45.09569798085627,0.0,0.0,0.0,35.377700057920606
1947,3,0.0,0.0,34.866022593723436,0.0,0.0,0.0,109.17054277503067
1948,4,0.0,0.0,52.06107993203413,0.0,0.0,0.0,0.0
1949,5,0.0,0.0,56.85947945774464,0.0,0.0,0.0,0.0
1950,6,0.0,0.0,45.22846784689574,0.0,0.0,0.0,34.41995062096919
1951,7,4.615601552623871,4.9845284213238,120.20480905537714,554.8175033088547,286.16729626268,253.60728236273417,300.86389880083675
1952,8,10.956639240469778,13.452912301370308,74.6682567535671,818.1131519636059,679.3116329091263,601.090115387042,818.1131519636059
1953,9,13.82084771899757,12.225308794324713,98.86185043257925,1366.3545800469917,856.8925585778493,876.272593145907,1266.3606594162293
1954,10,17.67878606280181,16.10149165219042,99.86463227119386,1765.4854691628097,1096.0847358937121,1116.429427160143,1658.2578759377498
1955,11,25.567242261737096,21.69221939196652,112.7208987958744,2881.96252747487,1585.1690202277,1672.5146478532552,2681.9948992357668
1956,12,8.650129168584092,9.029641600032107,73.91113044545216,639.3408253492295,536.3080084522137,524.7750381689594,639.3408253492295
1957,13,29.797729539436176,28.31279875178762,65.28176864494267,1945.2484859380465,1847.4592314450429,1828.0977037106018,1945.2484859380465
1958,14,24.49396147714086,22.068822728959653,45.92274190751188,1124.829871207278,1518.6256115827334,1451.7937748124725,1154.2416026405635
1959,15,13.21852385998536,13.853203678219343,58.81435042292463,777.4388943749693,819.5484793190924,812.2382765046348,777.4388943749693
1960,16,9.004802044857678,10.195895356623904,71.60991426717007,644.8331024250961,558.297726781176,525.5278996859581,644.8331024250961
1961,17,6.945364547800126,7.033956074190154,86.18370077856319,598.5772199856469,430.6126019636078,426.5613445973966,590.0384695296448
1962,18,3.612843232894866e-15,3.4052629117132587e-15,85.61682294161233,3.0932015938656203e-13,2.239962804394817e-13,2.2445557622979856e-13,-4.449517369041132
1963,19,0.0,0.0,144.971086734449,0.0,0.0,0.0,-432.60776158506417
1964,20,0.0,0.0,85.06535813508629,0.0,0.0,0.0,-0.47146780324737847
1965,21,0.0,0.0,87.93462617901011,0.0,0.0,0.0,-21.169235568666636
1966,22,0.0,0.0,65.34140931866138,0.0,0.0,0.0,0.0
1967,23,0.0,0.0,31.066873565650056,0.0,0.0,0.0,136.57610512944441
1968,0,0.0,0.0,59.28363094714291,0.0,0.0,0.0,0.0
1969,1,0.0,0.0,18.56800912030615,0.0,0.0,0.0,226.73798253543424
1970,2,0.0,0.0,46.39064174551913,0.0,0.0,0.0,26.03648658466966
1971,3,0.0,0.0,63.811642573488825,0.0,0.0,0.0,0.0
1972,4,0.0,0.0,41.60458343301378,0.0,0.0,0.0,60.561223189103885
1973,5,0.0,0.0,61.18026185527079,0.0,0.0,0.0,0.0
1974,6,0.0,0.0,50.45953759473532,0.0,0.0,0.0,0.0
1975,7,5.928327349996049,6.246037215161816,43.60579990939923,258.50945622134674,367.5562956997551,369.9368163279568,304.6346932138064
1976,8,13.485014069716492,14.078531721766073,76.56565249371224,1032.4889011347332,836.0708723224225,816.0651338798563,1032.4889011347332
1977,9,15.471116494326344,16.022042094203044,92.56844615812844,1432.137214211181,959.2092226482333,929.6187014289376,1377.5414293183212
1978,10,14.452065923238202,12.444662458301405,99.37790336052453,1436.2160106794956,896.0280872407685,921.1877330727403,1332.4994878053162
1979,11,32.31083573945394,29.771794891111117,62.34428262004333,2014.3958750303134,2003.2718158461444,1964.5722934235791,2014.3958750303132
1980,12,24.71870771481847,26.973175865837987,35.12577292538062,868.2637141995677,1532.5598783187452,1573.3494832566873,975.5605205514656
1981,13,31.055962824689317,35.58871207867016,76.68528673621769,2381.5354140806176,1925.4696951307376,1772.0061785714277,2381.5354140806176
1982,14,16.340468913088888,18.201590144651025,114.87229588094105,1877.0671798176659,1013.109072611511,861.2595029904794,1661.580221715949
1983,15,22.643137346867313,22.688202445480297,56.784390434943845,1285.776751776572,1403.8745155057734,1403.469808926492,1285.776751776572
1984,16,13.66604436547327,14.981508035561463,123.93430792437802,1693.6917504987755,847.2947506593428,725.0646487647575,1412.8350124074586
1985,17,6.266645622048888,5.110486135015076,48.47400912921013,303.7694370927225,388.5320285670311,358.88290451790965,314.777333243326
1986,18,3.53928041068079e-15,2.681430179240002e-15,95.44013913204682,3.377894148227024e-13,2.1943538546220897e-13,2.276536801952556e-13,-75.311045146644
1987,19,0.0,0.0,98.06569855842703,0.0,0.0,0.0,-94.2507950862173
1988,20,0.0,0.0,104.36431344937577,0.0,0.0,0.0,-139.686518155989
1989,21,0.0,0.0,77.70974235537365,0.0,0.0,0.0,0.0
1990,22,0.0,0.0,55.99484090157286,0.0,0.0,0.0,0.0
1991,23,0.0,0.0,60.68406608409447,0.0,0.0,0.0,0.0
1992,0,0.0,0.0,39.70192179582463,0.0,0.0,0.0,74.286273654887
1993,1,0.0,0.0,11.058189754332837,0.0,0.0,0.0,280.9108568774908
1994,2,0.0,0.0,45.16011949083542,0.0,0.0,0.0,34.91298869870491
1995,3,0.0,0.0,60.67465477899246,0.0,0.0,0.0,0.0
1996,4,0.0,0.0,73.86399816703972,0.0,0.0,0.0,0.0
1997,5,0.0,0.0,47.60644521043429,0.0,0.0,0.0,17.266160013579167
1998,6,0.0,0.0,92.04335821609462,0.0,0.0,0.0,-50.80800762204922
1999,7,4.04815617816341,4.306570273957719,63.45620518281311,256.8806290536099,250.9856830461314,246.50988462931005,256.8806290536099
2000,8,10.473064594860318,10.449069143067677,78.67408968167935,823.9588231780615,649.3300048813397,649.258152114911,823.9588231780615
2001,9,19.213100078851184,16.572318294885875,83.41037374155516,1602.5718583108803,1191.2122048887734,1192.685180960752,1602.57185831088
2002,10,25.6555566410826,23.83465037537744,69.66689980006102,1787.3430938290915,1590.6445117471212,1572.89099404204,1787.3430938290915
2003,11,22.887681089543737,23.666468523154617,74.57109509449683,1706.7594430208826,1419.0362275517116,1394.727258722841,1706.7594430208826
2004,12,29.673522516010433,30.117769684001644,104.95655986140774,3114.4308422504796,1839.758395992647,1809.018402307439,2970.472092114596
2005,13,23.978959528542244,23.43329628061801,47.85652254323852,1147.549617241086,1486.6954907696193,1472.4495285422936,1163.0118180293364
2006,14,21.353780196703486,20.5806859718957,85.95916214226959,1835.5530542788204,1323.934372195616,1325.843429123662,1828.6340369663321
2007,15,13.677332897004677,13.768556934187274,54.115699398894556,740.1584356329167,847.9946396142899,847.4797142019522,740.1584356329167
2008,16,16.250835069615704,13.119715369967953,50.260438876159036,816.7741027029617,1007.5517743161736,931.4509406465755,816.7741027029617
2009,17,6.311396172956025,7.61043915630829,88.56274922546689,558.9545965280759,391.30656272327354,328.0387052314527,533.2543290918214
2010,18,3.3387239995097813e-15,3.1934058803430972e-15,76.98214269393608,2.57022127345931e-13,2.0700088796960643e-13,2.0638133972055009e-13,2.2737367544323206e-13
2011,19,0.0,0.0,123.04939660156552,0.0,0.0,0.0,-274.47333689903394
2012,20,0.0,0.0,69.93237667039986,0.0,0.0,0.0,0.0
2013,21,0.0,0.0,91.23247306117176,0.0,0.0,0.0,-44.95860200218692
2014,22,0.0,0.0,63.53275444653719,0.0,0.0,0.0,0.0
2015,23,0.0,0.0,33.290794984631425,0.0,0.0,0.0,120.53361333224373
2016,0,0.0,0.0,18.09673109927158,0.0,0.0,0.0,230.1375962637426
2017,1,0.0,0.0,23.57683157667065,0.0,0.0,0.0,190.60631327588504
2018,2,0.0,0.0,56.558480409047114,0.0,0.0,0.0,0.0
2019,3,0.0,0.0,82.79427384241629,0.0,0.0,0.0,0.0
2020,4,0.0,0.0,35.07587815816939,0.0,0.0,0.0,107.65672751947048
2021,5,0.0,0.0,74.07930594965882,0.0,0.0,0.0,0.0
2022,6,0.0,0.0,58.865571104266145,0.0,0.0,0.0,0.0
2023,7,8.704466258199647,9.49321710552563,42.59574920960482,370.7732617377394,539.6769080083781,546.582668940638,424.18460602153965
2024,8,10.714726090210783,12.212887180043602,76.01748970437718,814.5065802478198,664.3130175930686,614.8409486353723,814.5065802478198
2025,9,17.543243288607634,18.662219298859284,101.76745956966916,1785.3313020942471,1087.6810838936733,1014.7134141758825,1664.377463388238
2026,10,23.512022578988038,21.731530318018542,69.11629441695564,1625.0638749074458,1457.7453998972583,1439.6506502043587,1625.063874907446
2027,11,22.786952322386263,24.657980486679904,93.0675122836806,2120.7249651713278,1412.7910439879483,1311.1298693447657,2062.529114126356
2028,12,33.80986775979708,34.950933575128495,75.76485315456281,2561.5996659962134,2096.211801107419,2058.8920267351214,2561.5996659962134
2029,13,16.417201914844625,14.594750127484948,94.77660758990297,1555.9667036074327,1017.8665187203668,1034.418856330646,1485.4421132478924
2030,14,22.37165894314558,19.798793685712628,68.11966049337718,1523.9498118807023,1387.042854475026,1358.9722393878365,1523.9498118807023
2031,15,24.11676281254883,26.57426590655001,91.5236528481886,2207.254227477824,1495.2392943780276,1366.454911145209,2160.19516936021
2032,16,10.982963357587396,11.396379533518981,61.142323983598544,671.5239039095999,680.9437281704186,674.9789988670901,671.5239039095998
2033,17,7.951879447368281,8.19774448835716,95.78202808869558,761.6471405857498,493.01652573683344,478.8233429506126,683.8698433783185
2034,18,1.8253527594325624e-15,1.8392389617093173e-15,114.95061703054331,2.0982542599517793e-13,1.1317187108481886e-13,1.1203753122607277e-13,-216.05193597787616
2035,19,0.0,0.0,117.54916797658328,0.0,0.0,0.0,-234.79685739490571
2036,20,0.0,0.0,54.15460890683781,0.0,0.0,0.0,0.0
2037,21,0.0,0.0,77.36420180974959,0.0,0.0,0.0,0.0
2038,22,0.0,0.0,48.394289199385675,0.0,0.0,0.0,11.582964275478162
2039,23,0.0,0.0,60.132691391577715,0.0,0.0,0.0,0.0
2040,0,0.0,0.0,91.79258160603978,0.0,0.0,0.0,-48.99900408649387
2041,1,0.0,0.0,68.40688313525106,0.0,0.0,0.0,0.0
2042,2,0.0,0.0,36.950913928304345,0.0,0.0,0.0,94.13095916043119
2043,3,0.0,0.0,36.675469089178314,0.0,0.0,0.0,96.11790956908573
2044,4,0.0,0.0,53.68865103873971,0.0,0.0,0.0,0.0
2045,5,0.0,0.0,59.02218596768563,0.0,0.0,0.0,0.0
2046,6,0.0,0.0,65.15796473628399,0.0,0.0,0.0,0.0
2047,7,5.412134800691937,5.825939665556604,36.24546834515053,196.16536059816715,335.55235764290006,342.46007035135744,295.38512590279214
2048,8,13.766888848463706,14.183229803008427,106.56736834752832,1467.1011149137116,853.5471086047498,823.8997979601115,1311.5226278101045
2049,9,15.146622247855335,12.663845875913081,113.90106780797856,1725.2164477148071,939.0905793670307,997.2516042260924,1516.7355457896833
2050,10,9.842437131118164,8.582330460748524,91.64680217573229,902.0278886826684,610.2311021293261,618.7180486211737,854.0804798975856
2051,11,22.972998002166783,18.866908618119428,58.90160664372447,1353.146491750696,1424.3258761343404,1351.1397806307523,1353.146491750696
2052,12,32.761556141865405,37.06599417036754,58.137961901613785,1904.690102813352,2031.2164807956551,1985.2775709266443,1904.690102813352
2053,13,27.196230578082982,22.160606497944464,59.91982371291239,1629.5933418944496,1686.1662958411448,1600.2578832473541,1629.5933418944496
2054,14,13.796400091637036,12.69770906804047,70.91868723163819,978.4225830213514,855.3768056814962,845.6962560184991,978.4225830213513
2055,15,22.59384619468221,26.13645669676849,70.44420691562838,1591.6055763580766,1400.818464070297,1308.5148311615912,1591.6055763580766
2056,16,16.75176785869786,14.48092137637659,94.23692574064223,1578.6351037245877,1038.6096072392675,1058.3153188275296,1512.0035653254126
2057,17,6.082270138319442,6.191325707832891,92.3372918579735,561.6203529210392,377.1007485758054,371.2748239470132,508.69202396096216
2058,18,1.9875675983971263e-15,2.16866847596799e-15,117.98431063192774,2.3450179293124113e-13,1.2322919110062182e-13,1.07748617766221e-13,-237.93580485024006
2059,19,0.0,0.0,51.00594328250499,0.0,0.0,0.0,0.0
2060,20,0.0,0.0,57.38297637506959,0.0,0.0,0.0,0.0
2061,21,0.0,0.0,28.52720735963227,0.0,0.0,0.0,154.8962552615159
2062,22,0.0,0.0,65.39374349235742,0.0,0.0,0.0,0.0
2063,23,0.0,0.0,89.33515344229573,0.0,0.0,0.0,-31.27208674913095
2064,0,0.0,0.0,43.900425967646804,0.0,0.0,0.0,43.999920835900866
2065,1,0.0,0.0,78.16038578116073,0.0,0.0,0.0,0.0
2066,2,0.0,0.0,63.87531735468695,0.0,0.0,0.0,0.0
2067,3,0.0,0.0,68.18743675445336,0.0,0.0,0.0,0.0
2068,4,0.0,0.0,65.06737592371019,0.0,0.0,0.0,0.0
2069,5,0.0,0.0,93.3866935487574,0.0,0.0,0.0,-60.49829877676257
2070,6,0.0,0.0,58.49591472880763,0.0,0.0,0.0,0.0
2071,7,7.336102764026765,8.734101561925883,78.55310698216789,576.273665254772,454.8383713696594,404.2428604240154,576.273665254772
2072,8,15.22892053282533,14.853818262067177,102.31516352588756,1558.1494946387702,944.1930730351704,949.720719876829,1433.2447356574608
2073,9,18.53420599688704,15.60823898520121,48.618744060843994,901.1098177336108,1149.1207718069963,1074.4034480361945,911.0736531841883
2074,10,14.649451244285379,14.961281126822024,74.07430462184729,1085.147914012095,908.2659771456935,898.7262027264476,1085.147914012095
2075,11,29.809230310784898,31.531996016163394,81.20075657652984,2420.5320541997594,1848.1722792686637,1780.1214046510893,2420.5320541997594
2076,12,22.457477534642585,18.035759476261298,63.579287389116885,1427.8304182096772,1392.3636071478402,1329.0643499188043,1427.8304182096772
2077,13,23.139253269821968,23.367242637977693,64.60644843471356,1494.94497319453,1434.633702728962,1430.357064357847,1494.9449731945301
2078,14,13.32139461789505,16.43803827031864,132.53696497982503,1765.577211954386,825.9264663094931,502.8202594899317,1422.6642995449351
2079,15,14.507166406570478,16.705096126193514,73.89966237681205,1072.074699489788,899.4443172073696,832.6831295638684,1072.0746994897881
2080,16,10.312602579251287,10.961652458301733,83.54211689756069,861.5366501938969,639.3813599135798,611.8437013297324,861.5366501938969
2081,17,4.61671440071238,4.843270028120668,94.96285522400093,438.4163812454099,286.23629284416756,273.3897801862865,366.5482739266989
2082,18,2.2418209409125914e-15,2.252285685420046e-15,96.07412599473773,2.1538098753487778e-13,1.3899289833658066e-13,1.3838497351815292e-13,-79.88437627131589
2083,19,0.0,0.0,70.565792225812,0.0,0.0,0.0,0.0
2084,20,0.0,0.0,70.84191780957198,0.0,0.0,0.0,0.0
2085,21,0.0,0.0,48.49312068195255,0.0,0.0,0.0,10.870032948475398
2086,22,0.0,0.0,51.42495597086768,0.0,0.0,0.0,0.0
2087,23,0.0,0.0,71.22902864237408,0.0,0.0,0.0,0.0
2088,0,0.0,0.0,71.47841957724472,0.0,0.0,0.0,0.0
2089,1,0.0,0.0,71.21516295775149,0.0,0.0,0.0,0.0
2090,2,0.0,0.0,49.90292451171953,0.0,0.0,0.0,0.7002642769464273
2091,3,0.0,0.0,46.91741764448489,0.0,0.0,0.0,22.2365330584376
2092,4,0.0,0.0,27.19433355139318,0.0,0.0,0.0,164.51108110602496
2093,5,0.0,0.0,50.20449246547222,0.0,0.0,0.0,0.0
2094,6,0.0,0.0,65.96869355531209,0.0,0.0,0.0,0.0
2095,7,8.078284882641473,9.236450494187803,86.08367394837916,695.4084418994289,500.8536627237713,448.03599203641943,687.5912455365847
2096,8,12.66689254196543,11.630567394839224,28.78531256002617,364.6204609847393,785.3473376018567,743.4683859354141,517.6548471510646
2097,9,9.76511856771813,9.829571417362784,69.34938526061534,677.2049696682728,605.4373511985241,603.846221000053,677.2049696682728
2098,10,22.484380920407474,21.234273835917048,26.2615738668393,590.4752303914331,1394.0316170652634,1341.1473124824602,761.7148718955449
2099,11,20.82559528926597,24.511932660728068,46.19132286932363,961.9617959523496,1291.1869079344901,1306.8938253020656,989.4360902801806
2100,12,31.61244490867182,35.871575422504144,98.20474036702063,3104.491944622859,1959.9715843376528,1701.2041683200587,3009.238156780337
2101,13,33.194419815009766,35.015988603808246,46.69323643339024,1549.954892691465,2058.0540285306056,2064.6726157672965,1573.8085805690328
2102,14,20.71893181872099,22.432089724108987,87.84522890436406,1820.0593082694572,1284.5737727607013,1202.6736274595953,1799.5349493735725
2103,15,16.656495087067885,17.239714780670084,108.89191122506392,1813.7575843417094,1032.7026953982088,989.4774325259957,1641.4107619332572
2104,16,13.460141335116719,11.953254843520016,79.11778431849059,1064.9365590481646,834.5287627772366,830.5179406241871,1064.9365590481646
2105,17,8.121132877636777,9.16599979192193,63.95855314327851,519.4159087379581,503.5102384134802,484.75676701795913,519.415908737958
2106,18,3.0518728011865205e-15,3.79079826507357e-15,89.88308336011664,2.743117373935207e-13,1.8921611367356426e-13,1.5200836860022068e-13,-35.224637022291404
2107,19,0.0,0.0,112.66713906792575,0.0,0.0,0.0,-199.57982676946745
2108,20,0.0,0.0,94.85514933084883,0.0,0.0,0.0,-71.09115949463092
2109,21,0.0,0.0,63.562021907276495,0.0,0.0,0.0,0.0
2110,22,0.0,0.0,51.359855405994736,0.0,0.0,0.0,0.0
2111,23,0.0,0.0,80.45040067156017,0.0,0.0,0.0,0.0
2112,0,0.0,0.0,24.120641845128958,0.0,0.0,0.0,186.68348052805717
2113,1,0.0,0.0,69.59137104305537,0.0,0.0,0.0,0.0
2114,2,0.0,0.0,39.389704094081964,0.0,0.0,0.0,76.53848898785583
2115,3,0.0,0.0,21.108619998975843,0.0,0.0,0.0,208.41101790751773
2116,4,0.0,0.0,18.01923918993802,0.0,0.0,0.0,230.69659232773233
2117,5,0.0,0.0,90.02449209638287,0.0,0.0,0.0,-36.24470386109317
2118,6,0.0,0.0,58.47732098566618,0.0,0.0,0.0,0.0
2119,7,6.984090676763363,7.3992222088487205,47.16229359197964,329.38573497052147,433.0136219593285,434.27858295424824,349.8558295453478
2120,8,13.868744146828593,14.544205005338892,65.63021447112837,910.2086528015668,859.8621371033728,846.3274090674071,910.2086528015668
2121,9,21.243639851995713,17.163935096314116,55.23576055687278,1173.4086042212755,1317.1056708237343,1233.173172242148,1173.4086042212757
2122,10,20.45060998321913,16.739978453496118,62.6574641920875,1281.3833627299,1267.9378189595861,1212.2527357694973,1281.3833627299
2123,11,17.54996147240969,18.809566985159567,71.21502344082279,1249.820917643193,1088.097611289401,1054.0646079340531,1249.820917643193
2124,12,32.20881943617046,34.95390104204448,71.41168888933832,2300.0861930686783,1996.9468050425685,1922.1032225886067,2300.086193068678
2125,13,26.15481557384248,29.43402779494698,94.9158519185251,2482.506601963167,1621.5985655782338,1435.8481963019972,2410.977557947728
2126,14,18.543201153101954,21.547772663318334,57.02810983018497,1057.4837119623107,1149.6784714923213,1121.780612529156,1057.4837119623107
2127,15,18.932227540177184,17.758809410927,113.42454914394635,2147.3793730352018,1173.7981074909853,1200.8670001781252,1942.335888769579
2128,16,9.18775692608506,10.258120482225781,72.776590294092,668.6536215313985,569.6409294172737,538.6317074092726,668.6536215313986
2129,17,8.470254753011229,9.442894410482547,93.32614751739042,790.4962445894033,525.1557946866963,471.99356325687756,730.4347009979938
2130,18,4.081498153428735e-15,4.833904269735333e-15,86.33705143251288,3.5238451599428307e-13,2.5305288551258157e-13,2.185014077714656e-13,-9.644961577980212
2131,19,0.0,0.0,65.33215890463558,0.0,0.0,0.0,0.0
2132,20,0.0,0.0,97.70632845074162,0.0,0.0,0.0,-91.65844089802704
2133,21,0.0,0.0,52.64625951075489,0.0,0.0,0.0,0.0
2134,22,0.0,0.0,90.87608004548673,0.0,0.0,0.0,-42.38772338124829
2135,23,0.0,0.0,70.68280384247895,0.0,0.0,0.0,0.0
2136,0,0.0,0.0,38.358883032716676,0.0,0.0,0.0,83.9744254738261
2137,1,0.0,0.0,26.883005023816473,0.0,0.0,0.0,166.75688228733267
2138,2,0.0,0.0,71.30389029820842,0.0,0.0,0.0,0.0
2139,3,0.0,0.0,28.03002713876381,0.0,0.0,0.0,158.48271724121392
2140,4,0.0,0.0,50.686796430224746,0.0,0.0,0.0,0.0
2141,5,0.0,0.0,71.25842876065754,0.0,0.0,0.0,0.0
2142,6,0.0,0.0,71.77143400930535,0.0,0.0,0.0,0.0
2143,7,7.998340432426731,9.281769972326934,60.31884099799043,482.45062479134594,495.8971068104573,478.7010103475645,482.450624791346
2144,8,14.011924074282422,16.23833454426631,51.79706252435506,725.7765073621225,868.7392926055102,862.6248388462185,725.7765073621226
2145,9,15.795665287357881,15.60519664594214,85.85119937325592,1356.0768098181793,979.3312478161886,979.7861630298146,1349.9365933309011
2146,10,20.448863364384685,20.747881491587805,35.806813025774616,732.2086270781349,1267.8295285918505,1272.9850447633446,834.5926788106992
2147,11,31.01512198860557,30.44727902009147,73.68083683689207,2285.2201427187506,1922.9375632935455,1919.110658079719,2285.2201427187506
2148,12,23.5565419883793,21.87840383607932,53.801104195020976,1267.3679699911813,1460.5056032795167,1424.1753020260662,1267.3679699911813
2149,13,25.325122684239826,20.111174780461976,63.01823205474203,1595.9444581302366,1570.1576064228693,1493.3231705798487,1595.9444581302369
2150,14,25.7206516159591,27.32453868510911,88.40306404363001,2273.784412049528,1594.680400189464,1516.8857343607417,2249.2360505205093
2151,15,19.9762910121768,18.817136371138176,70.5027190397804,1408.3828326883915,1238.5300427549616,1227.9551204961697,1408.3828326883915
2152,16,17.147798730005814,17.58965076756095,108.60164409070501,1862.2791346151348,1063.1635212603605,1030.5760254346344,1692.0261848058694
2153,17,8.66626506819884,9.371271898716012,102.1960824755931,885.6583396650001,537.308434228328,490.95768747365594,761.6125844039865
2154,18,3.1482264251729204e-15,3.4896226159537664e-15,73.54981998412865,2.3155148684074514e-13,1.9519003836072106e-13,1.8496956672013545e-13,3.410605131648481e-13
2155,19,0.0,0.0,76.96519018286978,0.0,0.0,0.0,0.0
2156,20,0.0,0.0,52.92761920508613,0.0,0.0,0.0,0.0
2157,21,0.0,0.0,77.98908478593584,0.0,0.0,0.0,0.0
2158,22,0.0,0.0,93.86261387361037,0.0,0.0,0.0,-63.93140025346486
2159,23,0.0,0.0,33.41984058750283,0.0,0.0,0.0,119.60272926059446
2160,0,0.0,0.0,57.1175401131743,0.0,0.0,0.0,0.0
2161,1,0.0,0.0,57.320810658340335,0.0,0.0,0.0,0.0
2162,2,0.0,0.0,24.999244203824706,0.0,0.0,0.0,180.34558971407614
2163,3,0.0,0.0,30.683812877385634,0.0,0.0,0.0,139.33935382018583
2164,4,0.0,0.0,17.182726920330232,0.0,0.0,0.0,236.73086184323859
2165,5,0.0,0.0,68.53934812588662,0.0,0.0,0.0,0.0
2166,6,0.0,0.0,55.30627377142679,0.0,0.0,0.0,0.0
2167,7,8.828023874645622,7.656370358010135,49.29444895130349,435.172572229607,547.3374802280285,518.0119730449308,440.26213916062045
2168,8,12.273314433272246,8.995981344980564,109.03864756696329,1338.265606968096,760.9454948628793,825.767819069133,1164.860286475503
2169,9,24.055241252552733,25.818288978752324,28.047157319275172,674.6811357634645,1491.4249576582695,1538.9233205100063,833.0402826401895
2170,10,18.138861885454578,20.75259517086615,101.15720141288415,1834.8765051474163,1124.6094368981837,956.163470103779,1718.3248280424596
2171,11,25.536135804972744,20.57435161909875,30.809529679613533,786.7563339859496,1583.24041990831,1390.262478238014,925.188816389143
2172,12,26.431432008200307,25.096700093010604,66.5881437676072,1760.0199945457769,1638.748784508419,1622.6533962615567,1760.0199945457769
2173,13,22.49795862022662,29.623135416499608,49.24280923949725,1107.862684613922,1394.8734344540503,1398.054743602272,1113.3247600544496
2174,14,30.1108146172577,32.14569055286804,60.324563108423305,1816.421736624797,1866.8705062699773,1839.591562033396,1816.421736624797
2175,15,16.391153313033232,18.96320850719568,77.77323890180317,1274.7930824906161,1016.2515054080604,925.6725985908574,1274.7930824906161
2176,16,11.965293781132804,14.305155883621897,75.44363543735362,902.7052619246177,741.8482144302338,666.2600354922239,902.7052619246176
2177,17,6.658969056787024,6.272027545037479,94.40576894495915,628.6450941866683,412.8560815207955,416.26284100740423,560.7955875188537
2178,18,3.798945954433576e-15,4.86622639519008e-15,105.05428342828048,3.9909554502578437e-13,2.355346491748817e-13,1.6155305910091756e-13,-144.66368939613233
2179,19,0.0,0.0,79.20747638905834,0.0,0.0,0.0,0.0
2180,20,0.0,0.0,81.46776468662739,0.0,0.0,0.0,0.0
2181,21,0.0,0.0,99.74924406974499,0.0,0.0,0.0,-106.39522825953645
2182,22,0.0,0.0,48.54019580952497,0.0,0.0,0.0,10.530451548931751
2183,23,0.0,0.0,75.39979579054209,0.0,0.0,0.0,0.0
2184,0,0.0,0.0,103.86113128126368,0.0,0.0,0.0,-136.05676049659598
2185,1,0.0,0.0,87.13464995016139,0.0,0.0,0.0,-15.398522638018562
2186,2,0.0,0.0,82.586491939594,0.0,0.0,0.0,0.0
2187,3,0.0,0.0,65.41413370987753,0.0,0.0,0.0,0.0
2188,4,0.0,0.0,76.37256588776808,0.0,0.0,0.0,0.0
2189,5,0.0,0.0,47.645426699959685,0.0,0.0,0.0,16.984962926030846
2190,6,0.0,0.0,60.8726429806657,0.0,0.0,0.0,0.0
2191,7,9.215640940307468,8.385338361155677,59.58361575316105,549.1012087063799,571.369738299063,556.9953007679312,549.1012087063799
2192,8,9.761974351400589,10.07580134556876,56.35106329312165,550.0976345416047,605.2424097868366,602.5940774109372,550.0976345416047
2193,9,4.2313416126918,4.230815076210887,82.58666676240232,349.4523997252637,262.3431799868916,262.3431483947405,349.4523997252637
2194,10,14.28621476610681,13.745496595542864,68.17680697341625,973.9885064896329,885.7453154986222,879.8691176798252,973.9885064896329
2195,11,17.96006644527251,15.011541827964567,82.03322696839568,1473.3222070725071,1113.5241196068955,1112.1233351989465,1473.3222070725074
2196,12,27.475931002588297,26.912732599616177,48.372894963859856,1329.0903244224644,1703.5077221604745,1689.022074069291,1340.8276182731697
2197,13,14.938015154732305,13.78790516044075,79.12243826987229,1181.9321819547235,926.156939593403,923.099750217499,1181.9321819547235
2198,14,16.567400803911955,18.47896852520188,115.60778729553643,1915.3205481785524,1027.1788498425412,869.455905407643,1694.528045157464
2199,15,23.181609834236824,24.957936798550794,86.4804599038288,2004.756279775921,1437.259809722683,1355.370115493344,1994.07682605937
2200,16,15.678226032765181,14.571947684233082,113.38065085270313,1777.60747181071,972.0500140314413,997.5336758080683,1572.880652500589
2201,17,6.482383365686684,5.787470641245657,77.40520008571417,501.77018145328304,401.90776867257443,399.1655736153306,501.77018145328304
2202,18,2.119953680920253e-15,1.8924831648362456e-15,82.53401358213188,1.7496828589456262e-13,1.3143712821705568e-13,1.3141449721785625e-13,1.1368683772161603e-13
2203,19,0.0,0.0,85.76907638370238,0.0,0.0,0.0,-5.547813637505897
2204,20,0.0,0.0,71.10623399777215,0.0,0.0,0.0,0.0
2205,21,0.0,0.0,40.64400442909868,0.0,0.0,0.0,67.49046118256211
2206,22,0.0,0.0,73.83709917490042,0.0,0.0,0.0,0.0
2207,23,0.0,0.0,37.61054243930347,0.0,0.0,0.0,89.37265930029037
2208,0,0.0,0.0,53.14091298180352,0.0,0.0,0.0,0.0
2209,1,0.0,0.0,8.242219472723434,0.0,0.0,0.0,301.2241556111176
2210,2,0.0,0.0,37.02816435672648,0.0,0.0,0.0,93.5737050444742
2211,3,0.0,0.0,48.32698893036492,0.0,0.0,0.0,12.068441866772446
2212,4,0.0,0.0,64.5756375886591,0.0,0.0,0.0,0.0
2213,5,0.0,0.0,32.613717787452686,0.0,0.0,0.0,125.41778113111619
2214,6,0.0,0.0,44.676284800206275,0.0,0.0,0.0,38.40318128796213
2215,7,8.230488108270853,10.303666093709682,99.50409966094477,818.9673089836037,510.29026271279287,380.96516171252284,714.3404557816305
2216,8,16.091943221135608,16.86395041905256,103.9972091240154,1673.5171843802218,997.7004797104078,945.2066834724907,1536.4788120076428
2217,9,9.36448175246001,8.791325709729326,86.66564717806946,811.5788715641688,580.5978686525207,582.3168985361751,799.5635499061541
2218,10,32.180498722327044,39.335763391281134,87.71694460616831,2822.7750238252315,1995.1909207842768,1654.2698869980316,2803.1760572493945
2219,11,30.92669423545015,35.78414956657701,60.68134477524024,1876.6733956597855,1917.4550425979094,1850.1711210297271,1876.6733956597855
2220,12,30.843310011844967,28.567965619262882,85.70315196015898,2643.368884899442,1912.2852207343878,1917.4670080736673,2638.2966240467167
2221,13,32.40543130196457,29.273930022432943,85.60271873248858,2773.993021147054,2009.1367407218033,2016.0324288224729,2769.6452459786333
2222,14,28.970320683173554,29.313603007658934,59.032433388580046,1710.1885259752455,1796.1598823567604,1792.1123977827788,1710.1885259752455
2223,15,24.19802158935403,23.727088641325683,85.5610508249951,2070.4081550710494,1500.2773385399498,1501.299634188256,2066.3609557496275
2224,16,10.97190197858612,10.03492273593998,84.47884629397747,926.8936208015641,680.2579226723394,681.5314036933918,926.8936208015641
2225,17,9.264166564459568,9.241999226424872,95.0063511707202,880.1546619270902,574.3783269964932,574.5834804647254,807.9727920075518
2226,18,3.791063499430051e-15,4.586359260864276e-15,76.7982806490383,2.911471585875543e-13,2.3504593696466316e-13,2.0800759031656484e-13,2.2737367544323206e-13
2227,19,0.0,0.0,52.3731617868158,0.0,0.0,0.0,0.0
2228,20,0.0,0.0,75.3451164382163,0.0,0.0,0.0,0.0
2229,21,0.0,0.0,85.14177988475973,0.0,0.0,0.0,-1.0227441576186038
2230,22,0.0,0.0,79.115201334197,0.0,0.0,0.0,0.0
2231,23,0.0,0.0,21.798278815453862,0.0,0.0,0.0,203.4360912703691
2232,0,0.0,0.0,56.99806857135574,0.0,0.0,0.0,0.0
2233,1,0.0,0.0,64.6232367458678,0.0,0.0,0.0,0.0
2234,2,0.0,0.0,52.740651513015635,0.0,0.0,0.0,0.0
2235,3,0.0,0.0,68.14498356596532,0.0,0.0,0.0,0.0
2236,4,0.0,0.0,25.138238591466624,0.0,0.0,0.0,179.34293903380896
2237,5,0.0,0.0,34.42227150508584,0.0,0.0,0.0,112.37158807218341
2238,6,0.0,0.0,74.28704480046426,0.0,0.0,0.0,0.0
2239,7,7.83180117466581,7.214582765200739,57.522244543283776,450.50278238350387,485.57167282928026,473.9319726568457,450.50278238350387
2240,8,19.141025873477286,22.581677072060145,85.54422041316403,1637.4041362548164,1186.7436041555918,1032.1541978472426,1633.4783448848802
2241,9,23.383935384108174,24.859570511841344,70.85149308042708,1656.786736060294,1449.8039938147067,1410.6046816818862,1656.786736060294
2242,10,16.484147360038833,16.25580701346141,58.95704619561475,971.8566374011305,1022.0171363224076,1017.9567391057233,971.8566374011305
2243,11,33.838120521974815,35.17393675204576,46.67390588783155,1579.357252663754,2097.9634723624386,2102.8493773696255,1603.3503834712355
2244,12,26.31238141354421,26.351813646659927,39.58282942760525,1041.518505326411,1631.3676476397409,1631.8613968962043,1116.6638643446395
2245,13,28.35736530745467,29.58353087628164,91.36902878232738,2590.9849269677975,1758.1566490621897,1694.136967891899,2545.0412658633413
2246,14,22.616504281031855,25.15725663256257,81.6216470154476,1845.9963291497418,1402.223265423975,1300.5244217309935,1845.9963291497418
2247,15,16.464451041723986,20.04219153582114,106.85628449736205,1759.3300646073474,1020.7959645868872,764.7358051021879,1601.667450373965
2248,16,13.263325395165063,11.71006360674747,93.7887475702129,1243.9506774287304,822.326174500234,835.2828019566094,1180.5521195483052
2249,17,7.483047009316575,8.529169779165631,91.15848906995339,682.1432590087325,463.94891457762765,409.604812456876,637.718348333098
2250,18,4.410170324746236e-15,4.2136808276498975e-15,103.80808497648664,4.57811335832037e-13,2.7343056013426663e-13,2.765461101229665e-13,-135.6741053802798
2251,19,0.0,0.0,79.51217706125573,0.0,0.0,0.0,0.0
2252,20,0.0,0.0,68.35271874179395,0.0,0.0,0.0,0.0
2253,21,0.0,0.0,68.52727641280248,0.0,0.0,0.0,0.0
2254,22,0.0,0.0,79.33496914464533,0.0,0.0,0.0,0.0
2255,23,0.0,0.0,38.485712765330064,0.0,0.0,0.0,83.059525816075
2256,0,0.0,0.0,71.8437584151853,0.0,0.0,0.0,0.0
2257,1,0.0,0.0,52.11908133538644,0.0,0.0,0.0,0.0
2258,2,0.0,0.0,42.318497218213196,0.0,0.0,0.0,55.41133077599153
2259,3,0.0,0.0,54.516812070344976,0.0,0.0,0.0,0.0
2260,4,0.0,0.0,76.87726009386256,0.0,0.0,0.0,0.0
2261,5,0.0,0.0,80.70169435864261,0.0,0.0,0.0,0.0
2262,6,0.0,0.0,70.3416528381007,0.0,0.0,0.0,0.0
2263,7,6.725544996644623,6.222282542874593,77.73331668187673,522.798919082388,416.9837897919666,415.12171242797785,522.798919082388
2264,8,13.764225702335885,14.74667144011681,67.45210483014976,928.4259949798019,853.3819935448249,831.4585881688263,928.425994979802
2265,9,18.744484495065258,21.531938032227853,57.20616394840138,1072.3000531529708,1162.158038694046,1135.6557529412835,1072.3000531529708
2266,10,17.794563845958702,17.429263038016632,84.65119503983077,1506.3310947729713,1103.2629584494396,1103.8066708130152,1506.3310947729713
2267,11,30.906075404174356,29.442342308284516,59.62414432010729,1842.7483002666102,1916.1766750588101,1890.8805981302298,1842.7483002666102
2268,12,21.386614607521995,17.7016738857314,61.201474080722804,1308.892339576665,1325.9701056663637,1266.646633970597,1308.892339576665
2269,13,16.55889846189415,14.924808766710294,80.00368132030466,1324.7728355606625,1026.6517046374372,1023.3880369527504,1324.7728355606625
2270,14,28.714407944632487,26.314916671219038,45.27668216666501,1300.0931221130859,1780.2932925672142,1713.0055864266005,1334.1652736514056
2271,15,21.7472600139365,24.946383771688513,59.130983309957884,1285.9368689213936,1348.330120864063,1310.2166269370327,1285.9368689213936
2272,16,9.48191526795566,9.021408489577103,132.05057348193807,1252.0923488406895,587.8787466132509,604.9349644866866,912.6880728194135
2273,17,8.381865194218388,8.865962975133083,110.78229770506742,928.5622852696442,519.6756420415401,482.6528738536834,742.5789605368941
2274,18,4.154422334763044e-15,3.406287305227829e-15,82.69705468921047,3.435584910199769e-13,2.5757418475530873e-13,2.5759123551341623e-13,3.410605131648481e-13
2275,19,0.0,0.0,91.91327578245239,0.0,0.0,0.0,-49.86964426224074
2276,20,0.0,0.0,55.989543099408365,0.0,0.0,0.0,0.0
2277,21,0.0,0.0,81.76133913073463,0.0,0.0,0.0,0.0
2278,22,0.0,0.0,67.72440510848008,0.0,0.0,0.0,0.0
2279,23,0.0,0.0,43.223342909214516,0.0,0.0,0.0,48.884130915544176
2280,0,0.0,0.0,46.883848076203904,0.0,0.0,0.0,22.478690681088665
2281,1,0.0,0.0,42.99814563190381,0.0,0.0,0.0,50.50861523552692
2282,2,0.0,0.0,67.00006965063297,0.0,0.0,0.0,0.0
2283,3,0.0,0.0,49.22437794839707,0.0,0.0,0.0,5.5950315035264
2284,4,0.0,0.0,21.7865559821663,0.0,0.0,0.0,203.52065516514102
2285,5,0.0,0.0,48.34437055726286,0.0,0.0,0.0,11.943057667244375
2286,6,0.0,0.0,46.852678997562094,0.0,0.0,0.0,22.703532118456792
2287,7,3.5307413619724994,3.2486030480535333,37.53550999641315,132.5281776870681,218.90596444229496,209.35604310617643,222.4420914306667
2288,8,17.552686121576283,18.603459388231588,48.23640840032991,846.6785362831564,1088.2665395377296,1090.0575715371908,859.400390360302
2289,9,20.01028779292301,17.865494950100217,24.61743722739177,492.6020036443259,1240.6378431612266,1147.2601642866753,675.7017982665704
2290,10,9.821011425274559,10.746238147123767,63.45993712292334,623.2407675314353,608.9027083670227,592.8732281304244,623.2407675314353
2291,11,24.351270787957514,23.95573052469887,78.93816316608284,1922.244586761257,1509.7787888533658,1508.6727089112296,1922.2445867612569
2292,12,30.832294663263504,28.096509763221057,81.72259028897761,2519.694984434914,1911.6022691223372,1909.6651766984107,2519.6949844349147
2293,13,31.674181422947935,27.789601782811705,84.35902585882323,2672.0030897155234,1963.799248222772,1968.7298262690085,2672.0030897155234
2294,14,30.28066868397145,34.24620432534074,95.70119507151124,2897.896180620553,1877.4014584062297,1648.8815431989842,2820.7019809111066
2295,15,17.353546825424413,14.457347701379028,111.5304822482637,1935.4494461574102,1075.9199031763137,1138.6164212293352,1744.0690132829004
2296,16,18.46471144438384,18.290693093273013,63.83468006275761,1178.6889475033815,1144.8121095517981,1142.354276109083,1178.6889475033815
2297,17,9.464863798373292,7.28525699668541,59.97431611685009,567.6487334465703,586.8215554991441,549.7262542956447,567.6487334465703
2298,18,3.911254227958197e-15,3.4588446995590472e-15,88.35176254569262,3.4556620480439893e-13,2.424977621334082e-13,2.4442675579255877e-13,-24.178292760931527
2299,19,0.0,0.0,92.40260229850045,0.0,0.0,0.0,-53.39945271358863
2300,20,0.0,0.0,58.293309627310975,0.0,0.0,0.0,0.0
2301,21,0.0,0.0,73.82241413815379,0.0,0.0,0.0,0.0
2302,22,0.0,0.0,98.95068545280762,0.0,0.0,0.0,-100.63474142198015
2303,23,0.0,0.0,30.597399006462226,0.0,0.0,0.0,139.96270939544178
2304,0,0.0,0.0,53.46760914587253,0.0,0.0,0.0,0.0
2305,1,0.0,0.0,71.62687686359968,0.0,0.0,0.0,0.0
2306,2,0.0,0.0,46.04444751531476,0.0,0.0,0.0,28.533795190490707
2307,3,0.0,0.0,59.10915545832691,0.0,0.0,0.0,0.0
2308,4,0.0,0.0,71.55164038344232,0.0,0.0,0.0,0.0
2309,5,0.0,0.0,51.28837450654271,0.0,0.0,0.0,0.0
2310,6,0.0,0.0,41.27664422901286,0.0,0.0,0.0,62.92684723735596
2311,7,6.151855974682047,6.03848397703791,63.55942982671579,391.0084581268659,381.41507043028696,379.79040122278326,391.0084581268659
2312,8,16.215772010188612,16.894489406560282,42.695745788137536,692.344479505409,1005.3778646316939,1011.2354114348982,745.03448791953
2313,9,18.801837740529912,21.21052561233977,57.8436789829958,1087.5674665535873,1165.7139399128546,1140.8933779310598,1087.5674665535873
2314,10,20.201174823317587,26.295203370260165,82.4860493065865,1666.3151025271482,1252.4728390456903,1001.9621849575663,1666.3151025271482
2315,11,28.397257244105077,24.87202381143793,74.7323024051948,2122.1924158445695,1760.6299491345148,1739.6520845133898,2122.1924158445695
2316,12,24.636006483408078,22.183057287618173,98.67661744423317,2430.997787116907,1527.4324019713008,1556.8860988846516,2332.340064191131
2317,13,27.192147353470062,24.024374559223986,83.40253339974255,2267.8939778585077,1685.9131359151438,1687.661429878065,2267.8939778585077
2318,14,28.98425161159069,33.41684510101621,62.256887011749896,1804.4692777029313,1797.0235999186227,1726.8950562127766,1804.4692777029315
2319,15,20.081623080097632,23.82817611542112,65.46747702153576,1314.6931975514337,1245.0606309660532,1170.7502007186026,1314.693197551434
2320,16,13.795489644797652,15.05576450730353,100.76916450327481,1390.1599654198387,855.3203579774544,774.7113432788227,1276.407433503326
2321,17,6.671811112740642,5.608096812804404,94.20055550701407,628.4883130580381,413.6522889899198,422.8538608599342,562.1191351764884
2322,18,2.6600281372800185e-15,2.5638435883071483e-15,83.657925469559,2.2253243565550167e-13,1.6492174451136115e-13,1.6499325234701485e-13,2.2737367544323206e-13
2323,19,0.0,0.0,88.2467995974512,0.0,0.0,0.0,-23.421131459367302
2324,20,0.0,0.0,60.91481720150648,0.0,0.0,0.0,0.0
2325,21,0.0,0.0,19.619487496888823,0.0,0.0,0.0,219.15303232663248
2326,22,0.0,0.0,83.35546858107438,0.0,0.0,0.0,0.0
2327,23,0.0,0.0,70.30086676700675,0.0,0.0,0.0,0.0
2328,0,0.0,0.0,51.610018112151955,0.0,0.0,0.0,0.0
2329,1,0.0,0.0,32.87881823162243,0.0,0.0,0.0,123.50545110689467
2330,2,0.0,0.0,45.72958709057442,0.0,0.0,0.0,30.805074084631485
2331,3,0.0,0.0,16.25846522942409,0.0,0.0,0.0,243.39812106754164
2332,4,0.0,0.0,55.6394649910425,0.0,0.0,0.0,0.0
2333,5,0.0,0.0,18.604682964593984,0.0,0.0,0.0,226.473431890282
2334,6,0.0,0.0,64.63228657049413,0.0,0.0,0.0,0.0
2335,7,8.750702770016453,10.292833338603582,49.7530214870675,435.37390294356965,542.5435717410201,542.2485978499483,437.1555085048036
2336,8,17.749279898839433,17.66837796957649,60.33993562701536,1070.990406521849,1100.4553537280449,1099.100647016613,1070.990406521849
2337,9,22.363842733760738,24.038892991592924,42.87560717397888,958.8633359533673,1386.5582494931657,1400.6378694144053,1010.2558952839165
2338,10,17.53388661126946,22.561948630401233,106.13983623196167,1861.0438534299258,1087.1009698987064,731.7437159913852,1708.5494143499932
2339,11,32.39229079880615,30.624568935364326,74.29438140436936,2406.5652071677487,2008.3220295259814,1997.2221257471303,2406.5652071677487
2340,12,31.410446819618116,34.61593219611998,58.29107519199953,1830.9487173766622,1947.4477028163233,1912.6238097737823,1830.9487173766622
2341,13,13.565808165334731,13.262875230697107,87.3033493618391,1184.3404896339075,841.0801062507534,842.1335591726274,1167.7250359906236
2342,14,22.183622230570144,25.128739377020516,116.47600813188993,2583.8597633226623,1375.384578295349,1129.1874805011194,2356.8042576943417
2343,15,12.490043373840201,12.424531627818398,72.73815521941498,908.5027136236141,774.3826891780925,773.8948635878623,908.5027136236141
2344,16,14.347250556618079,16.16536946511581,65.52594858373345,940.1172022908974,889.5295345103209,853.3354491905103,940.1172022908975
2345,17,7.027959898264692,8.186301870788757,66.06446300514583,464.29839670055617,435.7335136924109,411.8941654999983,464.29839670055617
2346,18,2.8863216333669503e-15,2.8158436633795623e-15,73.87445118013356,2.1322542659433012e-13,1.789519412687509e-13,1.7848719814436404e-13,2.2737367544323206e-13
2347,19,0.0,0.0,111.37166618167981,0.0,0.0,0.0,-190.23479642185043
2348,20,0.0,0.0,63.80263250999485,0.0,0.0,0.0,0.0
2349,21,0.0,0.0,60.18895151555708,0.0,0.0,0.0,0.0
2350,22,0.0,0.0,66.53304836201495,0.0,0.0,0.0,0.0
2351,23,0.0,0.0,56.69915879853831,0.0,0.0,0.0,0.0
2352,0,0.0,0.0,72.73893102062593,0.0,0.0,0.0,0.0
2353,1,0.0,0.0,67.2776476125423,0.0,0.0,0.0,0.0
2354,2,0.0,0.0,56.5456370903696,0.0,0.0,0.0,0.0
2355,3,0.0,0.0,46.25596053282999,0.0,0.0,0.0,27.008023722340795
2356,4,0.0,0.0,72.54573484770113,0.0,0.0,0.0,0.0
2357,5,0.0,0.0,41.57810626949923,0.0,0.0,0.0,60.752219001667186
2358,6,0.0,0.0,45.47509336979993,0.0,0.0,0.0,32.64089139054772
2359,7,9.11993410031401,8.340068091635308,55.4441236048775,505.6467535261472,565.4359142194686,549.5134622167074,505.6467535261472
2360,8,11.386212024493648,9.96117076791257,91.66075989830148,1043.6688465282655,705.9451455186062,715.5578609590684,995.6207522387792
2361,9,24.130756051863383,24.29017106268743,47.27813854833539,1140.8572278960798,1496.1068752155297,1496.569549676091,1160.4916626556706
2362,10,32.69552423037141,34.50091588100575,49.58724777905954,1621.281061277672,2027.1225022830274,2027.1512807245438,1624.2584929720647
2363,11,19.457387069206085,21.576821547985826,82.9635870614676,1614.254626104753,1206.3579982907772,1117.9680773484722,1614.2546261047532
2364,12,30.693167006704435,29.273491833466277,71.65571559844759,2199.3408458480676,1902.976354415675,1891.2523740167069,2199.340845848068
2365,13,27.35902358375019,28.913737900483888,71.01071385207314,1942.7837949778052,1696.2594621925118,1654.6500329958785,1942.7837949778054
2366,14,34.03375288423361,40.46897575925546,82.04881676011294,2792.4291540574486,2110.092678822484,1849.0734689698945,2792.4291540574486
2367,15,19.001479314787804,21.805317534476213,76.89283108239417,1461.0775392675855,1178.0917175168438,1082.4358638764481,1461.0775392675855
2368,16,9.022405002168144,8.570097732445916,112.9130902113061,1018.747629932751,559.3891101344249,569.6496180736784,817.3936086407098
2369,17,8.528046056945643,9.224166950041939,92.91101684142794,792.3494308213498,528.7388555306298,491.0517258749254,735.2824761605801
2370,18,4.70605708212237e-15,4.60338450308058e-15,107.82978976033942,5.074531457654115e-13,2.917755390915869e-13,2.93713211150167e-13,-164.68509716040865
2371,19,0.0,0.0,65.65783475344085,0.0,0.0,0.0,0.0
2372,20,0.0,0.0,72.03543484846676,0.0,0.0,0.0,0.0
2373,21,0.0,0.0,30.581805217108723,0.0,0.0,0.0,140.07519684021193
2374,22,0.0,0.0,89.24209687615993,0.0,0.0,0.0,-30.600813391103202
2375,23,0.0,0.0,103.20012492165361,0.0,0.0,0.0,-131.2885213801262
2376,0,0.0,0.0,47.58680809140772,0.0,0.0,0.0,17.407814443549398
2377,1,0.0,0.0,58.30642828614302,0.0,0.0,0.0,0.0
2378,2,0.0,0.0,52.26475711786034,0.0,0.0,0.0,0.0
2379,3,0.0,0.0,25.010709882318274,0.0,0.0,0.0,180.2628808325426
2380,4,0.0,0.0,78.29868589236406,0.0,0.0,0.0,0.0
2381,5,0.0,0.0,51.830485550292835,0.0,0.0,0.0,0.0
2382,6,0.0,0.0,21.533751031845142,0.0,0.0,0.0,205.34429034721344
2383,7,8.218290143275556,8.207361004643024,49.90902643143171,410.16685998191446,509.5339888830845,509.2654792895304,410.8231074172161
2384,8,17.535191890960704,13.663952686125882,35.587438760741975,624.0325675774233,1087.1818972395636,950.4906826374868,727.9990987165286
2385,9,20.16628274523552,20.807479518246364,70.09301860001825,1413.5156315550205,1250.3095302046022,1233.8844584601236,1413.5156315550205
2386,10,32.52822205621459,36.86798172374803,64.0914747117225,2084.7817213331714,2016.7497674853043,1938.137870639037,2084.781721333171
2387,11,33.3116083560947,29.86147011355994,89.85942949503487,2993.3621224407066,2065.3197180778716,2083.931737655598,2958.308115069853
2388,12,36.8554920331286,27.53874618803947,102.97731130171141,3795.2794762732283,2285.0405060539733,2426.9623415649494,3665.5982444491624
2389,13,37.53266769831966,34.295271765733965,106.38264244839442,3992.8243678847434,2327.025397295819,2384.6088999456188,3838.578420544589
2390,14,31.34769620070152,32.58456580168496,54.96732276603247,1723.09893503549,1943.5571644434942,1935.2588164835295,1723.0989350354903
2391,15,22.818968910176995,19.59397122440981,95.30277068911602,2174.7109614086658,1414.7760724309737,1445.3396271031083,2100.390838018565
2392,16,9.059431330081035,8.933653928833536,107.70351802560573,975.73262556112,561.6847424650241,564.0465450395345,811.9584028818836
2393,17,10.060993488425853,10.55534520743111,76.61056468898734,770.7783924805292,623.7815962824028,607.0906974257733,770.7783924805292
2394,18,2.805281088479545e-15,2.5100255534513697e-15,93.24248790977161,2.615713879760649e-13,1.7392742748573179e-13,1.7626935480535327e-13,-59.45805618509769
2395,19,0.0,0.0,89.45687233157977,0.0,0.0,0.0,-32.150118799291135
2396,20,0.0,0.0,65.29808772120411,0.0,0.0,0.0,0.0
2397,21,0.0,0.0,94.16844321112679,0.0,0.0,0.0,-66.13753244706447
2398,22,0.0,0.0,67.20240271479862,0.0,0.0,0.0,0.0
2399,23,0.0,0.0,53.888988170644765,0.0,0.0,0.0,0.0
2400,0,0.0,0.0,28.87812768045857,0.0,0.0,0.0,152.36485450235352
2401,1,0.0,0.0,73.87842752309624,0.0,0.0,0.0,0.0
2402,2,0.0,0.0,51.499442715037965,0.0,0.0,0.0,0.0
2403,3,0.0,0.0,52.41763743250032,0.0,0.0,0.0,0.0
2404,4,0.0,0.0,36.426794976802256,0.0,0.0,0.0,97.91174651580496
2405,5,0.0,0.0,75.19824541490095,0.0,0.0,0.0,0.0
2406,6,0.0,0.0,39.80485048541034,0.0,0.0,0.0,73.54378669276599
2407,7,9.620138938470067,8.891697116396799,19.087466046630503,183.62407535191542,596.4486141851442,561.7133026259283,406.61490054247616
2408,8,13.55339459343452,14.687972411002713,52.579490960448666,712.6305885088842,840.3104647929403,836.0848843537277,712.6305885088841
2409,9,21.491068865797857,20.081518522746233,73.39721958212886,1577.3847005976181,1332.4462696794672,1322.6469554410353,1577.3847005976181
2410,10,27.022713937774352,26.08973280209834,74.04708844081516,2000.953288861226,1675.4082641420098,1669.3768362303576,2000.9532888612262
2411,11,26.51427412393329,28.307331623460136,75.75985635425347,2008.7175989664859,1643.884995683864,1585.25233740569,2008.717598966486
2412,12,31.69740288657466,33.92561319469849,68.32698317488077,2165.787913718404,1965.238978967629,1913.0794077797152,2165.787913718404
2413,13,31.449329633914704,30.765402321978396,77.69153185585009,2443.3465950984146,1949.8584373027118,1947.3064643694497,2443.3465950984146
2414,14,33.70502675022392,32.439688997884836,130.2562073561998,4390.288953323428,2089.7116585138833,2134.8742903520906,4063.828526670048
2415,15,22.621011723257908,27.580666365014164,88.09593312366763,1992.8191359618302,1402.5027268419904,1163.8445600850696,1970.4862957287123
2416,16,19.408382849811055,14.302217032225055,75.05219607665028,1456.6417551747159,1203.3197366882855,1174.1591746039687,1456.6417551747159
2417,17,6.46881043190509,6.752012815196872,87.43142303479735,565.5773014038041,401.06624677811556,387.67381031964777,548.0379748078458
2418,18,3.820842187354884e-15,3.8286486080931124e-15,83.352078963765,3.1847513970848887e-13,2.3689221561600283e-13,2.365628619545265e-13,3.410605131648481e-13
2419,19,0.0,0.0,82.85685652460884,0.0,0.0,0.0,0.0
2420,20,0.0,0.0,56.77025149610281,0.0,0.0,0.0,0.0
2421,21,0.0,0.0,84.50826215433854,0.0,0.0,0.0,0.0
2422,22,0.0,0.0,68.43722027119834,0.0,0.0,0.0,0.0
2423,23,0.0,0.0,41.540086584450414,0.0,0.0,0.0,61.02647801114563
2424,0,0.0,0.0,73.74473556533707,0.0,0.0,0.0,0.0
2425,1,0.0,0.0,12.798535601487984,0.0,0.0,0.0,268.35668848872336
2426,2,0.0,0.0,93.05146067055787,0.0,0.0,0.0,-58.08006104013816
2427,3,0.0,0.0,88.55589352236913,0.0,0.0,0.0,-25.650813098627623
2428,4,0.0,0.0,87.85221041520364,0.0,0.0,0.0,-20.57472076093086
2429,5,0.0,0.0,47.39174789039898,0.0,0.0,0.0,18.81490178392687
2430,6,0.0,0.0,67.31341107109154,0.0,0.0,0.0,0.0
2431,7,8.268700401500679,9.888106646169415,51.755754398601454,427.95282717568637,512.6594248930421,508.29562222420793,427.95282717568637
2432,8,11.002798301476092,12.700957458409258,77.32566400483445,850.7986845729035,682.1734946915177,623.3202569266903,850.7986845729035
2433,9,19.661811032602856,21.750743210276298,68.46375889126202,1346.1214899016775,1219.032284021377,1169.7758928465887,1346.1214899016773
2434,10,24.362157737665108,27.530795362145007,60.62307191153014,1476.9088404505123,1510.4537797352366,1466.7936292399593,1476.9088404505123
2435,11,25.65902388637459,29.706570870606047,64.3550360760281,1651.2874078833036,1590.8594809552246,1516.2073537405324,1651.2874078833036
2436,12,28.600235813427012,26.814954101434942,76.53168122250086,2188.824130161549,1773.2146204324747,1765.0001124448697,2188.824130161549
2437,13,29.7382714179225,28.051755372601857,134.97064003975936,4013.793526953082,1843.772827911195,1909.9314456570035,3653.325042726741
2438,14,26.161815765910454,28.347817790812403,106.72327179274892,2792.074574577085,1622.0325774864482,1465.9430927264812,2635.3714615223266
2439,15,24.410263202879946,20.767548671384404,83.14426200992054,2029.5733194713723,1513.4363185785567,1514.7411262013409,2029.5733194713725
2440,16,11.38773425430533,11.841725320369285,86.45153194402161,984.4870716561064,706.0395237669305,685.1266909252352,974.0162928297541
2441,17,8.404339803777702,8.867310253723206,100.70756277944777,846.3805784087547,521.0690678342175,491.4924536646938,733.0724170265396
2442,18,3.974521559505759e-15,4.307926169296721e-15,75.24102996834537,2.990470957686076e-13,2.4642033668935706e-13,2.357342897003139e-13,3.410605131648481e-13
2443,19,0.0,0.0,76.90928698613313,0.0,0.0,0.0,0.0
2444,20,0.0,0.0,35.969025198026706,0.0,0.0,0.0,101.21391711335099
2445,21,0.0,0.0,70.34659558002011,0.0,0.0,0.0,0.0
2446,22,0.0,0.0,64.82550260114763,0.0,0.0,0.0,0.0
2447,23,0.0,0.0,46.446392560776445,0.0,0.0,0.0,25.63432219665708
2448,0,0.0,0.0,62.377160867568605,0.0,0.0,0.0,0.0
2449,1,0.0,0.0,53.3412219845044,0.0,0.0,0.0,0.0
2450,2,0.0,0.0,39.36411798735695,0.0,0.0,0.0,76.72305706825426
2451,3,0.0,0.0,67.31280357401916,0.0,0.0,0.0,0.0
2452,4,0.0,0.0,49.75566654173308,0.0,0.0,0.0,1.762525180329476
2453,5,0.0,0.0,36.372482088876765,0.0,0.0,0.0,98.30353826329667
2454,6,0.0,0.0,27.274284666010203,0.0,0.0,0.0,163.93434530525727
2455,7,8.573324200912076,9.139132164890157,92.69152937586355,794.6745320176436,531.5461004565487,501.06918733047496,739.1908733473941
2456,8,16.08173098442744,15.444318660782365,67.21956675778515,1081.0069894884623,997.0673210345013,989.682692149628,1081.0069894884623
2457,9,18.08503509551675,19.969293221476597,71.14396240118673,1286.6410568595861,1121.2721759220385,1070.5291931472766,1286.6410568595861
2458,10,10.92461528805196,10.871774063779812,80.39416772112055,878.275353756367,677.3261478592216,677.2360866393917,878.2753537563669
2459,11,20.307992602993615,19.389180879058486,103.09011499141563,2093.55329268743,1259.095541385604,1273.169519208576,1963.0583395459971
2460,12,24.767332688469565,23.537802734771525,81.44786872674608,2017.2464615221163,1535.5746266851131,1534.4507152541348,2017.2464615221163
2461,13,37.54391773094376,35.31764947315819,99.10225163380115,3720.686782290717,2327.722899318513,2355.1654151513653,3618.958702230704
2462,14,27.98903152400343,31.64754882850639,81.75026645891383,2288.1107850142193,1735.3199544882127,1588.2920717578158,2288.1107850142193
2463,15,19.494479868344055,22.00806637665023,32.42776502100656,632.1624123774038,1208.6577518373315,1262.612624538158,758.9215834087734
2464,16,18.438056924618863,19.06228932074254,109.68610604132469,2022.3986670297256,1143.1595293263695,1096.2749118914726,1844.322836520313
2465,17,8.582150677747148,8.123210651144538,94.43084411662731,810.4197328357484,532.0933420203231,536.1426309542052,742.3893437714755
2466,18,3.2199397895514715e-15,3.292510849850885e-15,77.36197316487763,2.4910089559180263e-13,1.9963626695219123e-13,1.9711787216646745e-13,3.410605131648481e-13
2467,19,0.0,0.0,76.33609275034412,0.0,0.0,0.0,0.0
2468,20,0.0,0.0,68.84511911867524,0.0,0.0,0.0,0.0
2469,21,0.0,0.0,43.69895450986044,0.0,0.0,0.0,45.453256453482254
2470,22,0.0,0.0,80.04443319052359,0.0,0.0,0.0,0.0
2471,23,0.0,0.0,48.40507533839539,0.0,0.0,0.0,11.505157323708204
2472,0,0.0,0.0,35.98667840982826,0.0,0.0,0.0,101.08657380746644
2473,1,0.0,0.0,136.8290057887485,0.0,0.0,0.0,-373.87400162902566
2474,2,0.0,0.0,26.939155486640786,0.0,0.0,0.0,166.35183499942954
2475,3,0.0,0.0,49.09613441221961,0.0,0.0,0.0,6.5201297824544895
2476,4,0.0,0.0,7.339284860695315,0.0,0.0,0.0,307.73756970175776
2477,5,0.0,0.0,82.40832752122937,0.0,0.0,0.0,0.0
2478,6,0.0,0.0,56.85107439517772,0.0,0.0,0.0,0.0
2479,7,9.637731137780486,8.277804119643648,79.57471653573727,766.9197233365308,597.5393305423902,594.3857106510532,766.9197233365308
2480,8,16.44022214097918,15.669362417458304,45.53639556496766,748.6284585875675,1019.2937727407092,997.827099853926,780.8271401254042
2481,9,22.728667366756703,23.40036011212967,33.00977341138224,750.2681597193166,1409.1773767389157,1423.106795293501,872.8289518202021
2482,10,30.638262690344575,39.516348380387576,48.77378517304926,1494.3440425343167,1899.5722868013636,1908.7412943414295,1503.1894725639322
2483,11,26.8478619501261,29.16006497182006,99.53633177530494,2672.337694525337,1664.567440907818,1520.2387693788528,2567.4783315656823
2484,12,29.698909501650288,27.339813129225604,85.33244083502048,2534.280437914201,1841.3323891023178,1846.049002730018,2531.882340875631
2485,13,20.552923121117296,20.509373828853164,52.651851153345284,1082.1494489392167,1274.2812335092724,1273.3008905294896,1082.1494489392167
2486,14,20.432548769628546,19.860390799557592,37.54914077543026,767.2246501516266,1266.81802371697,1247.4572596955547,857.0402368326297
2487,15,22.169863548123615,23.042073638466952,77.0907259062175,1709.09087416664,1374.531539983664,1344.5594293258318,1709.0908741666403
2488,16,17.22385816620207,19.285868541123882,107.2385211198111,1847.0610777208915,1067.8792063045285,919.3151706242777,1686.641159282473
2489,17,5.913818066468578,5.47463154123304,74.70202504387278,441.77418530624306,366.6567201210519,364.033247661756,441.77418530624306
2490,18,5.0132526904837306e-15,5.130438772971561e-15,109.02620714665443,5.465759263112019e-13,3.108216668099913e-13,3.021167612942079e-13,-173.31558020813156
2491,19,0.0,0.0,84.00988127524877,0.0,0.0,0.0,0.0
2492,20,0.0,0.0,110.05536923479139,0.0,0.0,0.0,-180.73954951568498
2493,21,0.0,0.0,54.95526464193951,0.0,0.0,0.0,0.0
2494,22,0.0,0.0,61.299119954905144,0.0,0.0,0.0,0.0
2495,23,0.0,0.0,44.218459925669755,0.0,0.0,0.0,41.705749324592944
2496,0,0.0,0.0,73.05637910137118,0.0,0.0,0.0,0.0
2497,1,0.0,0.0,62.668203482952286,0.0,0.0,0.0,0.0
2498,2,0.0,0.0,16.031279464249437,0.0,0.0,0.0,245.03694955453219
2499,3,0.0,0.0,64.69534488932001,0.0,0.0,0.0,0.0
2500,4,0.0,0.0,23.56921510731662,0.0,0.0,0.0,190.66125548116838
2501,5,0.0,0.0,39.097734095265835,0.0,0.0,0.0,78.64464537947055
2502,6,0.0,0.0,77.4138194809471,0.0,0.0,0.0,0.0
2503,7,7.980417320607719,5.9573551787696974,39.2985152243476,313.6185515705497,494.78587387767857,428.98352486933834,390.81484109138466
2504,8,13.943217590838577,12.96145475658963,59.016608013854125,822.8814070103957,864.4794906319918,847.0654291721376,822.8814070103958
2505,9,24.63054876274789,20.92148446396409,78.73283633738974,1939.232964637527,1527.094023290369,1516.1509010665236,1939.232964637527
2506,10,23.5872861396245,22.865072993436407,78.85945579262788,1860.0805485957826,1462.4117406567188,1460.349527349063,1860.0805485957826
2507,11,15.170983348967722,15.346045988077373,90.26510497791114,1369.4104046127134,940.6009676359988,931.7022918896186,1331.4300143441453
2508,12,38.779169912430156,31.279954575132564,80.14733861734821,3108.0472622712214,2404.3085345706695,2390.13879691032,3108.0472622712214
2509,13,22.457209593756346,21.424169274177252,109.3916325259758,2456.630819439012,1392.3469948128934,1413.0529702669241,2280.679204701865
2510,14,17.09001037080472,12.57139121275786,64.04348300874443,1094.5037888018983,1059.5806429898926,996.4673371445081,1094.5037888018983
2511,15,23.274340360098652,22.736489406090364,89.16007251805716,2075.1418743163404,1443.0091023261164,1445.6284657250662,2045.1327522866331
2512,16,10.622581068169705,10.372268772808411,109.93410427634694,1167.7839348321172,658.6000262265217,663.7190573990466,987.9191428885878
2513,17,9.762243894559031,7.994252557638208,102.65246149504995,1002.1183654915073,605.2591214626599,631.7601555512039,874.7804720220294
2514,18,3.3724602904045708e-15,2.7873300627458022e-15,84.31344514335379,2.8434374569316476e-13,2.090925380050834e-13,2.0981522290380902e-13,3.410605131648481e-13
2515,19,0.0,0.0,77.12843398529594,0.0,0.0,0.0,0.0
2516,20,0.0,0.0,91.48662578693683,0.0,0.0,0.0,-46.79195950462508
2517,21,0.0,0.0,72.81002438925096,0.0,0.0,0.0,0.0
2518,22,0.0,0.0,84.38261764725556,0.0,0.0,0.0,0.0
2519,23,0.0,0.0,59.519727921546796,0.0,0.0,0.0,0.0
2520,0,0.0,0.0,45.878255399985896,0.0,0.0,0.0,29.732639549003977
2521,1,0.0,0.0,15.582502270607641,0.0,0.0,0.0,248.2742511904267
2522,2,0.0,0.0,45.391269840989935,0.0,0.0,0.0,33.245561259666886
2523,3,0.0,0.0,26.232770141550247,0.0,0.0,0.0,171.44742021550624
2524,4,0.0,0.0,16.758477570215994,0.0,0.0,0.0,239.7912292919647
2525,5,0.0,0.0,40.011429206219475,0.0,0.0,0.0,72.05360929451302
2526,6,0.0,0.0,76.5622464277329,0.0,0.0,0.0,0.0
2527,7,8.518160636040157,7.129786775108755,59.18433123297824,504.1416405791173,528.1259594344898,503.6742639021726,504.1416405791173
2528,8,15.854468964230648,15.29579444321882,68.45359233019947,1085.2953550892446,982.9770757823002,977.0217139095267,1085.2953550892446
2529,9,23.082773297601946,22.948441147502905,78.46744126667248,1811.2461580014965,1431.1319444513206,1430.7088762187718,1811.2461580014965
2530,10,25.06030630800107,26.249053539025443,68.45083675181343,1715.3989360394214,1553.7389910960665,1525.727891107053,1715.3989360394216
2531,11,26.01633844154081,24.26459976004647,59.67004379462587,1552.3960541825486,1613.0129833755302,1582.7999280040117,1552.3960541825486
2532,12,32.699056065926,27.985786357354932,61.81966305670642,2021.4446282678975,2027.341476087412,1953.648313115439,2021.4446282678975
2533,13,24.53747960773108,25.291654502841713,96.7593867736857,2374.2314798158773,1521.323735679327,1476.865703712419,2289.4039026151636
2534,14,31.104309262208314,40.12662609876125,75.19744846498796,2338.964692783957,1928.4671742569155,1639.7818114338443,2338.964692783957
2535,15,26.05085226651164,30.510893917032725,28.98309614985763,755.0343560260434,1615.1528405237218,1730.093152869251,906.6420093993794
2536,16,16.430734593808314,18.779024938785934,78.99743417313272,1297.9858744905869,1018.7055448161154,932.413406271262,1297.9858744905869
2537,17,7.910405854343972,7.559896341515628,99.21657701225388,784.8433916457027,490.4451629693263,494.7958387287647,682.2906134059849
2538,18,2.332207263005529e-15,2.1219608088839497e-15,91.15754032828671,2.125982776313497e-13,1.445968503063428e-13,1.4593573236615525e-13,-44.418066827521784
2539,19,0.0,0.0,61.059581684802914,0.0,0.0,0.0,0.0
2540,20,0.0,0.0,60.07821688580795,0.0,0.0,0.0,0.0
2541,21,0.0,0.0,29.556729531139545,0.0,0.0,0.0,147.46968845457963
2542,22,0.0,0.0,73.48736813433624,0.0,0.0,0.0,0.0
2543,23,0.0,0.0,69.75832546631965,0.0,0.0,0.0,0.0
2544,0,0.0,0.0,50.681501675052665,0.0,0.0,0.0,0.0
2545,1,0.0,0.0,43.845489891293,0.0,0.0,0.0,44.39620801887156
2546,2,0.0,0.0,28.37059122978428,0.0,0.0,0.0,156.02602223842038
2547,3,0.0,0.0,57.49932425864796,0.0,0.0,0.0,0.0
2548,4,0.0,0.0,20.505697806028564,0.0,0.0,0.0,212.76026075942445
2549,5,0.0,0.0,72.85885377152964,0.0,0.0,0.0,0.0
2550,6,0.0,0.0,74.08354498254792,0.0,0.0,0.0,0.0
2551,7,6.866406116922713,7.702098866448994,88.48677698873949,607.5861467822568,425.7171792492082,385.0954322717894,582.43391309131
2552,8,19.77823972419448,21.03256181362439,62.52989251145158,1236.7312040196027,1226.2508629000579,1205.9780506612228,1236.7312040196027
2553,9,25.285589409822194,30.286411924722564,52.52308380790625,1328.0771317043977,1567.706543408976,1549.4342642595782,1328.0771317043977
2554,10,32.18526618589539,34.79801477394712,70.76283585262853,2277.5207079856705,1995.4865035255139,1926.3700416591064,2277.520707985671
2555,11,23.485884410455878,24.214865794992036,91.44599141261399,2147.689984116193,1456.1248334482643,1417.9936475016948,2101.191144957995
2556,12,29.292302561600508,27.56241352471188,51.04091115672208,1495.105812622474,1816.1227588192314,1775.0909730142514,1495.105812622474
2557,13,33.519878757649145,27.207868859717404,71.00606902303672,2380.1148247094575,2078.232482974247,2023.0311271674532,2380.1148247094575
2558,14,11.154434971416288,12.573872011248412,98.90648808792837,1103.2459896279568,691.5749682278099,604.0906488577513,1002.9300705607061
2559,15,18.298885469812436,20.651679045557803,96.59256989688055,1767.5363737778696,1134.530899128371,996.326128426939,1683.9121477184954
2560,16,17.115448595550756,19.91695905004701,78.437169551621,1342.4873434412682,1061.1578129241468,960.1732729529629,1342.4873434412682
2561,17,5.948728757240845,5.077956894011699,102.47115821517228,609.5731256623718,368.8211829489324,381.755078453431,483.5430825312278
2562,18,4.364750230173495e-15,4.565176694806047e-15,68.2961487914562,2.980956311574717e-13,2.706145142707567e-13,2.65930510515112e-13,2.8421709430404007e-13
2563,19,0.0,0.0,121.83132946033024,0.0,0.0,0.0,-265.68668105997244
2564,20,0.0,0.0,62.512411127297966,0.0,0.0,0.0,0.0
2565,21,0.0,0.0,76.68495358377939,0.0,0.0,0.0,0.0
2566,22,0.0,0.0,51.44924370768966,0.0,0.0,0.0,0.0
2567,23,0.0,0.0,59.282064589844765,0.0,0.0,0.0,0.0
2568,0,0.0,0.0,31.764520660522606,0.0,0.0,0.0,131.54355420327002
2569,1,0.0,0.0,72.36332037385935,0.0,0.0,0.0,0.0
2570,2,0.0,0.0,33.65228207914444,0.0,0.0,0.0,117.92598803621362
2571,3,0.0,0.0,52.483727944188246,0.0,0.0,0.0,0.0
2572,4,0.0,0.0,52.07179451450031,0.0,0.0,0.0,0.0
2573,5,0.0,0.0,43.28906163379213,0.0,0.0,0.0,48.41006196195599
2574,6,0.0,0.0,11.596419474750817,0.0,0.0,0.0,277.028280001744
2575,7,8.442328668370367,7.312204681887037,85.2614673624708,719.8053302215116,523.4243774389628,525.6237123188166,717.9192078154445
2576,8,15.01417131306145,12.82168263559428,68.46865446742888,1028.0001077487873,930.8786214098099,907.5318856677826,1028.0001077487873
2577,9,27.00097841010362,34.42816831751203,26.464721646854862,714.57337781613,1674.0606614264245,1888.8482937883794,884.3475913753948
2578,10,26.921884367689525,27.80397357655344,29.111417650640632,783.734219770063,1669.1568307967507,1691.7477775408627,934.4162124585629
2579,11,34.93053204088552,38.2691379392155,58.00612127051197,2026.1846776071093,2165.692986534902,2130.612078965142,2026.1846776071093
2580,12,26.180959151244384,27.961705902186896,75.59541946609737,1979.1605890630797,1623.219467377152,1565.3553939351011,1979.16058906308
2581,13,34.82092936302293,36.804421550872675,66.73355582069713,2323.724433375842,2158.8976205074214,2116.4172778568714,2323.724433375842
2582,14,27.05174444623296,31.168291262100194,108.62965197189776,2938.6215844270046,1677.2081556664434,1373.46024833311,2768.1665968117013
2583,15,18.71028855879579,23.732140531745245,53.217994344319145,995.7240307025735,1160.0378906453388,1137.326600600165,995.7240307025736
2584,16,18.070079048420734,19.281383161502298,88.91254299461173,1606.656680308741,1120.3449010020854,1060.8205947207493,1578.4331386127387
2585,17,7.1475756288013095,7.251044675510417,102.00141948357489,729.0628600039389,443.14968898568117,436.37228283546926,606.421326774341
2586,18,4.36250243969413e-15,4.895063764255746e-15,99.98930265667737,4.3620357678306974e-13,2.7047515126103604e-13,2.369309090528158e-13,-108.12691620446094
2587,19,0.0,0.0,99.34751735815722,0.0,0.0,0.0,-103.49733024013835
2588,20,0.0,0.0,77.33811747655515,0.0,0.0,0.0,0.0
2589,21,0.0,0.0,73.45209232572343,0.0,0.0,0.0,0.0
2590,22,0.0,0.0,55.90313933950978,0.0,0.0,0.0,0.0
2591,23,0.0,0.0,27.12967913924411,0.0,0.0,0.0,164.97747252961642
2592,0,0.0,0.0,59.9251908041184,0.0,0.0,0.0,0.0
2593,1,0.0,0.0,42.79900716484809,0.0,0.0,0.0,51.94512157832372
2594,2,0.0,0.0,35.120069317983564,0.0,0.0,0.0,107.33794992563244
2595,3,0.0,0.0,58.30174286335581,0.0,0.0,0.0,0.0
2596,4,0.0,0.0,62.57862528357241,0.0,0.0,0.0,0.0
2597,5,0.0,0.0,43.20807092991773,0.0,0.0,0.0,48.994296949516695
2598,6,0.0,0.0,67.50017517543532,0.0,0.0,0.0,0.0
2599,7,9.247803968695276,9.177272541247799,61.88845691429366,572.3323174684316,573.3638460591071,572.2647084638786,572.3323174684315
2600,8,12.47280445862174,12.365250038068917,71.39654693684595,890.5151689640885,773.3138764345479,772.4047630367215,890.5151689640885
2601,9,20.514326247543146,20.37658386380005,92.40910391579746,1895.710505971786,1271.888227347675,1272.894687245297,1842.264153155853
2602,10,31.641500251446654,35.67269184995975,71.52580702333749,2263.183840913858,1961.7730155896925,1851.2891042608205,2263.183840913858
2603,11,34.19854353830969,32.93201653109261,72.55296099358615,2481.205595372441,2120.309699375201,2110.7027383417003,2481.205595372441
2604,12,32.56063544856511,30.648067491739877,53.18011756390881,1731.5784211102691,2018.7593978110367,1976.4631260825704,1731.5784211102691
2605,13,32.10841091560654,32.160179065851764,58.95910191783702,1893.0830715930367,1990.7214767676055,1990.115847524802,1893.0830715930365
2606,14,27.429451324516016,29.574880820796853,89.01369562465483,2441.5968313517537,1700.625982119993,1594.9268506817812,2412.6436144865293
2607,15,22.28734438750005,29.946342993987173,51.654144229603475,1151.233701486771,1381.815352025003,1362.1494922849324,1151.233701486771
2608,16,18.98518995753759,22.962656686889776,76.74398550355025,1456.9991428834126,1177.0817773673305,1042.1264033143439,1456.9991428834123
2609,17,10.49547775180779,10.806189888203471,71.49897656540548,750.4159178192399,650.719620612083,642.2142733701879,750.4159178192399
2610,18,4.232048947417555e-15,3.9718058651316326e-15,84.65588026781136,3.582678289800976e-13,2.623870347398884e-13,2.6277529404905364e-13,3.410605131648481e-13
2611,19,0.0,0.0,77.15754862346381,0.0,0.0,0.0,0.0
2612,20,0.0,0.0,77.61157982246046,0.0,0.0,0.0,0.0
2613,21,0.0,0.0,77.83240107973917,0.0,0.0,0.0,0.0
2614,22,0.0,0.0,81.83213845115915,0.0,0.0,0.0,0.0
2615,23,0.0,0.0,78.15831208500971,0.0,0.0,0.0,0.0
2616,0,0.0,0.0,48.60697683460438,0.0,0.0,0.0,10.048719578592682
2617,1,0.0,0.0,39.03365127075559,0.0,0.0,0.0,79.10691359532228
2618,2,0.0,0.0,34.244687008148986,0.0,0.0,0.0,113.65261257741273
2619,3,0.0,0.0,44.403917772185224,0.0,0.0,0.0,40.36792958147737
2620,4,0.0,0.0,33.592734014548626,0.0,0.0,0.0,118.35554428296945
2621,5,0.0,0.0,66.71537205259041,0.0,0.0,0.0,0.0
2622,6,0.0,0.0,82.96928119166131,0.0,0.0,0.0,0.0
2623,7,9.706624028403024,10.479246278911106,32.69465248660876,317.3546994268033,601.8106897609874,618.1374993127595,442.1886495663033
2624,8,17.483856700110557,16.900764631165025,63.70870024472141,1113.8737856290077,1083.9991154068546,1075.7084355088757,1113.8737856290077
2625,9,17.872744657795376,16.88455056744275,100.77546144004819,1801.1340900894852,1108.1101687833134,1121.5314217671614,1687.3361345551807
2626,10,30.588466765664684,28.083559770101004,34.11166337824632,1043.4234815670286,1896.4849394712105,1805.265613916124,1158.0356741337941
2627,11,24.864940173570865,21.118617233152055,104.0749048433015,2587.8162824987726,1541.6262907613936,1601.7779211077013,2450.2174438576076
2628,12,36.586860031905914,33.023574042242785,49.47160578070056,1810.0107162521188,2268.3853219781668,2179.6727004424333,1813.8223437028234
2629,13,27.70261394966727,33.55748087463285,66.11976572704215,1831.6903443786898,1717.5620648793708,1596.660777425072,1831.6903443786898
2630,14,16.119057798123688,18.998803484402817,102.02145875855179,1644.4897903779884,999.3815834836687,810.6809963231701,1521.7037017240418
2631,15,25.52021939464008,24.469538163251155,90.52811125980053,2310.2972607324964,1582.253602467685,1588.4485066818922,2270.419646900267
2632,16,11.614964776106536,10.925747702050456,87.79605557111495,1019.7480929395921,720.1278161186052,722.77926292792,999.5784510712772
2633,17,10.529802738500244,11.970824905418668,71.47016627365825,752.5667525494345,652.8477697870152,613.4535267938486,752.5667525494345
2634,18,3.4466057291155826e-15,3.196641744339555e-15,62.62167854699926,2.1583223604692203e-13,2.1368955520516612e-13,2.0993166137628096e-13,2.2737367544323206e-13
2635,19,0.0,0.0,79.9376125081844,0.0,0.0,0.0,0.0
2636,20,0.0,0.0,70.75402785108832,0.0,0.0,0.0,0.0
2637,21,0.0,0.0,52.68410005234742,0.0,0.0,0.0,0.0
2638,22,0.0,0.0,57.389234293282826,0.0,0.0,0.0,0.0
2639,23,0.0,0.0,62.340176057741935,0.0,0.0,0.0,0.0
2640,0,0.0,0.0,74.74673307619193,0.0,0.0,0.0,0.0
2641,1,0.0,0.0,54.75311045254593,0.0,0.0,0.0,0.0
2642,2,0.0,0.0,46.48769789738012,0.0,0.0,0.0,25.336361793025276
2643,3,0.0,0.0,34.38301479463456,0.0,0.0,0.0,112.65477049491855
2644,4,0.0,0.0,38.46002511421774,0.0,0.0,0.0,83.24482639762499
2645,5,0.0,0.0,61.651237390064566,0.0,0.0,0.0,0.0
2646,6,0.0,0.0,67.91497952384415,0.0,0.0,0.0,0.0
2647,7,9.729543501999267,11.076696633883993,58.72568467438449,571.3741037241156,603.2316971239545,587.8645787618426,571.3741037241156
2648,8,14.609951101631156,15.51881938109007,84.01088542681009,1227.3949280904328,905.8169683011316,866.7232655104783,1227.394928090433
2649,9,15.321221307692717,19.58787776066402,72.97707199406382,1118.097870408476,949.9157210769484,825.2383022331395,1118.097870408476
2650,10,25.603923027415707,22.251515308130323,58.920551726914525,1508.597271148785,1587.4432276997738,1527.7382334294764,1508.5972711487852
2651,11,34.860080891978285,34.82190327902845,51.42034742117281,1792.5174705957113,2161.325015302654,2160.4303328909577,1792.5174705957113
2652,12,29.51341995132757,24.61675448907061,59.531195473034586,1756.9691722002406,1829.8320369823093,1744.867039922135,1756.9691722002406
2653,13,26.50149139747637,23.03315086777226,89.0334070879272,2359.5180720287144,1643.092466643535,1659.6539845274074,2330.422664443459
2654,14,9.548099130053787,11.0530958386032,82.34384654780754,786.2272095884038,591.9821460633348,530.382919463713,786.2272095884038
2655,15,18.224475152172662,16.250693734397924,89.18227829672246,1625.3002148327657,1129.917459434705,1139.5627543053358,1595.13090907577
2656,16,10.30570991091328,12.242146085592983,73.90582579352983,761.6520013546107,638.9540144766233,580.1206640740555,761.6520013546105
2657,17,10.459231036349784,9.068019635968287,83.45004468084772,872.8232973106988,648.4723242536867,649.2897075717892,872.8232973106988
2658,18,4.876615442392249e-15,4.822452888230451e-15,86.40921534745192,4.213845139283814e-13,3.0235015742831945e-13,3.0250218692503907e-13,-10.16552359225932
2659,19,0.0,0.0,128.7533054929146,0.0,0.0,0.0,-315.6190854944857
2660,20,0.0,0.0,48.857961975673234,0.0,0.0,0.0,8.238211782566111
2661,21,0.0,0.0,84.70281587790475,0.0,0.0,0.0,0.0
2662,22,0.0,0.0,47.128692433962264,0.0,0.0,0.0,20.71248007337374
2663,23,0.0,0.0,84.31714471085955,0.0,0.0,0.0,0.0
2664,0,0.0,0.0,39.388814362224,0.0,0.0,0.0,76.54490716248705
2665,1,0.0,0.0,71.57659330028318,0.0,0.0,0.0,0.0
2666,2,0.0,0.0,54.43484563627841,0.0,0.0,0.0,0.0
2667,3,0.0,0.0,24.224417870844164,0.0,0.0,0.0,185.93488121736533
2668,4,0.0,0.0,57.32390361959038,0.0,0.0,0.0,0.0
2669,5,0.0,0.0,67.63411034112013,0.0,0.0,0.0,0.0
2670,6,0.0,0.0,74.25291551706289,0.0,0.0,0.0,0.0
2671,7,8.628210302038363,7.963084156323688,59.20677466359933,510.8485031029317,534.9490387263785,523.2461980662165,510.8485031029317
2672,8,14.444977903527148,13.190704658972228,117.9351476030366,1703.5706011750763,895.5886300186831,928.7658640296213,1465.9894390208324
2673,9,20.759738992275327,20.951633263944437,106.03929388720006,2201.3480640234498,1287.1038175210704,1273.5658460285663,2049.5788977554716
2674,10,30.194097529797972,29.245557482956762,70.90386681849914,2140.878269957569,1872.0340468474742,1863.665931808251,2140.8782699575695
2675,11,24.40217682908588,20.125726217775018,48.64544180101194,1187.0546727572994,1512.9349634033247,1403.8173974976196,1196.8259212423516
2676,12,38.641666092490894,33.98805092047459,44.45466261410605,1717.8022289886244,2395.7832977344356,2262.4153263753274,1757.8041052989217
2677,13,34.01571616039996,38.4053767864199,66.49568333554521,2261.8982902337434,2108.9744019447976,2016.2665070851174,2261.8982902337434
2678,14,31.159381648724782,32.83577665433037,73.74554176389142,2297.8654807130656,1931.8816622209365,1881.2848301951506,2297.865480713065
2679,15,29.064949550000826,28.970857184221888,60.39613668600974,1755.410665793827,1802.0268721000512,1800.4552569602781,1755.410665793827
2680,16,16.901352021209068,19.43702032872,74.78971827960005,1264.0473562105751,1047.8838253149622,968.0428624190739,1264.0473562105751
2681,17,8.146902462265734,8.086605830299444,48.64620363647436,396.31587618587326,505.1079526604755,503.5694631564848,406.0816290904376
2682,18,2.6652131987951767e-15,2.89116594819838e-15,44.27400376238788,1.1799965919102348e-13,1.6524321832530094e-13,1.6674749769180043e-13,41.305077998110846
2683,19,0.0,0.0,81.74564863273974,0.0,0.0,0.0,0.0
2684,20,0.0,0.0,106.84780583441868,0.0,0.0,0.0,-157.60145250367384
2685,21,0.0,0.0,37.50766812630963,0.0,0.0,0.0,90.11475401112881
2686,22,0.0,0.0,58.23252635655395,0.0,0.0,0.0,0.0
2687,23,0.0,0.0,56.9525134896688,0.0,0.0,0.0,0.0
2688,0,0.0,0.0,60.80437876660658,0.0,0.0,0.0,0.0
2689,1,0.0,0.0,40.6443478332327,0.0,0.0,0.0,67.48798400060946
2690,2,0.0,0.0,27.996519764898306,0.0,0.0,0.0,158.7244262178869
2691,3,0.0,0.0,63.76739947337564,0.0,0.0,0.0,0.0
2692,4,0.0,0.0,14.26703281676432,0.0,0.0,0.0,257.7635288882042
2693,5,0.0,0.0,64.95811825370333,0.0,0.0,0.0,0.0
2694,6,0.0,0.0,46.42161489734721,0.0,0.0,0.0,25.813058486044213
2695,7,9.05961333697527,10.397122860815974,68.52225895667424,620.785171123559,561.6960268924668,530.0601499335519,620.785171123559
2696,8,15.319795150537987,13.026640091804014,88.5412227841349,1356.4333954310935,949.8272993333552,959.9307503922968,1330.8884112505978
2697,9,24.52571300313634,22.258537904804736,49.91743679182541,1224.2607286085088,1520.594206194453,1464.90802734812,1224.8563070217506
2698,10,30.14248213903123,30.759621158633188,56.82957229229402,1712.9843677892566,1868.8338926199363,1863.2568286741764,1712.9843677892566
2699,11,33.554289603861285,35.94934218379205,57.47262793041664,1928.4532018721668,2080.3659554394,2056.7967581449257,1928.4532018721668
2700,12,35.34801344861923,41.06831783355743,113.55023007436104,4013.7750597623212,2191.576833814392,1734.3083569241744,3807.8249628448157
2701,13,39.94371165880777,40.49656628252671,62.981227253685205,2515.7039813390475,2476.5101228460817,2467.26278114829,2515.7039813390475
2702,14,31.399702609967246,35.750127283755624,71.94439962698638,2259.032752740011,1946.7815618179693,1825.2720274951826,2259.032752740011
2703,15,23.232048783202902,18.20374731238281,80.8047167497192,1877.2591214423692,1440.38702455858,1433.3651904290948,1877.2591214423694
2704,16,19.014735885170865,16.274190259224603,110.90379275132659,2108.806327830202,1178.9136248805935,1236.9524741660493,1921.9465857625687
2705,17,7.570655317037241,7.563667017763234,76.05092834123498,575.7553650121888,469.38062965630894,469.3459550868065,575.7553650121888
2706,18,3.951967023345785e-15,4.447251540995445e-15,103.36662070026917,4.085014763221555e-13,2.4502195544743863e-13,2.1173473694845734e-13,-132.48955624579662
2707,19,0.0,0.0,66.29044253864647,0.0,0.0,0.0,0.0
2708,20,0.0,0.0,58.43241675267201,0.0,0.0,0.0,0.0
2709,21,0.0,0.0,75.9459619759958,0.0,0.0,0.0,0.0
2710,22,0.0,0.0,86.78455468856268,0.0,0.0,0.0,-12.87307353064466
2711,23,0.0,0.0,49.655757451073384,0.0,0.0,0.0,2.4832299470060093
2712,0,0.0,0.0,45.5419254405825,0.0,0.0,0.0,32.15879119664322
2713,1,0.0,0.0,63.556489924349115,0.0,0.0,0.0,0.0
2714,2,0.0,0.0,49.7870049584291,0.0,0.0,0.0,1.5364622050407775
2715,3,0.0,0.0,64.45187465693238,0.0,0.0,0.0,0.0
2716,4,0.0,0.0,20.84206822496281,0.0,0.0,0.0,210.33381725269066
2717,5,0.0,0.0,36.5355206654846,0.0,0.0,0.0,97.12744228907093
2718,6,0.0,0.0,61.26746656269116,0.0,0.0,0.0,0.0
2719,7,8.164140933231922,5.410341758318429,73.29982657339511,598.430114526656,506.17673786037915,486.8309404700808,598.430114526656
2720,8,11.605998752444172,10.946036882692335,65.6630968226239,762.0858198049939,719.5719226515387,711.1556418414908,762.0858198049939
2721,9,26.722799017411308,19.29096456434356,63.137785414069185,1687.218350024614,1656.8135390795012,1547.961979687309,1687.218350024614
2722,10,26.971814507676722,28.64182822102079,79.45975596415128,2143.1737986903477,1672.2524994759567,1609.9197470544068,2143.1737986903477
2723,11,21.049278036374805,18.217529532584603,53.13026788869112,1118.3537809361355,1305.0552382552378,1242.3254984700757,1118.3537809361355
2724,12,39.38879981823546,39.61258309920545,75.77639825128553,2984.7413816667736,2442.105588730599,2434.7832883747865,2984.7413816667736
2725,13,31.475205143698496,25.917903190420837,95.50514716953666,3006.044099440282,1951.4627189093067,2004.9732034910942,2930.2641119563405
2726,14,33.98255400838224,33.63513033813185,65.9045971964145,2239.6065336278325,2106.9183485196986,2102.5506937474383,2239.606533627832
2727,15,23.63018667487147,24.111814656214083,64.94072457776704,1534.561444574049,1465.0715738420313,1455.8359210786275,1534.561444574049
2728,16,7.562140072967275,7.11343516238434,110.5644074812938,836.1035364581746,468.85268452397105,478.2410744972409,651.6919858437652
2729,17,5.887253826274929,5.855290304631412,124.2792187105289,731.66330588002,365.0097372290456,366.00730000996754,448.31851744197536
2730,18,4.1358041718574344e-15,3.3003215983982085e-15,90.4556908682371,3.741070236611014e-13,2.564198586551609e-13,2.613005541436591e-13,-39.355201696759536
2731,19,0.0,0.0,63.812328384717006,0.0,0.0,0.0,0.0
2732,20,0.0,0.0,74.88308799185648,0.0,0.0,0.0,0.0
2733,21,0.0,0.0,51.85457252778117,0.0,0.0,0.0,0.0
2734,22,0.0,0.0,76.82199972227076,0.0,0.0,0.0,0.0
2735,23,0.0,0.0,56.31008657292096,0.0,0.0,0.0,0.0
2736,0,0.0,0.0,34.790111977366685,0.0,0.0,0.0,109.71813201529324
2737,1,0.0,0.0,54.84038321719987,0.0,0.0,0.0,0.0
2738,2,0.0,0.0,36.892491415932554,0.0,0.0,0.0,94.5523961174643
2739,3,0.0,0.0,24.550664274132025,0.0,0.0,0.0,183.5814683656608
2740,4,0.0,0.0,68.53491204535126,0.0,0.0,0.0,0.0
2741,5,0.0,0.0,63.29495412732234,0.0,0.0,0.0,0.0
2742,6,0.0,0.0,53.11699645723027,0.0,0.0,0.0,0.0
2743,7,9.908830830510983,10.805894186094644,88.48340948825884,876.7671359259872,614.347511491681,570.7464092515921,851.6391940550557
2744,8,13.988247803146665,12.549128398979281,51.47425446667826,720.0346269621245,867.2713637950932,833.6041595502502,720.0346269621245
2745,9,12.493489237274455,13.036162397791182,65.3596257657467,816.5697810566426,774.5963327110162,763.9059253074429,816.5697810566426
2746,10,35.72890303422642,37.23848694411876,65.92882373802384,2355.5645504964587,2215.191988122038,2184.379826144052,2355.5645504964587
2747,11,21.868572111128852,26.530758655141543,94.84555762502077,2074.1369163429936,1355.8514708899888,1092.1724334703356,2003.114947630355
2748,12,35.41866917375135,30.116923356612393,75.72562063428443,2682.1007052227187,2195.9574887725835,2168.35774244602,2682.1007052227187
2749,13,37.84169031427252,47.71184811271336,56.54241083441372,2139.6604004182514,2346.1847994848963,2260.5314364383103,2139.6604004182514
2750,14,28.92177113848768,32.911965690009694,73.16560882314495,2116.0789935911134,1793.1498105862363,1675.6106056744713,2116.0789935911134
2751,15,24.451804942417557,27.285185031649245,68.48562541819852,1674.597154085264,1516.0119064298885,1449.1242126391242,1674.597154085264
2752,16,18.46844549535835,15.922721044569332,77.67557341279324,1434.5470938948781,1145.0436207122177,1135.5141596128024,1434.547093894878
2753,17,8.202805710080055,7.312097138324001,83.25289837106034,682.9073501388483,508.5739540249634,508.9655752280674,682.9073501388482
2754,18,4.961420398823416e-15,5.333543825331679e-15,95.82570647545721,4.754316148389985e-13,3.076080647270518e-13,2.861059793690364e-13,-78.09237585875269
2755,19,0.0,0.0,67.67019147919024,0.0,0.0,0.0,0.0
2756,20,0.0,0.0,94.0963083618893,0.0,0.0,0.0,-65.61718010129016
2757,21,0.0,0.0,68.02999342193628,0.0,0.0,0.0,0.0
2758,22,0.0,0.0,45.42184918337628,0.0,0.0,0.0,33.02497394699941
2759,23,0.0,0.0,65.09441806540907,0.0,0.0,0.0,0.0
2760,0,0.0,0.0,50.94671676061169,0.0,0.0,0.0,0.0
2761,1,0.0,0.0,41.65024014862611,0.0,0.0,0.0,60.2318736538881
2762,2,0.0,0.0,78.33030114014855,0.0,0.0,0.0,0.0
2763,3,0.0,0.0,44.59883865157066,0.0,0.0,0.0,38.96184725232911
2764,4,0.0,0.0,44.26777443818959,0.0,0.0,0.0,41.35001388545828
2765,5,0.0,0.0,76.53634604435764,0.0,0.0,0.0,0.0
2766,6,0.0,0.0,72.57737624565536,0.0,0.0,0.0,0.0
2767,7,9.035582802406518,7.923357761306688,78.75064095068564,711.5579370525056,560.2061337492041,556.9395073520254,711.5579370525056
2768,8,11.982568708140267,13.053471131618217,56.713062184807384,679.568164278486,742.9192599046966,733.397515489622,679.568164278486
2769,9,26.33195460294902,28.563447573020643,66.3173728623567,1746.26605159842,1632.581185382839,1585.9503103573202,1746.26605159842
2770,10,28.858345561852385,27.830488996958895,37.74790253130126,1089.3420154834141,1789.2174248348479,1754.5898898822695,1177.7238132674975
2771,11,33.10250040685873,34.23674283007475,27.943598273067806,925.002973203324,2052.355025225241,2083.0595371913605,1084.1091541861679
2772,12,27.673935469478696,26.705000203409355,63.9756969857208,1770.45930999776,1715.7839991076792,1702.2012443470032,1770.45930999776
2773,13,31.67211002020646,31.403106450921857,75.23551880513835,2382.867629023654,1963.6708212528006,1962.171567278826,2382.8676290236544
2774,14,15.427258761083893,13.0553504107884,138.24680762381757,2132.7692741064193,956.4900431872013,1055.3632935223516,1748.6678093507649
2775,15,16.72724549136091,9.913206784756229,113.30424151810054,1895.267863085715,1037.0892204643765,1193.6634361500028,1691.0922305725417
2776,16,20.53129886148741,20.221235206640035,60.63270958448745,1244.868281260884,1272.9405294122196,1267.8165824644814,1244.868281260884
2777,17,6.481915315278213,5.7084764192650805,107.02906110509332,693.753310356952,401.87874954724924,416.0108671412691,534.8443538343956
2778,18,3.4549383237955786e-15,3.1004614645692327e-15,60.5891225526666,2.0933168151235483e-13,2.1420617607532588e-13,2.0833669220260449e-13,2.2737367544323206e-13
2779,19,0.0,0.0,112.13119741012554,0.0,0.0,0.0,-195.71375507482264
2780,20,0.0,0.0,64.89362086480227,0.0,0.0,0.0,0.0
2781,21,0.0,0.0,57.03820484830691,0.0,0.0,0.0,0.0
2782,22,0.0,0.0,82.9042598828673,0.0,0.0,0.0,0.0
2783,23,0.0,0.0,46.139980792587124,0.0,0.0,0.0,27.844655815366707
2784,0,0.0,0.0,88.31471795457222,0.0,0.0,0.0,-23.91106769438602
2785,1,0.0,0.0,39.44931211442793,0.0,0.0,0.0,76.10850024397047
2786,2,0.0,0.0,67.7496010385945,0.0,0.0,0.0,0.0
2787,3,0.0,0.0,53.17117420451199,0.0,0.0,0.0,0.0
2788,4,0.0,0.0,66.92532796123865,0.0,0.0,0.0,0.0
2789,5,0.0,0.0,37.168019290523645,0.0,0.0,0.0,92.56484672372164
2790,6,0.0,0.0,25.831053177313393,0.0,0.0,0.0,174.3452479213601
2791,7,7.899719315233546,8.162258398097363,45.66738026635127,360.75948596621043,489.78259754447987,491.07318051713526,392.01329554068974
2792,8,18.64776203879373,19.146220744154483,54.43786566057216,1015.1443647381702,1156.1612464052112,1153.1469010878636,1015.1443647381702
2793,9,29.69583649592945,29.222068007198978,54.61303218491404,1621.7796743101399,1841.1418627476257,1831.173666738763,1621.77967431014
2794,10,27.982857018188515,33.99369904955967,56.65903740145673,1585.481742393159,1734.937135127688,1681.8986867355666,1585.4817423931588
2795,11,33.2303746039514,33.53780066078827,23.488787044486607,780.5411924807303,2060.283225444987,2070.3173094926633,971.7826242789226
2796,12,38.95859922674321,41.543276977766745,51.342265200809585,2000.2227333515052,2415.433152058079,2409.804159431935,2000.2227333515052
2797,13,23.199643523225024,26.419865208838754,83.3556814707541,1933.8220957569886,1438.3778984399514,1302.5019265839617,1933.8220957569888
2798,14,29.345111165368888,29.100181260871306,72.62439263286305,2131.1708751287633,1819.396892252871,1817.5521523378425,2131.1708751287633
2799,15,26.928963778692037,25.654650973136796,71.5314356089744,1926.2674385519135,1669.5957542789063,1658.9534286316812,1926.2674385519135
2800,16,18.94859813065048,18.122022701156553,74.70203554266325,1415.4988510394946,1174.81308410033,1169.875557806267,1415.4988510394946
2801,17,6.688959476294694,7.027753016612243,90.513633636244,605.4420274450205,414.71548753027105,397.3888940466732,565.6688494778203
2802,18,3.288617951992671e-15,3.415617591581599e-15,66.55574739341897,2.1887642568628705e-13,2.0389431302354562e-13,2.0120259576363923e-13,2.2737367544323206e-13
2803,19,0.0,0.0,76.5648845440413,0.0,0.0,0.0,0.0
2804,20,0.0,0.0,66.8487902424814,0.0,0.0,0.0,0.0
2805,21,0.0,0.0,43.55236826067309,0.0,0.0,0.0,46.510671828009094
2806,22,0.0,0.0,58.870113972740626,0.0,0.0,0.0,0.0
2807,23,0.0,0.0,17.599625381875953,0.0,0.0,0.0,233.72352080477862
2808,0,0.0,0.0,39.770754012038026,0.0,0.0,0.0,73.78974520088605
2809,1,0.0,0.0,57.58913538677586,0.0,0.0,0.0,0.0
2810,2,0.0,0.0,58.23810804216388,0.0,0.0,0.0,0.0
2811,3,0.0,0.0,51.11558783331182,0.0,0.0,0.0,0.0
2812,4,0.0,0.0,57.845195708081434,0.0,0.0,0.0,0.0
2813,5,0.0,0.0,69.71950217422251,0.0,0.0,0.0,0.0
2814,6,0.0,0.0,64.59273346825049,0.0,0.0,0.0,0.0
2815,7,9.447073647970019,9.353706098221531,86.90271841102668,820.9763810377691,585.7185661741412,586.0151985031251,807.2509210279188
2816,8,12.285442467815189,12.754911815425793,25.312112721305596,310.97050457645287,761.6974330045417,775.9504562490024,489.0591842295663
2817,9,18.43832600443292,16.32875436833215,85.66402373740681,1579.5011965217868,1143.176212274841,1147.9185668696157,1574.711191232223
2818,10,7.032123431235049,7.5104735099842115,40.49377962161995,284.757256496462,435.99165273657303,441.4366042804547,353.3313801776826
2819,11,22.33144172272494,18.49479869848443,64.36297939839002,1437.3181235360928,1384.5493868089463,1331.8808512521614,1437.3181235360928
2820,12,38.49272463632964,39.670461501052976,79.23078676972318,3049.808857846704,2386.5489274524375,2342.927340065613,3049.808857846704
2821,13,34.48229397612902,36.92995409507147,83.79004124358113,2889.27283443314,2137.902226519999,2033.2952259988606,2889.27283443314
2822,14,16.199995710616104,16.403821197234755,70.2040359325585,1137.3050809753865,1004.3997340581984,999.150199495371,1137.3050809753863
2823,15,25.62499804460887,25.644944994748922,79.31624639094856,2032.4786586737723,1588.7498787657498,1588.0089431593626,2032.4786586737723
2824,16,13.422093032917223,11.716713713089861,76.6033554391932,1028.1773633384767,832.1697680408678,824.4145838581101,1028.1773633384767
2825,17,10.27388763557586,10.21982258235085,103.8739783099473,1067.1895814166428,636.9810334057033,637.8409642302684,931.0401475231738
2826,18,4.339212362465322e-15,5.371423420541665e-15,85.95325529967151,3.729694279904726e-13,2.6903116647284996e-13,2.221258763261083e-13,-6.876407680187754
2827,19,0.0,0.0,68.50683344831532,0.0,0.0,0.0,0.0
2828,20,0.0,0.0,82.6352228974507,0.0,0.0,0.0,0.0
2829,21,0.0,0.0,80.11122745049727,0.0,0.0,0.0,0.0
2830,22,0.0,0.0,58.596492034695174,0.0,0.0,0.0,0.0
2831,23,0.0,0.0,70.38923911939118,0.0,0.0,0.0,0.0
2832,0,0.0,0.0,84.58158051574841,0.0,0.0,0.0,0.0
2833,1,0.0,0.0,9.24207204041457,0.0,0.0,0.0,294.01161362168796
2834,2,0.0,0.0,74.12089343658833,0.0,0.0,0.0,0.0
2835,3,0.0,0.0,79.49308599979356,0.0,0.0,0.0,0.0
2836,4,0.0,0.0,62.33204609684557,0.0,0.0,0.0,0.0
2837,5,0.0,0.0,51.072062491604335,0.0,0.0,0.0,0.0
2838,6,0.0,0.0,31.32657859848736,0.0,0.0,0.0,134.70269547412823
2839,7,7.789541325360197,9.406989381004745,65.36533990879428,509.1660164657692,482.9515621723322,451.07703919476387,509.1660164657692
2840,8,4.594119582810184,4.6771153118136555,64.92865819184931,298.2900200847638,284.8354141342314,283.24514768263447,298.2900200847638
2841,9,29.505380280382916,31.246939096886212,30.98054239939585,914.0926847867012,1829.3335773837407,1869.8671780622926,1051.2915488925441
2842,10,36.09038187844143,40.67543759358078,44.911202965763984,1620.8624656546133,2237.6036764633686,2264.476671012059,1657.571039969592
2843,11,29.27062026298535,31.26786633822257,69.44583811395675,2032.7227562783828,1814.7784563050916,1765.232178451475,2032.7227562783828
2844,12,36.527995559174414,34.95538878848537,72.1188534192492,2634.3571574310854,2264.735724668814,2252.2950527721746,2634.357157431086
2845,13,23.523563234329888,18.952456877463025,61.76963500808216,1453.041915074098,1458.460920528453,1386.8190048378,1453.041915074098
2846,14,37.166880290628725,49.22158528888509,21.79580742196171,810.0821652896481,2304.346578018981,2723.3107520726817,1013.5360842177245
2847,15,21.159988743914578,23.054062507888442,79.32116941997191,1678.4350520807468,1311.9193021227038,1241.551693081465,1678.435052080747
2848,16,20.369168091975297,22.432356966243255,64.28814246246614,1309.4959801388275,1262.8884217024683,1225.0079065621899,1309.4959801388275
2849,17,7.267429141383082,8.174736612343471,80.28341340510633,583.4540181499749,450.5806067657511,415.78149399447716,583.4540181499749
2850,18,4.0890223329852176e-15,4.638164115977391e-15,46.563210491715374,1.9039800759611577e-13,2.5351938464508347e-13,2.5560391965152264e-13,24.791643726609493
2851,19,0.0,0.0,75.05511658081768,0.0,0.0,0.0,0.0
2852,20,0.0,0.0,82.44708411236932,0.0,0.0,0.0,0.0
2853,21,0.0,0.0,59.66145330739387,0.0,0.0,0.0,0.0
2854,22,0.0,0.0,64.56642860388425,0.0,0.0,0.0,0.0
2855,23,0.0,0.0,51.43879274887007,0.0,0.0,0.0,0.0
2856,0,0.0,0.0,13.92674737971874,0.0,0.0,0.0,260.21821379114965
2857,1,0.0,0.0,52.472392498675056,0.0,0.0,0.0,0.0
2858,2,0.0,0.0,34.309090572412074,0.0,0.0,0.0,113.18803067151322
2859,3,0.0,0.0,24.35689704741021,0.0,0.0,0.0,184.9792286996005
2860,4,0.0,0.0,66.91345764917754,0.0,0.0,0.0,0.0
2861,5,0.0,0.0,62.7100452881822,0.0,0.0,0.0,0.0
2862,6,0.0,0.0,50.255177502881644,0.0,0.0,0.0,0.0
2863,7,8.620642787552924,6.881498643609413,60.84814672730346,524.5501372206907,534.4798528282813,506.02068944173766,524.5501372206907
2864,8,17.597642840586342,16.125211157308883,66.63030575522174,1172.5363230394569,1091.0538561163532,1073.3445216984906,1172.5363230394569
2865,9,23.01078978021401,23.067593761428995,31.088404911046958,715.3687500102744,1426.6689663732686,1427.983381747884,851.7895365079703
2866,10,30.811853579687284,34.767353908814506,40.70821853323825,1254.2956689360492,1910.3349219406116,1954.2992275884908,1321.3229149033023
2867,11,37.064471849570815,30.48022523879969,40.32978435195639,1494.8021568123493,2297.9972546733907,2088.929899254955,1564.5592776740918
2868,12,20.41207924188171,21.473867302241345,92.56289961654606,1889.4012418312802,1265.548912996666,1208.5270456825683,1834.845467501329
2869,13,32.1468569991798,32.009015228263756,105.11614653015805,3379.153730809821,1993.1051339491478,1995.4259909945438,3234.0437854012457
2870,14,20.472508899358424,24.068184885514324,97.72868363886757,2000.7513455193002,1269.2955517602222,1052.976611753259,1908.931643113077
2871,15,25.282028101688766,24.05536336133353,82.95788493885829,2097.3435782808783,1567.4857423047035,1567.753662694387,2097.3435782808783
2872,16,16.047248577472573,16.883357378546634,65.8359803690447,1056.4863423236648,994.9294118032994,977.9606042025196,1056.4863423236648
2873,17,9.306298124918115,9.13196244146718,102.4323122242727,953.265635183776,576.9904837449232,579.5748767402738,827.5158117065467
2874,18,4.2053911152838796e-15,3.712435138310178e-15,80.25029016396124,3.374838572544759e-13,2.6073424914760055e-13,2.5984087371788e-13,3.410605131648481e-13
2875,19,0.0,0.0,61.241638251074086,0.0,0.0,0.0,0.0
2876,20,0.0,0.0,89.45150280346486,0.0,0.0,0.0,-32.111385141706364
2877,21,0.0,0.0,95.12652507354204,0.0,0.0,0.0,-73.04875704684525
2878,22,0.0,0.0,77.2739055835596,0.0,0.0,0.0,0.0
2879,23,0.0,0.0,104.89194053252065,0.0,0.0,0.0,-143.49261178910388
2880,0,0.0,0.0,38.17880056121107,0.0,0.0,0.0,85.27346938216328
2881,1,0.0,0.0,41.47447394875913,0.0,0.0,0.0,61.49978168135908
2882,2,0.0,0.0,32.38639819927833,0.0,0.0,0.0,127.05757496443448
2883,3,0.0,0.0,33.116827587104055,0.0,0.0,0.0,121.78854550925001
2884,4,0.0,0.0,81.29349868787722,0.0,0.0,0.0,0.0
2885,5,0.0,0.0,35.163620814696074,0.0,0.0,0.0,107.02378660906786
2886,6,0.0,0.0,51.55206669816364,0.0,0.0,0.0,0.0
2887,7,5.353674620650098,4.037699938035683,91.27994414528041,488.68312034494625,331.92782648030607,340.4289678024476,443.38208066896505
2888,8,17.252173557142136,13.988416557756118,71.44090703919012,1232.5109273197654,1069.6347605428125,1042.1561468746113,1232.5109273197654
2889,9,26.629482534771036,26.258776307933672,41.31429152256685,1100.1782045366328,1651.0279171558043,1639.53072993548,1162.8334790498486
2890,10,17.04038544882029,12.141642554030572,74.78142642534095,1274.3043307004052,1056.503897826858,1027.5330743724298,1274.3043307004052
2891,11,36.73323050384805,33.273433160740595,28.56427799512378,1049.2582077708764,2277.460291238579,2137.072815802401,1203.887050092028
2892,12,21.320281968284224,20.114329022821607,77.77156033399972,1658.1115954343027,1321.8574820336219,1317.4300311084476,1658.1115954343027
2893,13,24.421433668567154,28.87861132629054,82.95533643225058,2025.8882461338796,1514.1288874511636,1328.290562061571,2025.8882461338796
2894,14,23.854986481095263,21.96546435266323,85.624311632495,2042.566796446256,1479.0091618279064,1483.20056353614,2038.063258615416
2895,15,23.631886429491914,22.151019510087057,119.7110245139541,2828.9973356718856,1465.1769586284986,1506.3202816934813,2578.605698051615
2896,16,15.956016036732215,12.414943777408437,101.32095310072533,1616.678752532166,989.2729942773974,1038.8151264342412,1498.945835349863
2897,17,9.438163585043183,9.524457608141182,64.11385571636629,605.1170583189211,585.1661422726773,583.600568522141,605.1170583189211
2898,18,4.34027531201712e-15,4.345443522723389e-15,89.67433043334918,3.89211282501531e-13,2.6909706934506144e-13,2.688381786155712e-13,-33.718775759961886
2899,19,0.0,0.0,80.16319770137038,0.0,0.0,0.0,0.0
2900,20,0.0,0.0,112.31209560190241,0.0,0.0,0.0,-197.01868326740168
2901,21,0.0,0.0,59.702404653591344,0.0,0.0,0.0,0.0
2902,22,0.0,0.0,65.1067904305235,0.0,0.0,0.0,0.0
2903,23,0.0,0.0,62.6639963826888,0.0,0.0,0.0,0.0
2904,0,0.0,0.0,31.953814233507654,0.0,0.0,0.0,130.17806504256652
2905,1,0.0,0.0,20.36402107000457,0.0,0.0,0.0,213.78226084275482
2906,2,0.0,0.0,45.47123547641223,0.0,0.0,0.0,32.6687207115383
2907,3,0.0,0.0,64.1879886413037,0.0,0.0,0.0,0.0
2908,4,0.0,0.0,27.09012527156112,0.0,0.0,0.0,165.26279852739495
2909,5,0.0,0.0,55.32678980075699,0.0,0.0,0.0,0.0
2910,6,0.0,0.0,49.11276136120542,0.0,0.0,0.0,6.400189531670094
2911,7,10.005334909758224,12.875860382985072,24.25144125811368,242.6437918317557,620.3307644050099,711.2853688777246,428.38373699387034
2912,8,17.997954503631505,19.987415547479273,67.740987670134,1219.1992141181345,1115.8731792251533,1070.7596938918355,1219.1992141181345
2913,9,18.96440783198522,18.314659194632753,76.89404748793646,1458.2500764132656,1175.7932855830836,1172.9802219990825,1458.2500764132656
2914,10,29.191480634652038,30.48734419703951,78.55309935975114,2293.081278752073,1809.8717993484263,1762.9727162503193,2293.0812787520726
2915,11,36.977917093096565,39.42279438106763,77.94201448422763,2882.1333496667007,2292.630859771987,2206.014925387193,2882.1333496667007
2916,12,42.637631522771024,46.840993106449616,58.083936201590085,2476.5614691555384,2643.5331544118035,2598.956840026624,2476.5614691555384
2917,13,34.736143900427045,30.415243866009472,79.13078027188969,2748.698170477434,2153.6409218264766,2142.1822630928104,2748.698170477434
2918,14,33.515735694672756,40.06988319969001,77.00454746622384,2580.864060165841,2077.975613069711,1853.4588050673638,2580.864060165841
2919,15,29.539447340659713,34.58829891269064,24.98219461728071,737.9602223512761,1831.445735120902,1986.8102918790194,918.4288010567542
2920,16,6.968153717160455,6.191398230362352,63.182343139828376,440.2642792087024,432.0255304639482,420.67461405943243,440.2642792087024
2921,17,9.37687225801253,9.360634828536867,72.76122023178236,682.27266745054,581.3660799967768,581.2454507558432,682.27266745054
2922,18,3.9511229974398526e-15,3.986561089458158e-15,88.54760088594416,3.4986246222857944e-13,2.4496962584127086e-13,2.4324434001116046e-13,-25.590993290836764
2923,19,0.0,0.0,86.82540328874121,0.0,0.0,0.0,-13.167739217884332
2924,20,0.0,0.0,88.04254361887351,0.0,0.0,0.0,-21.947709407268576
2925,21,0.0,0.0,82.02288943623304,0.0,0.0,0.0,0.0
2926,22,0.0,0.0,66.22042719110033,0.0,0.0,0.0,0.0
2927,23,0.0,0.0,67.16648899640404,0.0,0.0,0.0,0.0
2928,0,0.0,0.0,84.00994958237952,0.0,0.0,0.0,0.0
2929,1,0.0,0.0,59.0692442454488,0.0,0.0,0.0,0.0
2930,2,0.0,0.0,49.32895131420553,0.0,0.0,0.0,4.840680495946174
2931,3,0.0,0.0,60.015273329417326,0.0,0.0,0.0,0.0
2932,4,0.0,0.0,69.66248808822549,0.0,0.0,0.0,0.0
2933,5,0.0,0.0,88.31162972624057,0.0,0.0,0.0,-23.88879043348311
2934,6,0.0,0.0,40.60307301687523,0.0,0.0,0.0,67.78572424322516
2935,7,8.205131866654742,7.147624671875056,31.44658270092544,258.0233578167571,508.71817573259403,468.0939702493507,391.860391036562
2936,8,12.943815224255179,11.406941475348757,71.3797635112191,923.926469640252,802.5165439038211,789.5066350292789,923.926469640252
2937,9,26.74265521858622,30.068971605493374,32.615908318202074,872.2359907946964,1658.0446235523455,1728.662701649718,997.6379703011335
2938,10,18.678387936088797,21.668926995537632,70.00522675849072,1307.5847829489537,1158.0600520375053,1081.7817674897842,1307.5847829489537
2939,11,34.8289925351626,37.51719096488015,100.77302765637262,3509.823027989536,2159.397537180081,1987.4434714428887,3396.042628810559
2940,12,39.34858201410217,34.658913817671305,63.76187033666262,2508.9391843147173,2439.6120848743344,2373.1191682927174,2508.9391843147173
2941,13,29.19315956484668,25.9623102421765,77.07932418117353,2250.1890099715442,1809.9758930204941,1796.4369967569078,2250.1890099715442
2942,14,16.33166513770266,15.065637363555037,81.48169617738165,1330.7317768210241,1012.563238537565,1011.43808437433,1330.7317768210241
2943,15,21.121782526405774,19.265356258502496,114.56993308730101,2419.921210734833,1309.550516637158,1353.9700629985446,2206.615378546716
2944,16,16.46732578879475,19.076909920954265,94.49585093207564,1556.0939629878735,1020.9741989052744,874.524823665095,1487.5946404016288
2945,17,9.602989849771689,8.038909854171656,78.04920798736663,749.5057520854011,595.3853706858447,589.9688146227425,749.5057520854011
2946,18,2.525775688027501e-15,2.6209139586369224e-15,117.09907102431785,2.957659866838276e-13,1.5659809265770504e-13,1.485709115514599e-13,-231.55003554093435
2947,19,0.0,0.0,85.17407932178884,0.0,0.0,0.0,-1.2557395544752126
2948,20,0.0,0.0,66.70034684364661,0.0,0.0,0.0,0.0
2949,21,0.0,0.0,26.766707807075733,0.0,0.0,0.0,167.59580453057234
2950,22,0.0,0.0,65.24830696333242,0.0,0.0,0.0,0.0
2951,23,0.0,0.0,48.294661513836104,0.0,0.0,0.0,12.301639096702331
2952,0,0.0,0.0,47.05476025245392,0.0,0.0,0.0,21.245797665116754
2953,1,0.0,0.0,43.433139283109476,0.0,0.0,0.0,47.37074263726862
2954,2,0.0,0.0,13.387961548627906,0.0,0.0,0.0,264.1048022299092
2955,3,0.0,0.0,102.12736178938984,0.0,0.0,0.0,-123.55003134050799
2956,4,0.0,0.0,39.473173321465396,0.0,0.0,0.0,75.93637490945878
2957,5,0.0,0.0,70.68881199732932,0.0,0.0,0.0,0.0
2958,6,0.0,0.0,58.12200367807879,0.0,0.0,0.0,0.0
2959,7,4.390448405494917,3.693550301883776,11.877373354030546,52.14699490367122,272.20780114068486,235.20810794152314,327.1485844543645
2960,8,16.81898770546356,15.737956696777006,61.11865358572575,1027.9538832328078,1042.7772377387407,1025.3066850016803,1027.9538832328076
2961,9,30.577680726851614,32.355358448298,60.1141774515309,1838.1521252702144,1895.8162050648,1872.4526812961494,1838.1521252702144
2962,10,28.014386464581097,27.762385356115313,55.407635765234645,1552.210921416029,1736.891960804028,1731.73998130188,1552.210921416029
2963,11,19.610654957746952,18.266222273627537,108.36703040344143,2125.1484420375637,1215.860607380311,1241.7749141314189,1956.5879028149816
2964,12,21.117243927894798,23.10560641662641,117.81518482072008,2487.9319962691543,1309.2691235294774,1139.7234802052099,2251.2161983021774
2965,13,22.15810015965626,16.636495163934608,89.2680373743342,1978.0101131964357,1373.8022098986883,1401.139831007239,1947.2221752848236
2966,14,37.57956268917376,40.73474469566085,77.4209073009252,2909.443839367829,2329.932886728773,2220.207854078743,2909.4438393678292
2967,15,31.305429291091247,27.738084353566176,51.61460562194033,1615.8173866852137,1940.9366160476573,1857.8565564719395,1615.8173866852137
2968,16,14.552378599888867,10.089013182430785,64.48111345171398,938.3535754917286,902.2474731931097,841.3708962053871,938.3535754917286
2969,17,6.8398168628302685,8.609055628903352,76.19946136190146,521.1903607617171,424.06864549547663,365.2426477478026,521.1903607617171
2970,18,3.0801811712842376e-15,3.0939996046433444e-15,127.5029411436813,3.9273215859412945e-13,1.9097123261962272e-13,1.8962561186878227e-13,-306.59945033791803
2971,19,0.0,0.0,70.49909309269174,0.0,0.0,0.0,0.0
2972,20,0.0,0.0,101.34137871812135,0.0,0.0,0.0,-117.88025952845419
2973,21,0.0,0.0,54.07844162384396,0.0,0.0,0.0,0.0
2974,22,0.0,0.0,43.2553582559956,0.0,0.0,0.0,48.653184833665364
2975,23,0.0,0.0,47.31499878290858,0.0,0.0,0.0,19.368539568449478
2976,0,0.0,0.0,42.83114609846531,0.0,0.0,0.0,51.71328398976311
2977,1,0.0,0.0,36.34157750445904,0.0,0.0,0.0,98.52647174367314
2978,2,0.0,0.0,81.23078044628875,0.0,0.0,0.0,0.0
2979,3,0.0,0.0,49.76815565565699,0.0,0.0,0.0,1.6724336393385784
2980,4,0.0,0.0,49.37005357661192,0.0,0.0,0.0,4.544184989462451
2981,5,0.0,0.0,57.82989790582423,0.0,0.0,0.0,0.0
2982,6,0.0,0.0,80.79828003819306,0.0,0.0,0.0,0.0
2983,7,9.692177603869151,9.021989442539319,63.69906060689745,617.3826086016751,600.9150114398874,591.3811126673684,617.3826086016752
2984,8,16.11355211778345,11.311549854271531,70.78542273679543,1140.6045984486866,999.0402313025738,956.2499111191397,1140.6045984486866
2985,9,26.20457260207436,26.501574592447017,82.3954186310002,2159.136729594355,1624.6835013286104,1612.508120567971,2159.136729594355
2986,10,26.332681800927766,28.845282034455447,46.566764050016154,1226.2277802279577,1632.6262716575216,1642.152908352864,1250.9937899868357
2987,11,34.414633215001345,30.51641680724832,48.23346384504444,1659.936966916233,2133.7072593300836,2033.0362021720316,1672.6800618536042
2988,12,33.04067056833605,33.7211512993007,72.5584166350995,2397.378741000397,2048.521575236835,2028.9931250697803,2397.378741000397
2989,13,34.51560290242897,36.36115754106642,57.19736143278744,1974.2014142807968,2139.967379950596,2122.4406979084883,1974.2014142807966
2990,14,30.862895753411475,32.533484662281396,71.32446427509552,2201.2795055901943,1913.4995367115114,1868.1337253751174,2201.2795055901943
2991,15,17.709455449572193,17.974877742831588,65.41788906308453,1158.5151919677514,1097.986237873476,1092.7382123864177,1158.5151919677514
2992,16,16.763722170637816,14.753374649265428,68.52392277090483,1148.716003373691,1039.3507745795446,1018.0269019773576,1148.716003373691
2993,17,9.544442423461842,10.925733632382592,109.6587190761561,1046.6313304529488,591.7554302546342,488.0572044059649,868.7530587063223
2994,18,2.9475455672286066e-15,2.9316771026713087e-15,80.16200001427357,2.362811478022516e-13,1.827478251681736e-13,1.827180162576726e-13,2.2737367544323206e-13
2995,19,0.0,0.0,72.2951703216513,0.0,0.0,0.0,0.0
2996,20,0.0,0.0,58.458975581664426,0.0,0.0,0.0,0.0
2997,21,0.0,0.0,50.8218512552904,0.0,0.0,0.0,0.0
2998,22,0.0,0.0,41.75001565044714,0.0,0.0,0.0,59.51213254439392
2999,23,0.0,0.0,31.50016972004392,0.0,0.0,0.0,133.45047760353748
3000,0,0.0,0.0,39.273618220062836,0.0,0.0,0.0,77.37588668807479
3001,1,0.0,0.0,48.53878717766128,0.0,0.0,0.0,10.54061286350236
3002,2,0.0,0.0,62.81279309988791,0.0,0.0,0.0,0.0
3003,3,0.0,0.0,49.16301232867169,0.0,0.0,0.0,6.037698875975877
3004,4,0.0,0.0,33.19866232365487,0.0,0.0,0.0,121.1982220029258
3005,5,0.0,0.0,46.49573302431309,0.0,0.0,0.0,25.2783995571246
3006,6,0.0,0.0,50.46443266910165,0.0,0.0,0.0,0.0
3007,7,8.243701943361307,7.078703996183412,50.986186582906136,420.3149254180855,511.109520488401,483.42874979100765,420.3149254180855
3008,8,16.8217306351535,19.12138776577322,56.506070642456365,950.529899598356,1042.947299379517,1023.0953061326567,950.5298995983561
3009,9,30.45921479729043,31.4976164989987,75.63665251500402,2303.833045502525,1888.4713174320066,1854.6756870840477,2303.833045502525
3010,10,31.63212355765728,30.297526902094795,76.16029995005282,2409.1120182083105,1961.1916605747515,1954.6791291298596,2409.1120182083105
3011,11,20.824418662443787,19.737846179381133,110.20066026258053,2294.864686185709,1291.1139570715147,1313.5522169141223,2113.0770645117095
3012,12,37.17639526397319,40.28649572110314,48.17545059643983,1790.98959339326,2304.9365063663377,2310.4746210553585,1804.1511730202994
3013,13,42.21540459167465,38.21738068746274,40.69947519766977,1718.144812138457,2617.3550846838284,2491.5157086695626,1785.2351290793247
3014,14,34.71347547981842,34.09026244188044,64.6138753413642,2242.9721773184906,2152.235479748742,2143.7974285549153,2242.9721773184906
3015,15,24.135856573078875,26.2465045583509,105.01743790930715,2534.6858190512535,1496.4231075308903,1350.2147279406195,2390.28791869373
3016,16,9.556482081562468,8.70418447082613,49.32066552092064,471.33205630141396,592.501889056873,571.1863512287752,476.2325072414377
3017,17,10.593388968446618,12.210131868816676,88.97082830980054,942.5025911305991,656.7901160436903,577.2244821042422,913.8586021639182
3018,18,4.718983245160068e-15,3.791648413294024e-15,80.72976912826475,3.8096242790192186e-13,2.925769611999242e-13,2.9122984678508745e-13,3.410605131648481e-13
3019,19,0.0,0.0,93.94109909731996,0.0,0.0,0.0,-64.4975616955087
3020,20,0.0,0.0,83.40478469020248,0.0,0.0,0.0,0.0
3021,21,0.0,0.0,80.91190487859734,0.0,0.0,0.0,0.0
3022,22,0.0,0.0,72.30281060778184,0.0,0.0,0.0,0.0
3023,23,0.0,0.0,113.36650368069984,0.0,0.0,0.0,-204.6247671922364
3024,0,0.0,0.0,89.03531818545737,0.0,0.0,0.0,-29.109193488925598
3025,1,0.0,0.0,67.35978314663643,0.0,0.0,0.0,0.0
3026,2,0.0,0.0,40.29547553782221,0.0,0.0,0.0,70.00461111235194
3027,3,0.0,0.0,43.33692527347179,0.0,0.0,0.0,48.06479254713253
3028,4,0.0,0.0,76.33207801337501,0.0,0.0,0.0,0.0
3029,5,0.0,0.0,81.07967101850288,0.0,0.0,0.0,0.0
3030,6,0.0,0.0,45.48399678674608,0.0,0.0,0.0,32.57666565302543
3031,7,7.733223225632807,8.537087441135196,24.572108000656044,190.02159629343103,479.45983998923407,504.6086234488979,373.4483780753273
3032,8,15.230314011840715,15.49396552743232,28.765274461688875,438.104162688304,944.2794687341243,951.145852440513,591.2830957911639
3033,9,28.25401723873467,31.66974958131354,83.49689102923179,2359.122598520665,1751.7490688015494,1607.0206850497761,2359.122598520665
3034,10,25.61498879859961,27.513546292421996,95.84475450097769,2455.062312947073,1588.129305513176,1478.3813990034164,2376.83253214651
3035,11,41.45891077893315,25.199846463792547,57.749792183210445,2394.243481625653,2570.4524682938554,2266.6086697247547,2394.243481625653
3036,12,28.478760493086238,32.1430043377932,81.47911956343256,2320.4243312345334,1765.6831505713467,1619.6670660276154,2320.4243312345334
3037,13,32.284018618021996,32.76770545751757,109.31288511043647,3529.0592180950302,2001.6091543173638,1965.506233472077,3353.675656148354
3038,14,29.90747319407816,30.79062497555047,117.2109907283419,3505.484563259229,1854.263338032846,1779.6248793967923,3273.127183124899
3039,15,22.36098584182888,16.977946872184145,96.93300190876717,2167.5174832879147,1386.3811221933906,1443.978301115073,2081.4375149925145
3040,16,13.003074149058204,12.242857919963068,88.40378473114522,1149.520967916461,806.1905972416087,809.4616849372472,1124.9674076320127
3041,17,4.853855527249805,4.887792762632894,81.86060909745969,397.33956993174036,300.9390426894879,299.57049783381,397.33956993174036
3042,18,4.46356421364961e-15,3.7762977408717456e-15,81.87015414023061,3.654326901863108e-13,2.767409812462758e-13,2.763304189803505e-13,3.410605131648481e-13
3043,19,0.0,0.0,65.97873132226354,0.0,0.0,0.0,0.0
3044,20,0.0,0.0,88.03445881200106,0.0,0.0,0.0,-21.88938879988291
3045,21,0.0,0.0,65.90203751394186,0.0,0.0,0.0,0.0
3046,22,0.0,0.0,46.10755884350416,0.0,0.0,0.0,28.078534965849883
3047,23,0.0,0.0,79.90651832737643,0.0,0.0,0.0,0.0
3048,0,0.0,0.0,64.40791451807057,0.0,0.0,0.0,0.0
3049,1,0.0,0.0,56.00560391022962,0.0,0.0,0.0,0.0
3050,2,0.0,0.0,46.786362110270204,0.0,0.0,0.0,23.181915981895372
3051,3,0.0,0.0,59.99473139602664,0.0,0.0,0.0,0.0
3052,4,0.0,0.0,46.38256118109245,0.0,0.0,0.0,26.094776588725267
3053,5,0.0,0.0,112.7046204032915,0.0,0.0,0.0,-199.85020233670696
3054,6,0.0,0.0,108.15192105781553,0.0,0.0,0.0,-167.00882526216424
3055,7,9.486402606708012,11.225087431714332,46.99863832099027,445.84800507996914,588.1569616158968,593.8106467104558,467.49864421900855
3056,8,13.872658653648065,10.030945434002884,61.307060339356745,850.4919211465015,860.1048365261801,798.5617250306475,850.4919211465015
3057,9,20.816992982113824,19.75222743066681,49.09250985800031,1021.9584331883462,1290.6535648910572,1263.8421106994958,1028.5047090750809
3058,10,14.288688038652163,11.301136393331522,41.15518312963012,588.0535729128851,885.8986583964341,792.8853826908534,651.8565926057495
3059,11,37.28203193271643,29.54764448368982,96.08832338187452,3582.3679406842284,2311.4859798284187,2389.342199760854,3502.381150062864
3060,12,35.214022704692866,33.0107295963774,65.12672272503646,2293.3738927216705,2183.2694076909575,2154.2851794858325,2293.373892721671
3061,13,6.172402022001591,5.854867013091721,74.29785953711936,458.5962584373057,382.6889253640986,380.69588342926426,458.5962584373058
3062,14,28.263332858553166,32.87835089482298,43.905397263020845,1240.9128571317674,1752.3266372302962,1785.177505155984,1284.8769170039764
3063,15,18.07348223111038,15.488959745502584,91.61816603809544,1655.8592959364382,1120.5558983288436,1137.9074118828648,1608.118456951539
3064,16,20.549161007311476,20.99104401531451,89.65286485892166,1842.2911547527183,1274.0479824533115,1251.9246319495624,1808.7272231786774
3065,17,11.541356941879256,13.75371777778171,94.21683489716271,1087.3901214822606,715.5641303965139,592.178457711003,1020.9035105022687
3066,18,5.101328367591682e-15,5.0077017146678495e-15,108.90484229484986,5.555593613668159e-13,3.162823587906843e-13,3.1812480321285513e-13,-172.44010204468316
3067,19,0.0,0.0,99.39674717820856,0.0,0.0,0.0,-103.85245474121575
3068,20,0.0,0.0,49.25259083221846,0.0,0.0,0.0,5.391514889397456
3069,21,0.0,0.0,46.75905590675403,0.0,0.0,0.0,23.37889216198073
3070,22,0.0,0.0,81.99324196144335,0.0,0.0,0.0,0.0
3071,23,0.0,0.0,44.966725876192065,0.0,0.0,0.0,36.308053942497565
3072,0,0.0,0.0,24.021041298316668,0.0,0.0,0.0,187.40195958113665
3073,1,0.0,0.0,23.37892115153241,0.0,0.0,0.0,192.03396100874198
3074,2,0.0,0.0,68.73858980166233,0.0,0.0,0.0,0.0
3075,3,0.0,0.0,69.23951213830608,0.0,0.0,0.0,0.0
3076,4,0.0,0.0,55.91319523724798,0.0,0.0,0.0,0.0
3077,5,0.0,0.0,38.46704724326159,0.0,0.0,0.0,83.19417152887678
3078,6,0.0,0.0,61.2408120537365,0.0,0.0,0.0,0.0
3079,7,11.054101414553097,10.93024360902969,59.00974590926595,652.2997157280356,685.354287702292,683.1567169844525,652.2997157280356
3080,8,19.864205036342973,18.48531297367728,52.63791065583777,1045.6102499522642,1231.5807122532644,1200.5259022669718,1045.610249952264
3081,9,24.4056738634722,25.840414513779972,77.43570317468843,1889.8705170700846,1513.1517795352763,1463.230510941993,1889.8705170700846
3082,10,26.712679181203193,23.918587236270998,57.98001323121334,1548.8014923673184,1656.186109234598,1604.4535246010983,1548.8014923673181
3083,11,27.892075187792997,28.908672743820908,82.41131543236474,2298.6226063644426,1729.3086616431658,1687.6137827949121,2298.6226063644426
3084,12,31.214205445369164,34.048782101127486,78.93746569624305,2463.9702715793114,1935.280737612888,1831.3316183607867,2463.9702715793114
3085,13,37.775148086746725,37.474639144029645,39.06383925268365,1475.6423126069944,2342.059181378297,2332.2319017040586,1554.5314620096067
3086,14,29.86092624638779,30.108966709806264,116.84258561108139,3489.0278313697527,1851.3774272760431,1830.5288246555067,3259.327980418448
3087,15,31.45817928380617,31.7993302396351,86.04860641988567,2706.932487878438,1950.4071155959825,1934.864019447512,2699.3682548322845
3088,16,18.662036464309516,18.95034382430629,52.30056803128943,976.0351077040239,1157.04626078719,1156.0730187376992,976.0351077040239
3089,17,4.1146627543481396,4.063726163884472,62.189346476712885,255.8881876649822,255.10909076958464,254.32680711535286,255.88818766498218
3090,18,1.96427216488182e-15,1.9285994534742782e-15,119.1832006409517,2.341082435405465e-13,1.2178487422267282e-13,1.2276185705622408e-13,-246.5841244227555
3091,19,0.0,0.0,85.06566933960961,0.0,0.0,0.0,-0.4737127099109557
3092,20,0.0,0.0,86.21538718719597,0.0,0.0,0.0,-8.767323707842479
3093,21,0.0,0.0,76.28747119350177,0.0,0.0,0.0,0.0
3094,22,0.0,0.0,84.24719763216213,0.0,0.0,0.0,0.0
3095,23,0.0,0.0,79.95888037649846,0.0,0.0,0.0,0.0
3096,0,0.0,0.0,35.79806326094329,0.0,0.0,0.0,102.44716908434492
3097,1,0.0,0.0,60.91566281274774,0.0,0.0,0.0,0.0
3098,2,0.0,0.0,21.90058399753163,0.0,0.0,0.0,202.69810204544163
3099,3,0.0,0.0,29.093464798297322,0.0,0.0,0.0,150.8114974830469
3100,4,0.0,0.0,47.28178612357226,0.0,0.0,0.0,19.608122590771472
3101,5,0.0,0.0,23.31222885957318,0.0,0.0,0.0,192.51505289335654
3102,6,0.0,0.0,46.947028555431885,0.0,0.0,0.0,22.022931628135098
3103,7,6.481841119957349,5.923785228448983,21.92103031197896,142.0886356680167,401.87414943735564,376.44955424898694,344.6392460669439
3104,8,19.55268996049978,19.26164848060649,61.32155774632023,1199.0014065086832,1212.2667775509863,1207.6075434844906,1199.001406508683
3105,9,27.260114987572372,23.953168169865553,93.87040706299592,2558.9180904674945,1690.127129229487,1717.914759467028,2494.9304732201535
3106,10,33.98575861175414,40.78148008459215,60.89868776464702,2069.688102141879,2107.117033928757,2011.138615107377,2069.688102141879
3107,11,28.289405701048658,30.131653074474045,71.91360556783046,2034.3931633335474,1753.9431534650168,1702.5591769037846,2034.3931633335474
3108,12,24.530788634880068,23.486428463845453,71.63237800734011,1757.1987243118917,1520.9088953625642,1512.2660666689396,1757.1987243118917
3109,13,24.721780600282887,24.911902459654186,100.67281316869145,2488.81119956966,1532.750397217539,1520.612824463846,2375.7537081709957
3110,14,32.35947118414484,27.11767421757848,73.40419301362047,2375.3208686196576,2006.28721341698,1969.8732086939012,2375.3208686196576
3111,15,23.17774656785992,24.442380674226467,60.59841353877766,1404.53467141616,1437.020287207315,1419.6340761109877,1404.53467141616
3112,16,12.660152399361184,13.245410914202889,92.4977065068416,1171.0350609679972,784.9294487603934,753.5466387600067,1116.9495640132902
3113,17,5.177275335511099,4.07679075530678,121.36700013150835,628.3503763258304,320.9910708016881,352.9329109718057,366.013183869748
3114,18,4.5861177858921095e-15,4.184724398074016e-15,58.951952396790574,2.703605973999862e-13,2.843393027253108e-13,2.7720010559886803e-13,2.2737367544323206e-13
3115,19,0.0,0.0,62.65068472916946,0.0,0.0,0.0,0.0
3116,20,0.0,0.0,72.91135015010644,0.0,0.0,0.0,0.0
3117,21,0.0,0.0,61.51953777333363,0.0,0.0,0.0,0.0
3118,22,0.0,0.0,70.899552928052,0.0,0.0,0.0,0.0
3119,23,0.0,0.0,37.662873081673524,0.0,0.0,0.0,88.99516669025547
3120,0,0.0,0.0,42.75488677828908,0.0,0.0,0.0,52.263388641818494
3121,1,0.0,0.0,51.9007106253674,0.0,0.0,0.0,0.0
3122,2,0.0,0.0,51.7344581061584,0.0,0.0,0.0,0.0
3123,3,0.0,0.0,102.91935628683012,0.0,0.0,0.0,-129.26316720950524
3124,4,0.0,0.0,69.01514165976225,0.0,0.0,0.0,0.0
3125,5,0.0,0.0,26.511033526936405,0.0,0.0,0.0,169.44013792602524
3126,6,0.0,0.0,42.192498127322224,0.0,0.0,0.0,56.32023851203871
3127,7,9.544183119993926,11.07106473095367,36.07109974068969,344.2691812647078,591.7393534396234,617.5606397176853,444.7467728948842
3128,8,17.37460327283597,17.38913803946774,95.89163057834305,1666.079038484057,1077.22540291583,1076.3843553565048,1587.5111121536202
3129,9,30.647390495559094,25.515485218992694,36.27110681299865,1111.6147742041037,1900.1382107246638,1721.5649969079454,1210.649593715844
3130,10,23.897202158083193,23.338643066603712,82.0125882355132,1959.8714005716945,1481.6265338011578,1481.3525277104618,1959.8714005716943
3131,11,30.48707615460724,25.026846571229683,78.76611300568757,2401.3484856067967,1890.1987215856489,1874.2252827172265,2401.3484856067967
3132,12,35.7006148687425,35.124222177623686,38.29409384906165,1367.122696252831,2213.4381218620347,2194.256101868381,1451.5644853387264
3133,13,35.157674586639196,30.205902609660995,62.301292809116575,2190.368578909845,2179.7758243716303,2104.142308695254,2190.368578909845
3134,14,38.267624793534154,37.83991963826287,62.925891470733305,2408.0244046006733,2372.5927371991174,2366.260313708853,2408.0244046006733
3135,15,22.41060976385539,22.807030679744205,51.674433848671335,1158.0555717507334,1389.4578053590342,1388.4298691512329,1158.0555717507334
3136,16,19.371216843367403,19.08983577674562,119.23297996982578,2309.6879098763775,1201.015444288779,1208.732245468531,2062.744697012674
3137,17,7.298089556075076,7.056774938705415,92.39750914980526,674.325296533545,452.4815524766547,454.242698374532,620.9625837854368
3138,18,4.673503407616542e-15,4.4582097110499474e-15,119.36267880008329,5.57841886114428e-13,2.897572112722256e-13,2.9568252634831753e-13,-247.8788090600226
3139,19,0.0,0.0,125.63167458814715,0.0,0.0,0.0,-293.1008716060842
3140,20,0.0,0.0,78.19217848764083,0.0,0.0,0.0,0.0
3141,21,0.0,0.0,76.00133639848508,0.0,0.0,0.0,0.0
3142,22,0.0,0.0,46.744162954767965,0.0,0.0,0.0,23.486324042456943
3143,23,0.0,0.0,83.99406419151748,0.0,0.0,0.0,0.0
3144,0,0.0,0.0,52.39293106598966,0.0,0.0,0.0,0.0
3145,1,0.0,0.0,42.38441348542558,0.0,0.0,0.0,54.935836827765115
3146,2,0.0,0.0,34.64650834930144,0.0,0.0,0.0,110.75403193766553
3147,3,0.0,0.0,52.31709098617115,0.0,0.0,0.0,0.0
3148,4,0.0,0.0,65.77977182112238,0.0,0.0,0.0,0.0
3149,5,0.0,0.0,61.39524541018397,0.0,0.0,0.0,0.0
3150,6,0.0,0.0,71.74963896549266,0.0,0.0,0.0,0.0
3151,7,8.074466521503274,8.91695429978135,60.01093251402034,484.5562655086495,500.616924333203,489.65307007877794,484.5562655086495
3152,8,16.938797604437273,15.74912059564082,74.07857397927987,1254.8019714603552,1050.205451475111,1042.5426591604132,1254.8019714603552
3153,9,27.471639969223837,23.665402268917507,70.29425663708057,1931.0985102381005,1703.241678091878,1667.9224279681837,1931.0985102381003
3154,10,32.302169950415866,35.67465353723064,86.29594744268022,2787.5463603256117,2002.7345369257837,1848.0389363594632,2778.197906715087
3155,11,29.674223188263927,29.226593904828306,85.9656098439299,2550.9626930239942,1839.8018376723635,1840.9093653502634,2543.9971645352957
3156,12,36.42453068073766,27.652390335511118,69.93298268023412,2547.2760732316833,2258.320902205735,2174.5446549251724,2547.2760732316833
3157,13,34.63362036109494,36.179038839175774,79.52430999356234,2754.214761795067,2147.2844623878864,2089.4774853780486,2754.214761795067
3158,14,24.79741937230085,25.66439003386737,58.889985206292764,1460.3196599890348,1537.4400010826528,1527.3723203073494,1460.3196599890348
3159,15,18.73933484538225,21.86163801202369,112.14144031453046,2101.4560000974343,1161.8387604136994,917.7470889882305,1905.668356750979
3160,16,19.13659034953119,21.064093709042258,78.74814040165411,1506.9709036538213,1186.4686016709338,1116.239678486323,1506.970903653821
3161,17,10.001736860971826,11.076917382024984,84.62891382577062,846.4361269152183,620.1076853802532,573.0296781063555,846.4361269152183
3162,18,4.166955175824236e-15,3.728154151692587e-15,77.93187212356052,3.24738617906943e-13,2.583512209011026e-13,2.567929963801767e-13,3.410605131648481e-13
3163,19,0.0,0.0,63.73670954141953,0.0,0.0,0.0,0.0
3164,20,0.0,0.0,58.64908661235768,0.0,0.0,0.0,0.0
3165,21,0.0,0.0,46.97765597143275,0.0,0.0,0.0,21.80199753137714
3166,22,0.0,0.0,57.71127519518701,0.0,0.0,0.0,0.0
3167,23,0.0,0.0,73.98945097176033,0.0,0.0,0.0,0.0
3168,0,0.0,0.0,52.895791248289584,0.0,0.0,0.0,0.0
3169,1,0.0,0.0,64.12046382345977,0.0,0.0,0.0,0.0
3170,2,0.0,0.0,59.62402160214313,0.0,0.0,0.0,0.0
3171,3,0.0,0.0,41.88243490080841,0.0,0.0,0.0,58.55691231062991
3172,4,0.0,0.0,78.11286809372581,0.0,0.0,0.0,0.0
3173,5,0.0,0.0,77.30721453003123,0.0,0.0,0.0,0.0
3174,6,0.0,0.0,78.92461987514243,0.0,0.0,0.0,0.0
3175,7,10.272080078411829,13.310893910855404,71.09591689146848,730.3029515572764,636.8689648615334,555.2163528729686,730.3029515572764
3176,8,16.245684519478694,13.626534566257419,57.769229913412374,938.5006841065289,1007.232440207679,958.3248499769672,938.500684106529
3177,9,29.41301179054116,29.75607060764659,52.05407481330754,1531.0671162295262,1823.6067310135518,1822.554366010375,1531.0671162295262
3178,10,23.664876164556215,24.121136300017767,69.88526647795987,1653.826176927932,1467.2223222024854,1455.653124163601,1653.826176927932
3179,11,45.248326135843875,50.0,80.71451447314251,3652.196674777043,2805.3962204223203,2620.5886888998966,3652.196674777043
3180,12,27.84147486436184,24.895297999576744,97.9842068685212,2728.0248326343635,1726.171441590434,1760.0175785165236,2634.361886451303
3181,13,40.60448330632605,37.70028841900687,35.96370036019423,1460.2874709092189,2517.477964992215,2415.752078014792,1561.5397993020872
3182,14,36.93007926411154,30.661028377031712,74.84406411966498,2763.997220387474,2289.6649143749155,2252.8846942975,2763.997220387474
3183,15,27.334549732495276,32.14011996951985,28.8798182024603,789.4168269205734,1694.7420834147072,1819.2074446047009,941.769486664104
3184,16,11.516447988310494,9.137136008637016,81.15168760052143,934.5791894150267,714.0197752752506,711.3163193944752,934.5791894150266
3185,17,6.832900609438289,6.9321628418430965,75.74992180838257,517.5916868894,423.6398377851739,420.39521326528484,517.5916868894
3186,18,5.3093610603262024e-15,6.9006510849903605e-15,98.62132245280033,5.236162091487722e-13,3.2918038574022453e-13,2.3167145897149176e-13,-98.25884667101377
3187,19,0.0,0.0,59.70892715936504,0.0,0.0,0.0,0.0
3188,20,0.0,0.0,44.43314454956275,0.0,0.0,0.0,40.15709913920739
3189,21,0.0,0.0,58.55236989481669,0.0,0.0,0.0,0.0
3190,22,0.0,0.0,62.34342255540716,0.0,0.0,0.0,0.0
3191,23,0.0,0.0,22.5446797860564,0.0,0.0,0.0,198.0518491176952
3192,0,0.0,0.0,76.10554753091907,0.0,0.0,0.0,0.0
3193,1,0.0,0.0,46.82539241877136,0.0,0.0,0.0,22.90036673351466
3194,2,0.0,0.0,50.50576322849381,0.0,0.0,0.0,0.0
3195,3,0.0,0.0,72.90427860159154,0.0,0.0,0.0,0.0
3196,4,0.0,0.0,38.69238800317234,0.0,0.0,0.0,81.56865218202012
3197,5,0.0,0.0,86.94817477273634,0.0,0.0,0.0,-14.053364271050214
3198,6,0.0,0.0,62.61091489181769,0.0,0.0,0.0,0.0
3199,7,2.5140380693062747,2.7645105500340867,83.44638872026374,209.78739798887275,155.87036029698902,145.27337411393617,209.78739798887278
3200,8,16.452068932387135,19.596244149963965,73.27115471245759,1205.4620880849548,1020.0282738080024,926.9954512850823,1205.4620880849548
3201,9,19.87770650172348,14.55611966766723,81.64522301180608,1622.9197802964413,1232.417803106856,1228.3410272777785,1622.9197802964413
3202,10,34.75212930410248,41.20614450391351,60.97723996362157,2119.088927823062,2154.632016854354,2062.8459172829653,2119.088927823062
3203,11,33.404497615779924,36.36340972913068,56.677419971705376,1893.2807403133897,2071.078852178355,2044.9020225714185,1893.2807403133897
3204,12,34.209761245619056,39.425036791805674,107.95033437805466,3692.9551654579927,2121.0051972283813,1740.6138572362804,3527.40050697928
3205,13,31.950099665459017,33.38172002299894,73.6054297430862,2351.700816210546,1980.9061792584591,1937.9478518688384,2351.700816210546
3206,14,34.38263459534319,36.86027015939213,50.39049018765649,1732.5578112024195,2131.7233449112778,2129.275161658816,1732.5578112024195
3207,15,18.73527394209606,19.482109471968748,115.96381871217791,2172.6139109442183,1161.5869844099557,1099.6334122696003,1949.2531377350438
3208,16,18.098210041492276,15.927984064315627,78.42701085791909,1419.388515433015,1122.0890225725211,1115.1882641946972,1419.388515433015
3209,17,10.639812022930643,10.485196616954395,52.193790839330944,555.3321232946406,659.6683454216999,656.1346633712194,555.3321232946407
3210,18,4.550859778874208e-15,4.283427859832862e-15,71.01541593254369,3.231812000474357e-13,2.821533062902009e-13,2.7981636903290707e-13,3.410605131648481e-13
3211,19,0.0,0.0,42.30894236656981,0.0,0.0,0.0,55.480255706433866
3212,20,0.0,0.0,59.43502688805738,0.0,0.0,0.0,0.0
3213,21,0.0,0.0,103.69169006240766,0.0,0.0,0.0,-134.83447838698328
3214,22,0.0,0.0,71.67912512928616,0.0,0.0,0.0,0.0
3215,23,0.0,0.0,57.22735678340691,0.0,0.0,0.0,0.0
3216,0,0.0,0.0,41.800722083307164,0.0,0.0,0.0,59.1463563410266
3217,1,0.0,0.0,48.09043742963643,0.0,0.0,0.0,13.774831075340103
3218,2,0.0,0.0,72.29487394832141,0.0,0.0,0.0,0.0
3219,3,0.0,0.0,14.297812609630263,0.0,0.0,0.0,257.541495604853
3220,4,0.0,0.0,112.13792498727679,0.0,0.0,0.0,-195.7622851624161
3221,5,0.0,0.0,39.66921140692973,0.0,0.0,0.0,74.52223349638626
3222,6,0.0,0.0,57.51001242426784,0.0,0.0,0.0,0.0
3223,7,4.129618697549007,4.671754077386818,63.574799964667314,262.53968262702807,256.0363592480384,246.56606738928548,262.539682627028
3224,8,13.621047549285501,13.040369486660833,62.98000841119687,857.8536892233134,844.5049480557011,835.9312401241959,857.8536892233135
3225,9,15.146437944246602,15.34142479983631,58.5077514919024,886.1840272295012,939.0791525432893,936.9080344760636,886.1840272295012
3226,10,36.74496467252813,35.17312066777664,74.84468629019185,2750.1653536595495,2278.187809696744,2268.9666099767096,2750.1653536595495
3227,11,25.15950411536668,21.203330461279297,97.06803338592256,2442.183585443669,1559.8892551527342,1602.6199858509126,2355.1295533409148
3228,12,41.37492084937104,39.24451200285306,80.5753458801251,3333.7985582008705,2565.2450926610045,2561.903566432588,3333.7985582008705
3229,13,41.60803447004892,47.276184540289734,65.49103493321327,2724.9532389803157,2579.698137143033,2467.107173676918,2724.9532389803157
3230,14,21.032783018114213,21.996960579206164,73.61450342335043,1548.3178774895555,1304.0325471230813,1275.0897404461307,1548.3178774895555
3231,15,21.795622535456197,18.744438431361022,80.14614883412924,1746.8352076591734,1351.3285971982841,1345.5606742397392,1746.8352076591734
3232,16,16.682768675276794,16.4668492600289,84.11944230566806,1403.3451970787526,1034.3316578671613,1034.566919717006,1403.3451970787526
3233,17,10.824525861264705,9.804103544361885,66.91332243516882,724.3049891626288,671.1206033984117,659.0643053836571,724.3049891626288
3234,18,2.856557351414681e-15,3.0163688857344208e-15,91.06314402876629,2.6012709351830624e-13,1.7710655578771021e-13,1.6882369495651335e-13,-43.73712916137163
3235,19,0.0,0.0,117.46103135690846,0.0,0.0,0.0,-234.16107458976785
3236,20,0.0,0.0,71.60468146991708,0.0,0.0,0.0,0.0
3237,21,0.0,0.0,78.52791937602625,0.0,0.0,0.0,0.0
3238,22,0.0,0.0,49.361615180775175,0.0,0.0,0.0,4.605056248148628
3239,23,0.0,0.0,75.03736021014836,0.0,0.0,0.0,0.0
3240,0,0.0,0.0,40.19379677155854,0.0,0.0,0.0,70.73808162071265
3241,1,0.0,0.0,42.58758559940792,0.0,0.0,0.0,53.470233347281294
3242,2,0.0,0.0,60.34841366020578,0.0,0.0,0.0,0.0
3243,3,0.0,0.0,31.037330089818276,0.0,0.0,0.0,136.78922010942838
3244,4,0.0,0.0,61.99964033934928,0.0,0.0,0.0,0.0
3245,5,0.0,0.0,78.34461746011826,0.0,0.0,0.0,0.0
3246,6,0.0,0.0,65.7584100562292,0.0,0.0,0.0,0.0
3247,7,6.329979916199583,6.9010780007783215,82.8391152626192,524.3699358881219,392.4587548043741,368.730260979907,524.369935888122
3248,8,22.103367637164958,22.078448537246963,33.594950618734856,742.5615442782989,1370.4087935042273,1369.4916762577182,860.9010988531016
3249,9,24.899093002851505,24.97127840814929,72.25460913828798,1799.0742328189165,1543.7437661767933,1541.6996009986556,1799.0742328189165
3250,10,35.109712918743206,34.21533210663962,49.957785672975135,1754.0035130342594,2176.8022009620786,2154.8615543024757,1754.3080305362
3251,11,23.993473549603387,24.30684876872799,83.05901515895901,1992.8742832725898,1487.5953600754099,1474.488827316495,1992.8742832725898
3252,12,44.85818465551826,44.68293124895489,89.2065332518994,4001.643141092333,2781.207448642132,2782.067049065281,3971.2988696570783
3253,13,31.352611931311074,31.95012124587375,14.919100887842617,467.7527805006081,1943.8619397412865,1969.7646400624396,720.8125475597269
3254,14,37.04610172740371,30.519903755520087,57.1126119305695,2115.7996314976085,2296.85830709903,2171.7801919549397,2115.7996314976085
3255,15,25.44834851826242,23.493685217048665,34.627700658361704,881.2177947400537,1577.7976081322702,1507.3726052187535,992.1074979406739
3256,16,12.590505527720744,14.761198105712218,64.53781543623501,812.563721996938,780.6113427186862,740.079586345134,812.563721996938
3257,17,10.531443253403573,9.698178159877282,77.23223986255418,813.3669514457428,652.9494817110216,649.5532430916286,813.3669514457426
3258,18,2.7228718977178152e-15,2.6774261127945474e-15,104.69880892267084,2.8508144454006766e-13,1.6881805765850455e-13,1.6956900865727846e-13,-142.09943654453275
3259,19,0.0,0.0,97.62684492600604,0.0,0.0,0.0,-91.08507810620358
3260,20,0.0,0.0,90.5778216566821,0.0,0.0,0.0,-40.23620502497647
3261,21,0.0,0.0,79.73313576527697,0.0,0.0,0.0,0.0
3262,22,0.0,0.0,35.67874162995592,0.0,0.0,0.0,103.30790825885231
3263,23,0.0,0.0,73.36334644525506,0.0,0.0,0.0,0.0
3264,0,0.0,0.0,39.793738990940284,0.0,0.0,0.0,73.62394063047668
3265,1,0.0,0.0,59.81002390410387,0.0,0.0,0.0,0.0
3266,2,0.0,0.0,31.639305828401373,0.0,0.0,0.0,132.44680460593617
3267,3,0.0,0.0,47.24253307981051,0.0,0.0,0.0,19.891278563454875
3268,4,0.0,0.0,51.99542929585934,0.0,0.0,0.0,0.0
3269,5,0.0,0.0,64.23249536717518,0.0,0.0,0.0,0.0
3270,6,0.0,0.0,45.713186406915845,0.0,0.0,0.0,30.923382146605036
3271,7,11.001059028951076,10.286348348553204,75.47439985957654,830.2983280298582,682.0656597949667,678.210367367493,830.2983280298582
3272,8,20.898090734200693,23.123983804278172,34.260091700451405,715.9705049180695,1295.681625520443,1338.3628699949295,829.5119941222413
3273,9,23.5587536353682,27.06365470907347,98.5630007352236,2322.0214518837474,1460.6427253928282,1246.1296330819318,2224.183315075877
3274,10,35.69994322299019,42.638428114001044,43.4260908668747,1550.3089783438397,2213.396479825392,2266.9434488737215,1597.730565475282
3275,11,41.975346473012834,29.32243117262817,17.680626506728892,742.1504234798798,2602.4714813267956,1985.7743349384791,975.2896341242696
3276,12,36.41300692694215,27.761574821726366,65.41082237595371,2381.804728272585,2257.6064294704133,2145.6406054959543,2381.8047282725856
3277,13,36.38582568112014,31.630408876299715,61.14177414395223,2224.6939358362642,2255.9211922294485,2179.151315511096,2224.6939358362647
3278,14,28.506719983521915,24.683164943326766,59.963161753858344,1709.3530614438707,1767.4166389783588,1702.310563498761,1709.3530614438707
3279,15,26.17905081541996,24.62978406470067,106.65860698581066,2792.2210921834435,1623.1011505560375,1650.9785871223062,2635.9844455361854
3280,16,9.503637852675082,9.56153782121581,106.55069615568536,1012.6192292140527,589.2255468658551,585.1037424711217,857.1610087253532
3281,17,9.099390283213536,9.308529139957813,97.0068464840567,882.7031563022126,564.1621975592392,551.7689304648303,796.0905023717721
3282,18,2.0617615642781456e-15,2.19878133643526e-15,68.39212748684166,1.4100825975158102e-13,1.2782921698524502e-13,1.2461060070200192e-13,1.1368683772161603e-13
3283,19,0.0,0.0,70.87051478797613,0.0,0.0,0.0,0.0
3284,20,0.0,0.0,62.779075507412536,0.0,0.0,0.0,0.0
3285,21,0.0,0.0,31.99182191095656,0.0,0.0,0.0,129.90389265117688
3286,22,0.0,0.0,67.92823760569429,0.0,0.0,0.0,0.0
3287,23,0.0,0.0,64.21238854586153,0.0,0.0,0.0,0.0
3288,0,0.0,0.0,55.79223256388805,0.0,0.0,0.0,0.0
3289,1,0.0,0.0,55.401709697815306,0.0,0.0,0.0,0.0
3290,2,0.0,0.0,27.34405274168453,0.0,0.0,0.0,163.43106593029424
3291,3,0.0,0.0,32.96271498227888,0.0,0.0,0.0,122.90025304426061
3292,4,0.0,0.0,47.020913033723694,0.0,0.0,0.0,21.48995814857767
3293,5,0.0,0.0,85.01046050307667,0.0,0.0,0.0,-0.07545794260977345
3294,6,0.0,0.0,85.75109815604519,0.0,0.0,0.0,-5.418125795454785
3295,7,8.567496970492991,7.012955010057697,74.32718774800246,636.7979558562748,531.1848121705655,521.4617597401436,636.7979558562748
3296,8,11.78438966165046,11.018262637960092,108.42285274289176,1277.6971449499838,730.6321590223286,745.4315416574736,1108.733925392077
3297,9,28.803951969854598,27.9664736023172,69.69534080132945,2007.501248964141,1785.8450221309852,1777.6976185231113,2007.5012489641408
3298,10,27.991946376130652,26.047721020707,79.05038043750878,2212.7740102194734,1735.5006753201005,1730.2275187857017,2212.7740102194734
3299,11,6.837413866360152,7.39120414696727,118.88556210746664,812.8697908636135,423.91965971432944,375.95757111243466,568.4327134053823
3300,12,41.66368584001617,50.0,75.06329822202318,3127.413675237818,2583.1485220810027,2317.810955170824,3127.413675237818
3301,13,42.88052936520044,42.516388982236705,95.26584217982077,4085.0497430923547,2658.5928206424273,2662.0337220897172,4010.9960074003066
3302,14,25.437709285091312,26.99963644828309,81.87754648451504,2082.7772244496437,1577.1379756756614,1514.1190049064746,2082.7772244496437
3303,15,26.974672658955477,30.985782850674997,66.16747299324214,1784.8459246629836,1672.4297048552396,1589.3622551374501,1784.8459246629839
3304,16,13.506377094116862,11.772598171335389,86.53455571207246,1168.768341119115,837.3953798352454,842.4249282121818,1157.6986615822607
3305,17,7.607369158522819,9.225831150948688,93.54026527348731,711.5953291215704,471.65688782841477,382.7623262256029,649.9892245054316
3306,18,4.820887224369257e-15,4.057645294692931e-15,69.40461491528333,3.345918213573574e-13,2.988950079108939e-13,2.9130339243324905e-13,3.410605131648481e-13
3307,19,0.0,0.0,67.22318327634034,0.0,0.0,0.0,0.0
3308,20,0.0,0.0,66.54209641320847,0.0,0.0,0.0,0.0
3309,21,0.0,0.0,46.56252028775048,0.0,0.0,0.0,24.796622585732052
3310,22,0.0,0.0,50.73789703992635,0.0,0.0,0.0,0.0
3311,23,0.0,0.0,72.02052927635012,0.0,0.0,0.0,0.0
3312,0,0.0,0.0,69.22993242470136,0.0,0.0,0.0,0.0
3313,1,0.0,0.0,22.800133879469865,0.0,0.0,0.0,196.20910406242078
3314,2,0.0,0.0,56.18063408580403,0.0,0.0,0.0,0.0
3315,3,0.0,0.0,49.465966590195556,0.0,0.0,0.0,3.852306346391913
3316,4,0.0,0.0,74.37081347426982,0.0,0.0,0.0,0.0
3317,5,0.0,0.0,51.93795504900101,0.0,0.0,0.0,0.0
3318,6,0.0,0.0,37.70928968990928,0.0,0.0,0.0,88.66033558942587
3319,7,7.667879633565561,9.066708551743792,54.8651071909486,420.69903802286615,475.4085372810648,466.202307036056,420.69903802286615
3320,8,6.365290107243914,6.6559701287364135,47.96688973500953,305.3231687055158,394.6479866491227,395.2413773077815,319.9892241113104
3321,9,30.74550237181248,34.362786267341,12.455421642568481,382.9481956535138,1906.221147052374,2074.1742534255413,653.7799728861517
3322,10,37.24190409989215,40.89523861329001,55.75108313852234,2076.2764917099635,2308.9980541933137,2280.908098787384,2076.2764917099635
3323,11,43.306064691450366,43.31523749425033,65.73111236972171,2846.555804524162,2684.976010869923,2684.7910514790333,2846.5558045241623
3324,12,28.78793110651764,31.989327615606296,78.4370207271377,2258.0395488933364,1784.8517286040938,1669.453306743624,2258.0395488933364
3325,13,34.42232862401637,37.550169283941436,45.751558249792694,1574.8751731351915,2134.184374689015,2149.23101541858,1605.52175594467
3326,14,35.77540128345509,38.550471395635775,43.82765005035618,1567.951767862333,2218.0748795742156,2238.098224352096,1612.4766654560474
3327,15,29.964549029079386,30.28617024749062,80.3800533569929,2408.552049775631,1857.8020398029219,1845.4276419736234,2408.552049775631
3328,16,7.837373789347606,8.01358760924584,126.57013181935949,991.9774336353195,485.9171749395516,468.96317375710163,692.1069017771913
3329,17,10.910189034688392,10.68817632234269,112.35669328748321,1225.832763078946,676.4317201506802,681.375392655458,1028.4923697011973
3330,18,4.503468441715504e-15,3.5524192599434473e-15,81.62720538847036,3.67605543452406e-13,2.792150433863613e-13,2.78473609287777e-13,3.410605131648481e-13
3331,19,0.0,0.0,85.701466135606,0.0,0.0,0.0,-5.060099979444203
3332,20,0.0,0.0,93.26395496271844,0.0,0.0,0.0,-59.61291103647454
3333,21,0.0,0.0,65.6519445906613,0.0,0.0,0.0,0.0
3334,22,0.0,0.0,35.62281797165344,0.0,0.0,0.0,103.71131946840757
3335,23,0.0,0.0,0.9263295396939455,0.0,0.0,0.0,353.998099527538
3336,0,0.0,0.0,56.985273701226575,0.0,0.0,0.0,0.0
3337,1,0.0,0.0,46.87685447694952,0.0,0.0,0.0,22.52913974719047
3338,2,0.0,0.0,15.88168619494789,0.0,0.0,0.0,246.11605638591732
3339,3,0.0,0.0,22.31142284636347,0.0,0.0,0.0,199.7344726626305
3340,4,0.0,0.0,48.09786103177831,0.0,0.0,0.0,13.72128013804064
3341,5,0.0,0.0,46.39353654349951,0.0,0.0,0.0,26.015604654014055
3342,6,0.0,0.0,91.14408294195047,0.0,0.0,0.0,-44.32099055132437
3343,7,9.843554401738846,8.792984473137789,91.46664432227581,900.3568893308195,610.3003729078084,617.2341168308167,853.70906822973
3344,8,14.605134222206267,15.223416077725012,48.91558764795475,714.4187231564741,905.5183217767885,906.0472714504917,722.2412460720711
3345,9,23.06038133001631,24.796991932278516,95.1064233297749,2193.1903889185687,1429.7436424610112,1330.959970929112,2120.2866379212815
3346,10,33.942475630582045,38.2099512283791,92.6429711418096,3144.5317903255877,2104.4334890960868,1874.8274528406428,3089.398411599966
3347,11,40.4405910561981,50.0,64.38460097361387,2603.7513182904127,2507.316645484282,2330.651587012149,2603.7513182904127
3348,12,42.041081480663756,41.08479157902783,42.113010358002064,1770.4764998568016,2606.547051801153,2577.4612627993606,1827.3701317794223
3349,13,25.80416197856098,25.37505437135701,82.48692667930577,2128.5060171464893,1599.8580426707808,1599.8001968238593,2128.5060171464893
3350,14,29.958916026102784,34.56259267772658,34.37282576659298,1029.7726007212211,1857.4527936183727,1945.0790267290517,1142.5008708449411
3351,15,27.465636895665977,31.177415626484546,66.73907496845825,1833.0311998363047,1702.8694875312906,1623.3489201140053,1833.0311998363047
3352,16,14.13393976627292,15.057656834757182,93.27200877528726,1318.3009539091895,876.304265508921,825.878540608012,1258.6299458460085
3353,17,10.756524029845485,10.259277602515349,94.28224350828741,1014.149217884637,666.9044898504201,671.2363429148261,947.1907749871689
3354,18,5.448912776609748e-15,5.933542351448675e-15,78.60500309486127,4.2831180566903835e-13,3.378325921498044e-13,3.202617392522239e-13,4.547473508864641e-13
3355,19,0.0,0.0,82.87337902962005,0.0,0.0,0.0,0.0
3356,20,0.0,0.0,54.618448586935884,0.0,0.0,0.0,0.0
3357,21,0.0,0.0,96.68273940121479,0.0,0.0,0.0,-84.27467329248816
3358,22,0.0,0.0,91.45781816180155,0.0,0.0,0.0,-46.584152661278495
3359,23,0.0,0.0,71.53204100728338,0.0,0.0,0.0,0.0
3360,0,0.0,0.0,47.99540316966279,0.0,0.0,0.0,14.460370736529455
3361,1,0.0,0.0,34.380115660691175,0.0,0.0,0.0,112.67568370350082
3362,2,0.0,0.0,66.91616304897335,0.0,0.0,0.0,0.0
3363,3,0.0,0.0,54.54341638378527,0.0,0.0,0.0,0.0
3364,4,0.0,0.0,33.311091148384634,0.0,0.0,0.0,120.38720481360343
3365,5,0.0,0.0,78.49129152356916,0.0,0.0,0.0,0.0
3366,6,0.0,0.0,53.5499183570486,0.0,0.0,0.0,0.0
3367,7,6.221363084921613,6.3241223468506735,48.25830022828357,300.23240758130765,385.72451126514,385.89685136297993,312.7963426477477
3368,8,17.41630612956428,16.46827869021967,82.50975745231857,1437.015194465678,1079.8109800329853,1079.6994143524694,1437.0151944656777
3369,9,31.55670099562794,32.633672384664806,40.960272410878844,1292.571069169572,1956.5154617289322,1968.1463860071271,1357.780097896778
3370,10,11.068970167696149,10.357999017893146,83.67722152418204,926.2206687668731,686.2761503971612,686.8150069089013,926.2206687668731
3371,11,33.0915398068585,26.206176306321908,92.02630338685816,3045.292081804254,2051.675468025227,2100.008843813843,2994.607100992322
3372,12,34.7187124210476,37.392324904649975,92.29857442697042,3204.487662402644,2152.560170104951,2009.8608680799846,3151.8386257161046
3373,13,34.91562632549101,31.806350343922322,77.76599757419899,2715.2485121297723,2164.7688321804426,2153.3406826533233,2715.2485121297723
3374,14,24.879134112782264,24.181036893203043,58.386395875674616,1452.602973352906,1542.5063149925004,1529.7938228451337,1452.602973352906
3375,15,23.269006015612852,23.457922765228794,72.55204400551983,1688.2139484094494,1442.678372967997,1437.2583410297907,1688.2139484094494
3376,16,19.34083602038037,19.28123014340597,131.88265216903352,2550.7207495341386,1199.1318332635828,1201.3320047463537,2212.5277916205323
3377,17,10.647563599489443,6.852853017016668,105.60697475981641,1124.4569803048216,660.1489431683455,725.4378155830414,975.8063936753279
3378,18,3.901355578642799e-15,3.155647505142352e-15,82.87797027970696,3.233364316973268e-13,2.418840458758535e-13,2.420022239835065e-13,3.410605131648481e-13
3379,19,0.0,0.0,56.281148026493874,0.0,0.0,0.0,0.0
3380,20,0.0,0.0,37.00028321369716,0.0,0.0,0.0,93.77482861139828
3381,21,0.0,0.0,92.83276308308949,0.0,0.0,0.0,-56.502462918601964
3382,22,0.0,0.0,87.20109139088156,0.0,0.0,0.0,-15.877804980753353
3383,23,0.0,0.0,56.559044587750634,0.0,0.0,0.0,0.0
3384,0,0.0,0.0,45.12947680901249,0.0,0.0,0.0,35.134032917081015
3385,1,0.0,0.0,73.53679553551254,0.0,0.0,0.0,0.0
3386,2,0.0,0.0,20.42353496553551,0.0,0.0,0.0,213.35295107815355
3387,3,0.0,0.0,90.81688980717651,0.0,0.0,0.0,-41.96074835215711
3388,4,0.0,0.0,68.10556941412844,0.0,0.0,0.0,0.0
3389,5,0.0,0.0,32.263072404740846,0.0,0.0,0.0,127.94719859518179
3390,6,0.0,0.0,78.21951976252701,0.0,0.0,0.0,0.0
3391,7,9.978419588755802,11.423384174729607,49.323143782884685,492.1670241021555,618.6620145028597,619.1620737892825,497.0495978380253
3392,8,14.833444231106373,14.891060860466837,39.01255066813886,578.6904946490495,919.6735423285951,920.4360587586283,657.9496196676287
3393,9,27.347447367908895,25.259067248819,76.58402228744289,2094.3775187286064,1695.5417368103515,1686.014581615553,2094.3775187286064
3394,10,22.774958698103774,22.007800325942984,49.21816869451573,1120.9417592139,1412.047439282434,1392.8022178407798,1126.581581825425
3395,11,36.392111954183015,42.39459918754205,36.174674411958264,1316.4728011061047,2256.310941159347,2357.042622966733,1416.2032459171346
3396,12,31.270292600787542,31.749011490453906,81.89775038647154,2560.966617931226,1938.7581412488275,1919.4312122441613,2560.966617931226
3397,13,37.186158937797366,40.16487022820444,66.45332375755216,2471.14385919324,2305.5418541434365,2242.790371946554,2471.14385919324
3398,14,24.08348628683529,22.684428101538725,102.82087240164336,2476.2850704854186,1493.1761497837879,1514.3238296600405,2347.7323271725404
3399,15,28.90506607951814,22.21922778220992,71.0731993531809,2054.37552378646,1792.1140969301246,1733.980061107804,2054.37552378646
3400,16,13.687664450833346,14.761906368165915,80.49756678317034,1101.8236832365837,848.6351959516675,807.1458692240874,1101.8236832365837
3401,17,8.372235683805611,8.696516321973643,47.53585989907295,397.9814225074028,519.0786123959479,519.915313232444,415.7567571117981
3402,18,3.84626371923008e-15,4.292814043384435e-15,97.54644179793729,3.7518934002739484e-13,2.3846835059226495e-13,2.1170522668361899e-13,-90.50508165871054
3403,19,0.0,0.0,81.1142470768558,0.0,0.0,0.0,0.0
3404,20,0.0,0.0,98.76545852991134,0.0,0.0,0.0,-99.29858747075593
3405,21,0.0,0.0,83.7278498388041,0.0,0.0,0.0,0.0
3406,22,0.0,0.0,69.14187143512547,0.0,0.0,0.0,0.0
3407,23,0.0,0.0,42.70752886571013,0.0,0.0,0.0,52.60500994084276
3408,0,0.0,0.0,45.04253816139883,0.0,0.0,0.0,35.76117402436017
3409,1,0.0,0.0,61.837127987234,0.0,0.0,0.0,0.0
3410,2,0.0,0.0,48.96762609393181,0.0,0.0,0.0,7.447138095072091
3411,3,0.0,0.0,79.21556367182221,0.0,0.0,0.0,0.0
3412,4,0.0,0.0,79.6415922969231,0.0,0.0,0.0,0.0
3413,5,0.0,0.0,52.314512788764475,0.0,0.0,0.0,0.0
3414,6,0.0,0.0,64.36609069579525,0.0,0.0,0.0,0.0
3415,7,8.418977716760303,9.622983664296878,48.201441363368666,405.80686075392913,521.9766184391387,524.0814595847422,418.78095324149484
3416,8,21.135085279048,29.491311596656836,58.264642578185,1231.428189643191,1310.375287300976,1219.8706443703466,1231.428189643191
3417,9,25.767774815937546,26.908519211589912,81.45950705264892,2099.030234349934,1597.602038588128,1552.1725959399325,2099.0302343499334
3418,10,15.483470550349125,17.580946797793402,66.81882106858745,1034.5872482245215,959.9751741216458,914.8300888712016,1034.5872482245215
3419,11,34.2661159461003,35.15813550945444,57.80450453383388,1980.7358545632321,2124.4991886582184,2115.350965468459,1980.7358545632321
3420,12,18.34893315534089,19.903830210627657,61.054423778528225,1120.2835407500697,1137.6338556311352,1115.370793377085,1120.2835407500697
3421,13,28.107576063456275,27.864442904727984,66.59769935543662,1871.8999002841276,1742.6697159342891,1739.7395418493784,1871.8999002841279
3422,14,41.054864267444934,39.63299418340146,77.44419868823117,3179.4610654463677,2545.401584581586,2539.8323313440264,3179.4610654463672
3423,15,29.330199385890335,28.495885554171224,71.84010893626336,2107.0847190046866,1818.4723619252009,1811.6978017769152,2107.084719004686
3424,16,11.044873875919741,13.558586629695197,67.3012581512614,743.3339079713975,684.782180307024,629.162332341152,743.3339079713976
3425,17,10.642418735722794,12.919221459052432,90.89820048367295,967.3767118709278,659.8299616148132,542.2951424525133,924.8294203749412
3426,18,3.3239033567254345e-15,2.9897850238196772e-15,86.4728685184088,2.8742745793401615e-13,2.0608200811697695e-13,2.070357994800321e-13,-10.62469245687214
3427,19,0.0,0.0,103.88384420911747,0.0,0.0,0.0,-136.2206025980637
3428,20,0.0,0.0,72.28338961824103,0.0,0.0,0.0,0.0
3429,21,0.0,0.0,48.628793480649975,0.0,0.0,0.0,9.891342900513337
3430,22,0.0,0.0,81.76645840387735,0.0,0.0,0.0,0.0
3431,23,0.0,0.0,37.93169531943632,0.0,0.0,0.0,87.05598911527164
3432,0,0.0,0.0,27.321152560640584,0.0,0.0,0.0,163.59625880240577
3433,1,0.0,0.0,30.052131198447547,0.0,0.0,0.0,143.89605625864152
3434,2,0.0,0.0,37.78470670404824,0.0,0.0,0.0,88.11630700084032
3435,3,0.0,0.0,13.044564387218507,0.0,0.0,0.0,266.58193388486467
3436,4,0.0,0.0,18.816565617193625,0.0,0.0,0.0,224.94499402045125
3437,5,0.0,0.0,72.93880523476233,0.0,0.0,0.0,0.0
3438,6,0.0,0.0,59.077022229620084,0.0,0.0,0.0,0.0
3439,7,10.84973817252792,10.055948057467996,59.052524927092726,640.7044338856344,672.683766696731,658.6252624803576,640.7044338856344
3440,8,18.542041067647933,15.954493788342948,61.48064059665704,1139.9765628085174,1149.6065461941719,1108.4916631066183,1139.9765628085174
3441,9,19.00343446658658,20.40136204389462,79.95877134326652,1519.4912712505463,1178.212936928368,1125.1637323359412,1519.491271250546
3442,10,31.672622426277112,27.459115213104507,46.262999317137144,1465.2705096788006,1963.7025904291809,1848.662254206797,1492.227758387894
3443,11,32.654785197918166,34.47942552239377,78.02217897505341,2547.797495103896,2024.5966822709263,1959.771364936745,2547.797495103896
3444,12,37.36407947247323,38.999590046609896,68.09129814817983,2544.1686753924605,2316.5729272933404,2278.769535229763,2544.1686753924605
3445,13,33.05607955167792,34.05982001771474,53.71720828562979,1775.6803103838304,2049.476932204031,2044.3111714997954,1775.6803103838304
3446,14,32.6801783314149,25.041663683105202,86.29074949465797,2819.997081836873,2026.1710565477238,2046.9330138739483,2810.686124172831
3447,15,25.67391721388827,29.25653975998855,81.37487261073899,2089.211742698817,1591.7828672610729,1449.4861484927005,2089.211742698817
3448,16,17.71351458666488,20.82915282970529,64.04212708718248,1134.4111523198528,1098.2379043732224,1041.992350043628,1134.4111523198528
3449,17,8.940731362834374,9.958668284696188,68.46313684500909,612.1105147881943,554.3253444957312,530.3234901748979,612.1105147881943
3450,18,4.439039600257165e-15,4.843820818562786e-15,97.0953269810487,4.3101000146879317e-13,2.7522045521594424e-13,2.5118893481692836e-13,-87.25091733088732
3451,19,0.0,0.0,101.75997032122609,0.0,0.0,0.0,-120.89981422219
3452,20,0.0,0.0,80.65243180750663,0.0,0.0,0.0,0.0
3453,21,0.0,0.0,86.31696563764524,0.0,0.0,0.0,-9.500070577491897
3454,22,0.0,0.0,87.15340403562932,0.0,0.0,0.0,-15.53380721224653
3455,23,0.0,0.0,52.81861003182607,0.0,0.0,0.0,0.0
3456,0,0.0,0.0,56.640623492700676,0.0,0.0,0.0,0.0
3457,1,0.0,0.0,64.2378803888255,0.0,0.0,0.0,0.0
3458,2,0.0,0.0,27.05466314738793,0.0,0.0,0.0,165.5186083016541
3459,3,0.0,0.0,71.53672020736373,0.0,0.0,0.0,0.0
3460,4,0.0,0.0,80.6160452808703,0.0,0.0,0.0,0.0
3461,5,0.0,0.0,42.55921295335412,0.0,0.0,0.0,53.67490242312999
3462,6,0.0,0.0,119.89457250812609,0.0,0.0,0.0,-251.71568044200194
3463,7,8.765675087356657,7.884641709456525,79.7412401229967,698.9858019810772,543.4718554161127,541.5388065939366,698.9858019810773
3464,8,16.399413656232174,19.660079776562213,61.383624735364776,1006.6554537541722,1016.7636466863947,968.735564249786,1006.6554537541722
3465,9,21.683718969345843,21.729047028082565,24.73674940010916,536.3847222071014,1344.3905760994423,1345.7993297039143,718.6238458830669
3466,10,23.47453458026262,23.803003469614026,68.82523998108152,1615.6404759307716,1455.4211439762826,1447.5275274461574,1615.6404759307716
3467,11,35.10299000735498,40.099450088073326,72.70520526470003,2552.170093889458,2176.385380456009,2032.0800857536626,2552.170093889458
3468,12,37.7996289393567,43.75676341102993,71.52167498174845,2703.4927754313626,2343.5769942401153,2180.3390371018777,2703.492775431363
3469,13,30.289173556744498,30.050547435477117,49.48075366314214,1498.7311354214332,1877.928760518159,1871.989491242598,1502.4767736569713
3470,14,36.21463638062731,29.552603061182,57.1851823788634,2070.9405862103945,2245.3074555988933,2117.9885825831925,2070.9405862103945
3471,15,22.252960679369888,22.387044870896837,97.04251000722452,2159.483159418126,1379.6835621209332,1371.7319488730232,2072.6132429005293
3472,16,20.2778094180961,16.61680143004183,94.58217475046641,1917.919313939019,1257.2241839219582,1289.9412616293453,1848.7972853809638
3473,17,7.884403413725755,7.800723304570661,107.44469108387014,847.1372891683749,488.8330116509968,490.3880824919062,685.2301419416469
3474,18,4.0463203178887485e-15,3.875611160694144e-15,89.87482601496923,3.6366233457108626e-13,2.508718597091024e-13,2.5179473381455725e-13,-35.16507179185487
3475,19,0.0,0.0,80.83608382678494,0.0,0.0,0.0,0.0
3476,20,0.0,0.0,85.23031350707704,0.0,0.0,0.0,-1.6613907832050927
3477,21,0.0,0.0,70.41778022433498,0.0,0.0,0.0,0.0
3478,22,0.0,0.0,31.89910300415795,0.0,0.0,0.0,130.57273026794996
3479,23,0.0,0.0,87.73111326736358,0.0,0.0,0.0,-19.701173708275405
3480,0,0.0,0.0,71.78417646343124,0.0,0.0,0.0,0.0
3481,1,0.0,0.0,59.31309789099383,0.0,0.0,0.0,0.0
3482,2,0.0,0.0,22.636873779047107,0.0,0.0,0.0,197.386798022058
3483,3,0.0,0.0,67.60571594850285,0.0,0.0,0.0,0.0
3484,4,0.0,0.0,44.575678728894566,0.0,0.0,0.0,39.128913798108954
3485,5,0.0,0.0,73.92506534028861,0.0,0.0,0.0,0.0
3486,6,0.0,0.0,73.42817494082378,0.0,0.0,0.0,0.0
3487,7,11.640240865809432,11.130742979053712,54.9667443437641,639.8261437707823,721.6949336801847,711.1101447650724,639.8261437707823
3488,8,21.11903523938636,21.82135575978861,81.36259310049608,1718.2994708572303,1309.3801848419544,1281.4957836973726,1718.2994708572303
3489,9,18.23517000498843,16.481840533100964,45.506568734611406,829.8200172193302,1130.5805403092827,1081.71511914741,862.2338577449093
3490,10,34.80793494496198,35.48806942473853,60.52248883131396,2106.662853947564,2158.0919665876427,2148.806015013704,2106.662853947564
3491,11,25.80828513450001,23.24512999325375,106.80386518521934,2756.4246061668396,1600.1136783390007,1646.5142166975832,2599.140124172253
3492,12,42.361307984382314,38.85646639357352,70.10848881188015,2969.8872868796766,2626.4010950317033,2593.390276994031,2969.887286879677
3493,13,44.51492262484731,50.0,78.72664221284667,3504.5103866189074,2759.925202740533,2560.2228449707172,3504.5103866189074
3494,14,33.60154960467939,34.522138095024985,74.74432342072693,2511.5250910897553,2083.2960754901223,2054.3616070668118,2511.5250910897557
3495,15,25.97104708398597,27.102925100497917,79.5157722530476,2065.1078651034045,1610.2049192071302,1567.8786630068766,2065.107865103404
3496,16,17.185189579683776,16.16053164603532,61.0125510663797,1048.5122568158727,1065.4817539403941,1048.840707930913,1048.5122568158727
3497,17,10.076409639839321,9.702383229400233,83.9515678894244,845.9303879606211,624.7373976700379,625.0978379141255,845.9303879606213
3498,18,5.63670575392378e-15,5.396054448941445e-15,100.97481303968443,5.691653096621672e-13,3.4947575674327436e-13,3.527801662306301e-13,-115.23599933145749
3499,19,0.0,0.0,59.590520653526724,0.0,0.0,0.0,0.0
3500,20,0.0,0.0,55.740691183201534,0.0,0.0,0.0,0.0
3501,21,0.0,0.0,76.91511826493755,0.0,0.0,0.0,0.0
3502,22,0.0,0.0,79.03417996736292,0.0,0.0,0.0,0.0
3503,23,0.0,0.0,97.62399779512282,0.0,0.0,0.0,-91.0645400271826
3504,0,0.0,0.0,47.8656582304212,0.0,0.0,0.0,15.396299544870544
3505,1,0.0,0.0,45.91034961792296,0.0,0.0,0.0,29.501124521719987
3506,2,0.0,0.0,66.63174094303119,0.0,0.0,0.0,0.0
3507,3,0.0,0.0,62.26360621715501,0.0,0.0,0.0,0.0
3508,4,0.0,0.0,48.18436048578687,0.0,0.0,0.0,13.097307200170292
3509,5,0.0,0.0,56.75568902933538,0.0,0.0,0.0,0.0
3510,6,0.0,0.0,49.93481719611226,0.0,0.0,0.0,0.47020303314786815
3511,7,11.53834582020214,10.396633615648486,38.71965168607639,446.76073119172224,715.3774408525327,677.746308334751,528.1327139205789
3512,8,15.115963308920055,13.154977491168186,62.79522916691509,949.210380062315,937.1897251530434,907.9640198165267,949.2103800623149
3513,9,22.14286702223206,23.697186807602847,96.3150695784941,2132.6917779136234,1372.8577553783878,1282.0950592273548,2051.0693296794184
3514,10,35.27801365702045,38.23704545774989,44.53248316531173,1571.0175492869007,2187.236846735268,2205.980526065986,1610.4580588403894
3515,11,19.654799123751452,17.046092283334872,50.60960673257652,994.7216540608506,1218.59754567259,1155.876942022311,994.7216540608507
3516,12,35.44280003683642,34.01700762044652,47.806594416230915,1694.3995663366127,2197.453602283858,2160.1761822967514,1710.2219289368466
3517,13,36.80930469183617,42.14619277994718,79.56031707021769,2928.5599524167374,2282.1768908938425,2082.3083167837503,2928.5599524167374
3518,14,36.00277585164012,34.08462756427613,79.21358975719896,2851.9091164322103,2232.1721028016877,2227.2044676316636,2851.9091164322103
3519,15,31.868590699113252,28.02808379183598,99.5061616434927,3171.1211374562713,1975.8526233450216,2024.3567709251924,3066.4794099256333
3520,16,6.240904366938134,6.147690402525822,114.87328759003488,716.9132021651887,386.9360707501643,389.187650862608,501.4190902652904
3521,17,7.599785296538686,7.514555221311948,94.74246667858854,720.0224052217436,471.1866883853985,471.95860439297786,649.7440939281074
3522,18,4.8815533197993296e-15,4.729976455644207e-15,100.51105743685616,4.906500861074263e-13,3.0265630582755843e-13,3.0468490342433636e-13,-111.89064936055524
3523,19,0.0,0.0,66.48275903881205,0.0,0.0,0.0,0.0
3524,20,0.0,0.0,88.78523289651433,0.0,0.0,0.0,-27.305176871150024
3525,21,0.0,0.0,66.35300647778722,0.0,0.0,0.0,0.0
3526,22,0.0,0.0,79.51447668934856,0.0,0.0,0.0,0.0
3527,23,0.0,0.0,65.69604950032202,0.0,0.0,0.0,0.0
3528,0,0.0,0.0,43.882226141036504,0.0,0.0,0.0,44.13120720538052
3529,1,0.0,0.0,28.843302577340175,0.0,0.0,0.0,152.61606905802313
3530,2,0.0,0.0,39.99438669713902,0.0,0.0,0.0,72.17654723188497
3531,3,0.0,0.0,54.54462594980231,0.0,0.0,0.0,0.0
3532,4,0.0,0.0,37.028283727239824,0.0,0.0,0.0,93.57284395268164
3533,5,0.0,0.0,54.26502156491308,0.0,0.0,0.0,0.0
3534,6,0.0,0.0,84.25344899957676,0.0,0.0,0.0,0.0
3535,7,8.373396880296275,9.17331752722673,87.61875299812797,733.6665930099746,519.150606578369,481.13562471117933,714.7759419587314
3536,8,21.147643304563406,18.333720165129673,69.86093628922245,1477.394161567306,1311.1538848829312,1284.1281291131013,1477.3941615673057
3537,9,29.586951910800188,27.801481074229564,85.98606054937393,2544.06543847348,1834.3910184696117,1838.8360291991103,2536.9523866633485
3538,10,17.048782159616568,19.21023167946244,51.081642750276615,870.8797996048229,1057.024493896227,1053.0213738822665,870.8797996048229
3539,11,31.051051591619014,28.867212637475596,94.4040756152666,2931.345822388746,1925.1651986803788,1944.389656842377,2863.5085307333284
3540,12,45.211932269443345,45.36783519336193,29.973678506007932,1355.1679224797003,2803.1398007054872,2806.9645518388365,1499.6299055126374
3541,13,41.551278422940186,42.101941534884126,63.97267164371536,2658.1462909273473,2576.1792622222915,2566.2861371044455,2658.1462909273473
3542,14,38.16374658313325,34.17792325027378,52.06881502551818,1987.1410615179168,2366.152288154262,2274.6840648992647,1987.1410615179166
3543,15,25.381920173579818,26.672109292885658,95.28644535009755,2418.552949500352,1573.6790507619487,1499.9988573988778,2344.3505906657138
3544,16,20.591012946558514,20.409784913331983,51.13098269491413,1052.8387266412362,1276.6428026866279,1272.356440199637,1052.8387266412362
3545,17,10.93412749313657,9.882872804223746,51.14341849475384,559.2086582564773,677.9159045744674,653.061682736603,559.2086582564773
3546,18,4.6136295419266485e-15,4.9639053426738195e-15,74.41090994872371,3.4330437238107526e-13,2.860450315994522e-13,2.751817049125083e-13,3.410605131648481e-13
3547,19,0.0,0.0,66.96643366879137,0.0,0.0,0.0,0.0
3548,20,0.0,0.0,63.581263359601024,0.0,0.0,0.0,0.0
3549,21,0.0,0.0,55.0302347996858,0.0,0.0,0.0,0.0
3550,22,0.0,0.0,76.24610798134181,0.0,0.0,0.0,0.0
3551,23,0.0,0.0,55.62767874618496,0.0,0.0,0.0,0.0
3552,0,0.0,0.0,84.33121980583877,0.0,0.0,0.0,0.0
3553,1,0.0,0.0,55.469306743990366,0.0,0.0,0.0,0.0
3554,2,0.0,0.0,67.64532400821412,0.0,0.0,0.0,0.0
3555,3,0.0,0.0,62.44838506795244,0.0,0.0,0.0,0.0
3556,4,0.0,0.0,35.38434875790249,0.0,0.0,0.0,105.4315423021967
3557,5,0.0,0.0,46.90624253151612,0.0,0.0,0.0,22.31714591490106
3558,6,0.0,0.0,82.38299580818146,0.0,0.0,0.0,0.0
3559,7,6.890230691307293,8.431329573701595,29.58513360303131,203.84839555803305,427.19430286105217,465.7504131556018,351.1131882431662
3560,8,11.208220200205115,10.621511322069177,78.29233624744958,877.5177446499156,694.9096524127172,692.984808543076,877.5177446499156
3561,9,27.03026149810082,32.46532058158532,57.67727025279577,1559.0316974297014,1675.876212882251,1621.00066156073,1559.0316974297014
3562,10,37.83072037588517,39.93493117465882,41.287442006289005,1561.9336735754948,2345.5046633048805,2367.368881174629,1624.782629907218
3563,11,39.990974814159394,38.7469881844593,53.69291081841192,2147.2318442380174,2479.4404384778823,2452.408214812315,2147.2318442380174
3564,12,31.969320988141423,32.63291638944689,103.8979838438439,3321.5479955245773,1982.097901264768,1937.0580357911015,3185.225395179571
3565,13,39.316090014784585,40.89305477404882,31.75015716843061,1248.292037217576,2437.5975809166443,2472.783297296382,1379.9392039865143
3566,14,19.94073332909084,21.002867486294484,62.0051439144154,1236.4280398292572,1236.3254664036322,1219.8555575579728,1236.4280398292572
3567,15,29.727011846320355,34.454442538354485,37.49756364979048,1114.6905188254732,1843.074734471862,1914.5915207848245,1204.8781625440754
3568,16,11.948671849936453,12.072776781057229,80.89064853614015,966.5358150868811,740.8176546960601,735.9634999694325,966.535815086881
3569,17,4.665579286099004,5.009082723304741,78.12416850961833,364.4945023421834,289.26591573813823,277.0182283300263,364.4945023421834
3570,18,2.6156264664621104e-15,3.2300228439533187e-15,90.71110196899485,2.372663591120462e-13,1.6216884092065085e-13,1.305957007651232e-13,-41.19763661997615
3571,19,0.0,0.0,71.8809175601971,0.0,0.0,0.0,0.0
3572,20,0.0,0.0,84.01902933780572,0.0,0.0,0.0,0.0
3573,21,0.0,0.0,52.774909180983386,0.0,0.0,0.0,0.0
3574,22,0.0,0.0,104.44884509023325,0.0,0.0,0.0,-140.2962960660742
3575,23,0.0,0.0,69.62134714103854,0.0,0.0,0.0,0.0
3576,0,0.0,0.0,63.66303948782374,0.0,0.0,0.0,0.0
3577,1,0.0,0.0,63.382011661607116,0.0,0.0,0.0,0.0
3578,2,0.0,0.0,29.080970165136534,0.0,0.0,0.0,150.90162883763531
3579,3,0.0,0.0,45.916902067279764,0.0,0.0,0.0,29.453857736949203
3580,4,0.0,0.0,49.27945911588642,0.0,0.0,0.0,5.197697690341215
3581,5,0.0,0.0,47.88253551236821,0.0,0.0,0.0,15.274553490858466
3582,6,0.0,0.0,55.55776175325425,0.0,0.0,0.0,0.0
3583,7,7.813550403515872,8.292991737398754,81.0856219862996,633.5665943903866,484.44012501798403,465.57073926392934,633.5665943903866
3584,8,20.509047632227222,22.317122517146572,59.697742140976594,1224.3438371057073,1271.5609531980879,1248.7391107487233,1224.3438371057073
3585,9,23.642817973857667,28.150842373080508,70.46548576265428,1666.0026533258942,1465.8547143791754,1348.2770657295723,1666.0026533258942
3586,10,40.159013509713866,43.49483590631876,19.87918115086198,798.3283043995156,2489.85883760226,2613.788054055249,1015.6080091534689
3587,11,37.017044603067326,34.48626880708275,27.269614383096894,1009.440531927544,2295.0567653901744,2189.9086260740614,1173.4085668113485
3588,12,26.033480793217272,26.420081404562843,58.50803458189571,1523.167794536674,1614.075809179471,1609.7709946604102,1523.167794536674
3589,13,35.37719141410777,29.810317302524446,103.23650794699586,3652.2177025649303,2193.385867674682,2279.2681553518137,3520.6667283928
3590,14,27.66213570783433,23.999396878700257,119.32644948916752,3300.8244393033906,1715.0524138857286,1815.7588213944257,3053.2069742001386
3591,15,25.671070071829572,27.50656356866524,99.89237958729545,2564.3442760272596,1591.6063444534334,1476.2171748623439,2456.9165246099383
3592,16,19.60337997226872,23.54066657186833,75.44128863779767,1478.9042467643465,1215.4095582806606,1088.2288589431778,1478.9042467643465
3593,17,8.304748808848931,9.374117816761228,96.84588741119322,804.2807681200245,514.8944261486337,451.7403164625791,718.8292094441457
3594,18,2.2191302738136977e-15,2.3101207077426884e-15,112.74365151660996,2.501928502608108e-13,1.3758607697644925e-13,1.3040424166225263e-13,-200.131757390722
3595,19,0.0,0.0,118.55871096437576,0.0,0.0,0.0,-242.07930225215273
3596,20,0.0,0.0,51.99986745474409,0.0,0.0,0.0,0.0
3597,21,0.0,0.0,72.61158838353806,0.0,0.0,0.0,0.0
3598,22,0.0,0.0,56.04812088090787,0.0,0.0,0.0,0.0
3599,23,0.0,0.0,69.0434358877264,0.0,0.0,0.0,0.0
3600,0,0.0,0.0,54.394953270230666,0.0,0.0,0.0,0.0
3601,1,0.0,0.0,30.845387783702968,0.0,0.0,0.0,138.17381618602943
3602,2,0.0,0.0,57.896454826857386,0.0,0.0,0.0,0.0
3603,3,0.0,0.0,36.92080807981576,0.0,0.0,0.0,94.34813087490983
3604,4,0.0,0.0,52.642069284370706,0.0,0.0,0.0,0.0
3605,5,0.0,0.0,57.57412249378114,0.0,0.0,0.0,0.0
3606,6,0.0,0.0,96.24091051739023,0.0,0.0,0.0,-81.08749402256217
3607,7,10.857235749534064,10.29334163573866,68.7628030608169,746.5739636300717,673.148616471112,667.2683863363474,746.5739636300717
3608,8,19.349117722972977,19.02593828559842,60.117703308565204,1163.2245185521901,1199.6452988243245,1194.1797778557366,1163.2245185521901
3609,9,12.400207618605704,11.423696093486377,88.61045743890331,1098.7880694220253,768.8128723535536,773.1660074975438,1072.7436537545516
3610,10,38.52683460079328,35.48346593127903,37.750954208102584,1454.4247687976892,2388.663745249183,2286.1424412002048,1542.7845529891902
3611,11,42.893100008359454,50.0,57.82823379044098,2480.4322152801765,2659.3722005182863,2586.2756571976593,2480.432215280177
3612,12,36.4844322894164,36.844379458944346,79.46536782038467,2899.2488315963933,2262.0348019438165,2248.5973586764935,2899.2488315963933
3613,13,42.81087725828145,40.56403058365483,74.14758595212601,3174.3232011943405,2654.27439001345,2639.9185888826937,3174.3232011943405
3614,14,26.79866924741649,21.459542043609588,69.40547464373456,1859.9743589373945,1661.5174933398225,1608.4151000264144,1859.9743589373945
3615,15,13.923765872519276,13.068010289540185,97.8872254363688,1362.9588088865125,863.2734840961951,873.0422927036205,1269.9954484965947
3616,16,22.506159187007313,19.88393786124563,94.31493859908737,2122.667021823881,1395.3818695944533,1418.2901298965521,2055.4727294393356
3617,17,11.264845110604929,10.695822139569268,68.09201627272442,767.0460165810309,698.4203968575056,692.2004137057803,767.0460165810309
3618,18,3.446688694143935e-15,4.0750758202079965e-15,75.41752142602492,2.5994071843943807e-13,2.1369469903692398e-13,1.9341545142317757e-13,3.410605131648481e-13
3619,19,0.0,0.0,75.02213637390985,0.0,0.0,0.0,0.0
3620,20,0.0,0.0,121.5906017498385,0.0,0.0,0.0,-263.95016632165425
3621,21,0.0,0.0,53.56976702040603,0.0,0.0,0.0,0.0
3622,22,0.0,0.0,69.00256590958766,0.0,0.0,0.0,0.0
3623,23,0.0,0.0,50.26105949658543,0.0,0.0,0.0,0.0
3624,0,0.0,0.0,34.598692101159244,0.0,0.0,0.0,111.09895948863337
3625,1,0.0,0.0,64.81005579838549,0.0,0.0,0.0,0.0
3626,2,0.0,0.0,21.78388528895315,0.0,0.0,0.0,203.53992049241342
3627,3,0.0,0.0,79.72239477830841,0.0,0.0,0.0,0.0
3628,4,0.0,0.0,32.56249660313325,0.0,0.0,0.0,125.78727054844634
3629,5,0.0,0.0,44.01165157402678,0.0,0.0,0.0,43.197583189093734
3630,6,0.0,0.0,73.93707901631787,0.0,0.0,0.0,0.0
3631,7,10.235392604190608,11.184702766473123,77.85605754390588,796.8873155763326,634.5943414598177,601.0646382442309,796.8873155763325
3632,8,20.60874645796417,19.900817741943207,65.44874174478512,1348.816524611052,1277.7422803937786,1268.6004827819088,1348.816524611052
3633,9,24.08327344807537,30.306889568988975,53.405128518287555,1286.1703136355275,1493.162953780673,1463.5608797949699,1286.1703136355275
3634,10,34.069450060209974,37.22836773533718,28.30199661369374,964.2334602344706,2112.3059037330186,2196.404202910421,1120.7542969733372
3635,11,40.63117332307295,42.211170739232706,56.517985319254336,2296.3920573775154,2519.132746030523,2505.4697473687065,2296.3920573775154
3636,12,40.54659537666061,49.95335857501518,45.381568310688145,1840.0680878517558,2513.888913352958,2563.4911483151973,1873.383632123843
3637,13,20.156546712595762,21.89388503226295,133.57605621843442,2692.432016851191,1249.7058961809373,1067.337370677422,2342.02351015965
3638,14,32.43389343566229,35.09658089132329,77.02434057991697,2498.1992543211854,2010.901393011062,1919.6233334586623,2498.1992543211854
3639,15,26.139421487077882,24.046632457096155,53.99850494780655,1411.4896805027759,1620.6441321988286,1575.6468214325994,1411.4896805027759
3640,16,14.25742208736517,13.848860607753045,81.19966126175473,1157.6978439599118,883.9601694166405,883.5106479925181,1157.6978439599118
3641,17,10.196627615317912,11.415793987187413,102.14124274922138,1041.4962164796011,632.1909121497105,552.1202667796068,917.8460533707968
3642,18,5.588460317897831e-15,6.132275501788979e-15,110.74951135503109,6.189192494341665e-13,3.4648453970966553e-13,3.049169987566779e-13,-185.74681693754212
3643,19,0.0,0.0,75.2835808864168,0.0,0.0,0.0,0.0
3644,20,0.0,0.0,72.62758573016242,0.0,0.0,0.0,0.0
3645,21,0.0,0.0,79.8251398640964,0.0,0.0,0.0,0.0
3646,22,0.0,0.0,43.786481725854905,0.0,0.0,0.0,44.82186964608951
3647,23,0.0,0.0,64.26736881997371,0.0,0.0,0.0,0.0
3648,0,0.0,0.0,59.06278315487539,0.0,0.0,0.0,0.0
3649,1,0.0,0.0,61.523793634665225,0.0,0.0,0.0,0.0
3650,2,0.0,0.0,49.22307217630137,0.0,0.0,0.0,5.6044508283080745
3651,3,0.0,0.0,19.56053696795241,0.0,0.0,0.0,219.57827818686445
3652,4,0.0,0.0,57.90452091845335,0.0,0.0,0.0,0.0
3653,5,0.0,0.0,39.80176908162392,0.0,0.0,0.0,73.56601472409193
3654,6,0.0,0.0,97.0178843713941,0.0,0.0,0.0,-86.69227689533375
3655,7,10.14936354893504,10.242748166939526,97.95789810886654,994.2103203964228,629.2605400339726,623.6156852309771,900.737155226914
3656,8,16.751044849453656,14.752689859555963,41.2442143488947,690.8836843388152,1038.5647806661266,976.4822074538625,754.0444679380134
3657,9,24.83151283310668,29.29079969359037,46.25412592101971,1148.5599213919331,1539.553795652614,1558.2040610491515,1175.5811792801335
3658,10,34.99886631930419,33.8906889829694,13.040635357304069,456.40745358907674,2169.92971179686,2112.061219359881,723.017729945773
3659,11,35.456541641135686,20.2195589051651,78.60220911900805,2786.962500713364,2198.305581750413,2151.8580296368427,2786.962500713364
3660,12,33.56789808706252,35.58819510964474,58.38138491332982,1959.7403789522245,2081.209681397876,2059.0334241546902,1959.7403789522243
3661,13,32.59951203261115,36.2647004473139,78.75433951112491,2567.3530385132603,2021.1697460218913,1887.5995617537842,2567.3530385132603
3662,14,25.646619359346033,29.400717575026867,70.3240739849069,1803.574757289396,1590.0904002794541,1492.8401388189832,1803.574757289396
3663,15,23.69863409988607,21.135019702786167,50.056814903864925,1186.2781406124186,1469.3153141929365,1406.6160000931272,1186.2781406124186
3664,16,15.607969837603296,16.56373165524809,90.9572097472696,1419.6573862479404,967.6941299314043,918.2845774804449,1376.6844252030533
3665,17,9.434412144625028,10.091036671497553,113.30474268444985,1068.9636404257874,584.9335529667518,532.6459323108608,864.7843926962762
3666,18,3.294739589707729e-15,3.538798696139853e-15,86.93991765443056,2.864443886219823e-13,2.042738545618792e-13,1.9288242089064244e-13,-13.993800676959609
3667,19,0.0,0.0,60.931720642416636,0.0,0.0,0.0,0.0
3668,20,0.0,0.0,72.03635299470463,0.0,0.0,0.0,0.0
3669,21,0.0,0.0,78.79541716229073,0.0,0.0,0.0,0.0
3670,22,0.0,0.0,58.46341649139638,0.0,0.0,0.0,0.0
3671,23,0.0,0.0,35.35108018015646,0.0,0.0,0.0,105.67152869786696
3672,0,0.0,0.0,93.74527234136532,0.0,0.0,0.0,-63.08494473015128
3673,1,0.0,0.0,20.600899227623348,0.0,0.0,0.0,212.07351526024414
3674,2,0.0,0.0,95.49208604091405,0.0,0.0,0.0,-75.68576965456964
3675,3,0.0,0.0,48.99566636269588,0.0,0.0,0.0,7.244866657871341
3676,4,0.0,0.0,71.29350967669342,0.0,0.0,0.0,0.0
3677,5,0.0,0.0,61.62669448294646,0.0,0.0,0.0,0.0
3678,6,0.0,0.0,44.946339473761725,0.0,0.0,0.0,36.45511340735624
3679,7,10.451834066524032,9.887884380871627,89.22553945918803,932.5705329235257,648.01371212449,650.7878678116724,902.0891582066884
3680,8,13.558714585661049,15.880120452597122,79.0691689637109,1072.0762945043648,840.640304310985,755.1279271533739,1072.0762945043648
3681,9,28.32223366129359,26.59011801700784,58.064674558050854,1644.5212803000854,1755.9784870002027,1724.0183654412565,1644.5212803000854
3682,10,16.63616600948604,19.230657681275094,91.2906760867807,1518.7268424979013,1031.4422925881345,896.2346527151249,1473.3483868296025
3683,11,42.48068508687515,46.42589680134379,53.52276579972799,2273.6837589168163,2633.802475386259,2614.4572984035044,2273.6837589168163
3684,12,28.54927594712198,35.000742566647325,30.909535609158397,882.4448615032562,1770.0551087215629,1920.7812426227397,1020.1559405822576
3685,13,46.19175498869492,43.79384181740249,24.339093425699076,1124.265440166847,2863.888809299085,2758.990467206055,1309.3730971700843
3686,14,34.60669061677645,26.98266510641737,71.6676785890035,2480.1811801522176,2145.61481824014,2082.72239397096,2480.181180152218
3687,15,26.00731047720072,25.34729758905437,73.55625524759206,1913.0003677643513,1612.4532495864446,1607.9435078717659,1913.0003677643513
3688,16,19.058576188454463,15.803155958125739,82.01660569103755,1563.1197282810672,1181.6317236841767,1180.044557445919,1563.1197282810672
3689,17,9.814981320661591,9.271469536718268,80.45472146470458,789.6615883351066,608.5288418810186,607.6271781689912,789.6615883351066
3690,18,3.924229188315275e-15,2.608789669767954e-15,65.06718208078189,2.5533853512282894e-13,2.4330220967554707e-13,2.259389165277941e-13,2.2737367544323206e-13
3691,19,0.0,0.0,53.81818955644697,0.0,0.0,0.0,0.0
3692,20,0.0,0.0,58.084191183422945,0.0,0.0,0.0,0.0
3693,21,0.0,0.0,83.6154422396252,0.0,0.0,0.0,0.0
3694,22,0.0,0.0,46.15762475659798,0.0,0.0,0.0,27.71737921939598
3695,23,0.0,0.0,78.16529538769599,0.0,0.0,0.0,0.0
3696,0,0.0,0.0,32.61673147212525,0.0,0.0,0.0,125.39604159876296
3697,1,0.0,0.0,74.55421278500998,0.0,0.0,0.0,0.0
3698,2,0.0,0.0,39.688381345722156,0.0,0.0,0.0,74.38394912032629
3699,3,0.0,0.0,44.691226913121916,0.0,0.0,0.0,38.29539477993353
3700,4,0.0,0.0,47.361997520305685,0.0,0.0,0.0,19.029509217495274
3701,5,0.0,0.0,68.96469381721255,0.0,0.0,0.0,0.0
3702,6,0.0,0.0,67.54153524736508,0.0,0.0,0.0,0.0
3703,7,10.417342727447355,10.464851201159687,65.4564839831256,681.8826273858878,645.875249101736,644.9336024111332,681.8826273858878
3704,8,12.308047805192537,13.613037777463617,66.107797326929,813.6579297958216,763.0989639219373,736.1708264520302,813.6579297958216
3705,9,13.89987473730218,10.568026625883979,61.562087307613126,855.705302142683,861.7922337127352,809.0542940529316,855.705302142683
3706,10,36.630357605220695,37.27669835219383,79.40879457554453,2908.7725423017055,2271.082171523683,2246.9988733332752,2908.7725423017055
3707,11,32.965624253326794,34.096494394525095,68.21317698378601,2248.689961573169,2043.8687037062612,2017.5573461015074,2248.689961573169
3708,12,44.189721012952184,37.99821049151277,69.81024669401057,3084.895325253695,2739.7627028030356,2680.0622081564775,3084.895325253695
3709,13,37.319731956351504,34.000639241872086,72.38476907033075,2701.3801794271462,2313.8233812937933,2288.228452741527,2701.3801794271462
3710,14,26.544386272744923,28.94216417013437,71.81179034815588,1906.1999019388254,1645.7519489101853,1579.1782739623648,1906.1999019388254
3711,15,22.392731862166205,24.0206509267935,131.2181182999692,2938.332138549215,1388.3493754543047,1222.2647619548975,2604.932865813707
3712,16,16.435929433856536,17.02682175069138,110.65885110378031,1818.7810679733707,1019.0276248991053,973.9286174091221,1633.6882383236023
3713,17,7.244276195988919,8.3764998084995,78.22338982329389,566.6718408664498,449.1451241513129,408.6350268662775,566.6718408664498
3714,18,4.396584850084835e-15,4.699682143218973e-15,128.55136790631792,5.651869965945992e-13,2.7258826070525976e-13,2.4267582832820673e-13,-314.1623874075502
3715,19,0.0,0.0,100.01791271326421,0.0,0.0,0.0,-108.33329786623881
3716,20,0.0,0.0,53.14047195715898,0.0,0.0,0.0,0.0
3717,21,0.0,0.0,86.16947558173865,0.0,0.0,0.0,-8.436135497836972
3718,22,0.0,0.0,70.82344043202937,0.0,0.0,0.0,0.0
3719,23,0.0,0.0,60.633806209901365,0.0,0.0,0.0,0.0
3720,0,0.0,0.0,73.6442109272131,0.0,0.0,0.0,0.0
3721,1,0.0,0.0,57.668718578561354,0.0,0.0,0.0,0.0
3722,2,0.0,0.0,9.802906362103904,0.0,0.0,0.0,289.9659760697052
3723,3,0.0,0.0,23.783458305625736,0.0,0.0,0.0,189.11578956580598
3724,4,0.0,0.0,36.238014909587875,0.0,0.0,0.0,99.27353144845284
3725,5,0.0,0.0,97.23405878040823,0.0,0.0,0.0,-88.25167380287485
3726,6,0.0,0.0,75.53367353037986,0.0,0.0,0.0,0.0
3727,7,11.866302215117338,11.896976570419634,72.4149645429452,859.2978541635941,735.710737337275,734.8359444265255,859.2978541635941
3728,8,21.425155177498286,21.642513921924944,62.20317231131168,1332.7126193025176,1328.3596210048938,1324.9353588681693,1332.7126193025174
3729,9,16.275032544998844,15.203850325556875,52.57943037320835,855.7319405214666,1009.0520177899283,984.8803333776522,855.7319405214666
3730,10,33.987358150768586,30.83895595890609,31.18385153314933,1059.8567305775402,2107.2162053476522,1985.649749340439,1195.5890027963237
3731,11,34.10844472339601,31.90164225325013,85.22363322003898,2906.8455828126757,2114.723572850553,2118.9556129300995,2905.232380984843
3732,12,25.218266985735106,24.748292018525373,111.43533804021189,2810.206106343707,1563.5325531155765,1573.6729696546636,2619.5120062524484
3733,13,40.71257667941764,42.039563158993396,78.2481945791744,3185.685621830629,2524.1797541238934,2476.6600455353687,3185.6856218306293
3734,14,39.530157611431285,37.60264205562042,57.027918206598684,2254.3225949586576,2450.8697719087395,2413.8054570425124,2254.3225949586576
3735,15,24.982559255153983,21.570830217158232,72.70937361508427,1816.4662347439726,1548.918673819547,1523.4399844366092,1816.4662347439726
3736,16,20.36724459391377,17.41397969264128,96.51204337389927,1965.6843936546213,1262.7691648226537,1293.435963628428,1882.6410541649607
3737,17,12.291537955467193,10.94420126729927,83.0848099037301,1021.2400944544752,762.0753532389659,762.4978880321196,1021.2400944544752
3738,18,3.971514985094124e-15,4.1293777219232576e-15,84.35334755611333,3.350105838619569e-13,2.462339290758357e-13,2.3937610587685805e-13,3.410605131648481e-13
3739,19,0.0,0.0,70.70034600675363,0.0,0.0,0.0,0.0
3740,20,0.0,0.0,61.73317008970112,0.0,0.0,0.0,0.0
3741,21,0.0,0.0,66.12294405227668,0.0,0.0,0.0,0.0
3742,22,0.0,0.0,30.825623606716576,0.0,0.0,0.0,138.31638716199848
3743,23,0.0,0.0,69.70852876490508,0.0,0.0,0.0,0.0
3744,0,0.0,0.0,16.0057968824905,0.0,0.0,0.0,245.22077084666512
3745,1,0.0,0.0,72.15887833795067,0.0,0.0,0.0,0.0
3746,2,0.0,0.0,39.446232046456174,0.0,0.0,0.0,76.13071863925637
3747,3,0.0,0.0,48.47306774836355,0.0,0.0,0.0,11.014686900663435
3748,4,0.0,0.0,64.5100834872312,0.0,0.0,0.0,0.0
3749,5,0.0,0.0,51.56409602901339,0.0,0.0,0.0,0.0
3750,6,0.0,0.0,47.73156549063749,0.0,0.0,0.0,16.36359167114972
3751,7,8.129262858892789,8.282809851273695,70.01575226118169,569.176454394263,504.0142972513529,500.09582555523025,569.176454394263
3752,8,21.15479468940783,19.246469180087363,104.2575077253458,2205.546170759041,1311.5972707432854,1342.4990353132562,2066.6301069621945
3753,9,30.444972291864953,33.34555473579744,73.61512228040445,2241.210358089164,1887.5882820956272,1800.515979501336,2241.210358089164
3754,10,39.06567777627366,33.794770637098736,39.6912648884735,1550.5661646658302,2422.072022128967,2252.182508097775,1624.929313046283
3755,11,38.21920305320461,39.38121480410584,53.90372436619259,2060.1573868754876,2369.5905892986857,2363.339366440991,2060.1573868754876
3756,12,33.84309845149653,30.742792761606296,60.01162663462108,2030.9793884299327,2098.2721039927847,2045.5939418557534,2030.9793884299324
3757,13,21.429283707838017,17.884156189087424,63.55789758534624,1362.0002192300974,1328.615589885957,1277.8083225462274,1362.0002192300974
3758,14,40.994365297929924,36.992927462722605,77.23608762795912,3166.244390403482,2541.650648471655,2525.3530551472295,3166.2443904034826
3759,15,28.84164602686041,26.60153507094999,70.61943141282687,2036.7806434268994,1788.1820536653454,1767.9416959049277,2036.7806434268991
3760,16,22.32216581672156,22.265894243587354,87.23306577265119,1947.230958878098,1383.974280636737,1384.1669994826761,1931.122503320898
3761,17,9.884226064449168,9.167242719050115,34.9111438330511,345.0696378143775,612.8220159958483,587.1420801039535,453.91469376886886
3762,18,5.315665369699657e-15,4.724727558006127e-15,101.30046954817142,5.384793979115295e-13,3.295712529213787e-13,3.3782981694512253e-13,-117.58515691477737
3763,19,0.0,0.0,69.63037860161033,0.0,0.0,0.0,0.0
3764,20,0.0,0.0,54.894838164103206,0.0,0.0,0.0,0.0
3765,21,0.0,0.0,41.776018319719824,0.0,0.0,0.0,59.32455954610725
3766,22,0.0,0.0,44.10292685754777,0.0,0.0,0.0,42.53915930114749
3767,23,0.0,0.0,48.76507602334068,0.0,0.0,0.0,8.908254399922896
3768,0,0.0,0.0,71.12345664537092,0.0,0.0,0.0,0.0
3769,1,0.0,0.0,41.97763610227014,0.0,0.0,0.0,57.870168399402644
3770,2,0.0,0.0,69.6545546107454,0.0,0.0,0.0,0.0
3771,3,0.0,0.0,56.69489291959711,0.0,0.0,0.0,0.0
3772,4,0.0,0.0,89.73587611347844,0.0,0.0,0.0,-34.162742017132814
3773,5,0.0,0.0,47.303862766772994,0.0,0.0,0.0,19.448870395781682
3774,6,0.0,0.0,70.77456790474452,0.0,0.0,0.0,0.0
3775,7,11.771520324957871,12.623522992349749,86.64091251007731,1019.8952625852718,729.834260147388,690.3855648208691,1008.0583670645224
3776,8,14.748957044129147,15.300440476082802,78.40364641083536,1156.3720130165011,914.4353367360071,894.5794195167233,1156.3720130165011
3777,9,19.515198628390067,17.73043342355024,64.82019035325015,1264.9788898737304,1209.9423149601841,1186.0534874952962,1264.9788898737304
3778,10,33.07497223140648,37.34970915888395,51.45141718259786,1701.7541945809342,2050.6482783472015,2040.7553765989296,1701.7541945809344
3779,11,23.873765898105518,20.697759709059216,36.591737390985024,873.5825722773309,1480.1734856825422,1370.4227902779653,970.3044892856933
3780,12,24.492758476744662,22.95711146639419,74.06445073846788,1814.0427036500466,1518.551025558169,1508.6435501787732,1814.0427036500466
3781,13,41.48418069489159,42.52497606762461,45.39754247618043,1883.2798551858853,2572.0192030832786,2577.4865760144016,1916.4801681297927
3782,14,30.172657664119928,33.190758043646326,65.82784228630057,1986.2009500722247,1870.7047751754355,1809.4832039714627,1986.2009500722247
3783,15,31.249682240371552,35.59341309973395,75.75559822743949,2367.3383725367385,1937.4802989030363,1795.4641999460196,2367.3383725367385
3784,16,13.370770570982845,13.859612162265416,57.327338764062354,766.510694059289,828.9877754009364,824.2659696786817,766.510694059289
3785,17,9.063444875275655,7.71782149184052,67.93439099710504,615.7196079376843,561.9335822670906,547.0655112929596,615.7196079376843
3786,18,4.38390388294934e-15,4.9409185957301035e-15,95.24703770759909,4.175538584457658e-13,2.718020407428591e-13,2.400194512453703e-13,-73.91808764765574
3787,19,0.0,0.0,56.17021016923313,0.0,0.0,0.0,0.0
3788,20,0.0,0.0,74.09580405823318,0.0,0.0,0.0,0.0
3789,21,0.0,0.0,40.495928752337946,0.0,0.0,0.0,68.55862070003599
3790,22,0.0,0.0,73.02651926262007,0.0,0.0,0.0,0.0
3791,23,0.0,0.0,70.46431848190657,0.0,0.0,0.0,0.0
3792,0,0.0,0.0,78.04773231645486,0.0,0.0,0.0,0.0
3793,1,0.0,0.0,75.75572011339113,0.0,0.0,0.0,0.0
3794,2,0.0,0.0,55.48303289259683,0.0,0.0,0.0,0.0
3795,3,0.0,0.0,15.618175128950938,0.0,0.0,0.0,248.01692126299736
3796,4,0.0,0.0,53.39116353062531,0.0,0.0,0.0,0.0
3797,5,0.0,0.0,66.48068825106316,0.0,0.0,0.0,0.0
3798,6,0.0,0.0,64.9186272250696,0.0,0.0,0.0,0.0
3799,7,10.714171460263177,10.583830711433977,95.71030097687395,1025.4565751796217,664.278630536317,665.553718333902,948.1966890610959
3800,8,8.597850192741207,8.57973635284495,96.39030998547888,828.7494452870343,533.0667119499549,533.2531528583576,746.5842424385837
3801,9,27.26838865024112,26.17583947284951,61.53438960328002,1677.943651057596,1690.6400963149495,1673.3240573734386,1677.9436510575963
3802,10,30.75812634956954,32.81238532990538,78.48798371071965,2414.143319897271,1907.0038336733114,1832.824583721385,2414.143319897271
3803,11,27.0515057242879,34.572199824849164,43.10091193469753,1165.9445659234989,1677.1933549058497,1738.2904214955354,1215.7118655911618
3804,12,40.21830142089659,42.172176596567084,66.52633519711118,2675.5762013850194,2493.5346880955885,2452.1947553996965,2675.576201385019
3805,13,37.42452511252075,34.41308133345773,42.993576753951544,1609.0141929053477,2320.3205569762863,2230.7155971158963,1659.5557662240362
3806,14,16.88936427694559,18.473089830077342,85.44271090546164,1443.0730692920931,1047.1405851706265,976.1843137275093,1439.8795274660279
3807,15,17.39714006677884,16.09558999554702,74.16641364615701,1290.2834864528509,1078.622684140288,1070.3250554470383,1290.2834864528509
3808,16,19.183125036688445,19.998216249642187,70.67417556270551,1355.7515466842508,1189.3537522746835,1167.8820331229265,1355.7515466842508
3809,17,8.965618205740599,9.475904627135627,71.61099049665276,642.036800127907,555.8683287559171,541.8284417910461,642.036800127907
3810,18,3.6739150352430824e-15,3.775767881812045e-15,79.49722118620585,2.9206603617604656e-13,2.277827321850711e-13,2.2397633583217493e-13,2.2737367544323206e-13
3811,19,0.0,0.0,70.03342471407665,0.0,0.0,0.0,0.0
3812,20,0.0,0.0,87.66614132260466,0.0,0.0,0.0,-19.23249172970054
3813,21,0.0,0.0,63.24138836296574,0.0,0.0,0.0,0.0
3814,22,0.0,0.0,61.58833357359678,0.0,0.0,0.0,0.0
3815,23,0.0,0.0,63.14380868025138,0.0,0.0,0.0,0.0
3816,0,0.0,0.0,59.10660021146094,0.0,0.0,0.0,0.0
3817,1,0.0,0.0,29.474464222912644,0.0,0.0,0.0,148.063117935118
3818,2,0.0,0.0,44.71354142541452,0.0,0.0,0.0,38.1344266911525
3819,3,0.0,0.0,55.596743292482934,0.0,0.0,0.0,0.0
3820,4,0.0,0.0,35.73147715113644,0.0,0.0,0.0,102.9274950128002
3821,5,0.0,0.0,37.44571704077056,0.0,0.0,0.0,90.5616447029966
3822,6,0.0,0.0,39.03674454465633,0.0,0.0,0.0,79.08459993767434
3823,7,11.298162771413104,11.5911933719899,66.06180775764928,746.3770570197224,700.4860918276124,694.4563250603577,746.3770570197223
3824,8,18.245268452564844,17.891660034762054,56.98798542033937,1039.7610925649433,1131.2066440590204,1124.3964956739385,1039.761092564943
3825,9,23.387460962054647,21.696776854436674,61.68523491732314,1442.661023564065,1450.022579647388,1423.4178497371236,1442.661023564065
3826,10,24.09658714229985,25.199250840191475,34.47474269018452,830.723641442396,1493.9884028225906,1514.835993018595,942.7167230847432
3827,11,37.108706670098016,32.622323104221394,63.55584706455105,2358.475285888035,2300.739813546077,2236.4359633010536,2358.4752858880347
3828,12,27.34770895167367,30.687873587281395,78.5248401989507,2147.4744752375886,1695.5579550037676,1574.7907945998427,2147.474475237588
3829,13,36.02708708337028,27.75701420781251,75.02885957535828,2703.071257687393,2233.6793991689574,2186.305483228028,2703.071257687393
3830,14,33.55107875181683,33.21939325357365,102.0530484730339,3423.9898661817406,2080.1668826126433,2084.989518894077,3300.9759017894116
3831,15,22.07110125904667,22.35567255167061,68.41143636746914,1509.9157393432392,1368.4082780608935,1361.716784606889,1509.9157393432392
3832,16,16.79918858621119,16.463754335208122,95.50571602390144,1604.4185345466524,1041.5496923450937,1044.7796850236455,1528.6344435717315
3833,17,10.650835270925896,9.995406912119838,93.3394423594066,994.1430248501225,660.3517867974056,665.5982166895539,933.9855775131177
3834,18,5.018890957085584e-15,5.397646279430898e-15,96.60563317838293,4.848531387625132e-13,3.111712393393062e-13,2.8891669715615114e-13,-83.71845941877098
3835,19,0.0,0.0,75.26212341425716,0.0,0.0,0.0,0.0
3836,20,0.0,0.0,90.270018971943,0.0,0.0,0.0,-38.01583788298228
3837,21,0.0,0.0,53.94243504570287,0.0,0.0,0.0,0.0
3838,22,0.0,0.0,53.105502147355494,0.0,0.0,0.0,0.0
3839,23,0.0,0.0,53.61819718248212,0.0,0.0,0.0,0.0
3840,0,0.0,0.0,48.76101566379233,0.0,0.0,0.0,8.93754423192513
3841,1,0.0,0.0,58.324069442825724,0.0,0.0,0.0,0.0
3842,2,0.0,0.0,55.205829125160115,0.0,0.0,0.0,0.0
3843,3,0.0,0.0,56.228631302558824,0.0,0.0,0.0,0.0
3844,4,0.0,0.0,79.78438331543781,0.0,0.0,0.0,0.0
3845,5,0.0,0.0,53.16370765224729,0.0,0.0,0.0,0.0
3846,6,0.0,0.0,83.6245437396988,0.0,0.0,0.0,0.0
3847,7,6.859819434331871,7.519376687975787,43.83685713526906,300.7129245165484,425.30880492857597,430.0602082788503,345.171405831823
3848,8,16.831884728164773,15.378140609504234,61.50675271493045,1035.274571701445,1043.5768531462159,1020.5060278021913,1035.274571701445
3849,9,20.878538744075204,25.27059241365427,65.66991527130406,1371.0918703120578,1294.4694021326627,1206.244489211218,1371.0918703120578
3850,10,35.55191186511727,39.09557811822295,32.4493807996701,1153.6375262675,2204.2185356372706,2280.188623737365,1280.2407695988436
3851,11,36.52766930894042,43.79515832523162,63.65830576430504,2325.28954172595,2264.715497154306,2137.0047687421184,2325.28954172595
3852,12,37.54740430047469,38.4458972042416,67.95636075433887,2551.584952032073,2327.9390666294307,2307.322741783482,2551.584952032073
3853,13,33.51997568202121,31.083169259191543,84.33748453275237,2826.9904306206995,2078.2384922853153,2081.2920870659073,2826.990430620699
3854,14,28.60409997363187,27.821810847624583,87.86999788742077,2513.442204254605,1773.4541983651761,1776.5070804399338,2492.739171686116
3855,15,28.951422846797744,29.67972322073906,51.48177623752199,1490.4706727567234,1794.98821650146,1793.2750935796337,1490.4706727567234
3856,16,11.880821398476169,12.160934084977866,113.62160919660987,1349.9180458723793,736.6109267055225,714.1943455227423,1143.453048125467
3857,17,6.39925588150273,6.085088203900026,80.32029160300024,513.9900984445136,396.7538646531692,396.2009982497665,513.9900984445136
3858,18,4.479763413835647e-15,4.472229882739727e-15,75.40335682969238,3.377891992060502e-13,2.777453316578101e-13,2.77704292879923e-13,2.2737367544323206e-13
3859,19,0.0,0.0,91.27564585822829,0.0,0.0,0.0,-45.2700335288273
3860,20,0.0,0.0,92.02123692250409,0.0,0.0,0.0,-50.64843333676174
3861,21,0.0,0.0,59.08694848038207,0.0,0.0,0.0,0.0
3862,22,0.0,0.0,61.61303370412139,0.0,0.0,0.0,0.0
3863,23,0.0,0.0,75.54504764758752,0.0,0.0,0.0,0.0
3864,0,0.0,0.0,34.73670306850322,0.0,0.0,0.0,110.10340281444408
3865,1,0.0,0.0,-5.119965775120214,-0.0,0.0,0.0,397.613688713143
3866,2,0.0,0.0,60.75481498672124,0.0,0.0,0.0,0.0
3867,3,0.0,0.0,69.15202302124754,0.0,0.0,0.0,0.0
3868,4,0.0,0.0,21.462709869159667,0.0,0.0,0.0,205.8567532696522
3869,5,0.0,0.0,56.91825229507947,0.0,0.0,0.0,0.0
3870,6,0.0,0.0,52.53918044503071,0.0,0.0,0.0,0.0
3871,7,9.157685067417361,9.696774106439474,66.14906005526923,605.7722594918333,567.7764741798765,556.6247030774834,605.7722594918333
3872,8,17.134247618324384,16.98739585114816,22.44744318183652,384.6200498758543,1062.3233523361118,1055.6908777960666,583.3733254973239
3873,9,23.28581865503732,22.31651159963628,39.46048126959299,918.8696108842393,1443.7207566123138,1412.310711355552,994.897541248992
3874,10,22.75656222269975,19.05545669552407,80.30161369344306,1827.388668598035,1410.9068578073845,1404.3418748339386,1827.388668598035
3875,11,37.67332376725846,43.627986136418635,58.86774543622538,2217.74363326747,2335.7460735700247,2266.763204824965,2217.74363326747
3876,12,27.169854477358175,27.99029046733492,106.37686204962827,2890.2438616464055,1684.5309775962069,1626.303751316882,2736.0396118226286
3877,13,31.52014411271112,34.12096026735921,86.21804252739301,2717.6051255792836,1954.2489349880893,1835.2029392920465,2708.8186472947705
3878,14,16.782405340230135,19.128717243215124,69.85393618943394,1172.3170717416513,1040.5091310942682,981.1065666398093,1172.317071741651
3879,15,27.37053713545839,21.663186159810127,92.97635378255501,2544.8127439249392,1696.9733023984204,1741.1040545130404,2487.274474345783
3880,16,18.51667306988367,18.91440616133411,118.44884481658966,2193.2785349741757,1148.0337303327874,1113.8044004681701,1951.9917637708295
3881,17,5.853724638817537,4.78884386715007,88.46383114521522,517.8429080189405,362.9309276066873,367.56089434423734,492.8561965912249
3882,18,3.630631966588713e-15,3.957706919924106e-15,95.55615410832988,3.469292277099798e-13,2.250991819285002e-13,2.0631029822793005e-13,-76.14793141856353
3883,19,0.0,0.0,97.97809623186775,0.0,0.0,0.0,-93.61886646084054
3884,20,0.0,0.0,71.6635721037036,0.0,0.0,0.0,0.0
3885,21,0.0,0.0,26.2260320598594,0.0,0.0,0.0,171.49602607870432
3886,22,0.0,0.0,73.61776585779177,0.0,0.0,0.0,0.0
3887,23,0.0,0.0,73.31747270921528,0.0,0.0,0.0,0.0
3888,0,0.0,0.0,82.61255647191534,0.0,0.0,0.0,0.0
3889,1,0.0,0.0,28.847043308341558,0.0,0.0,0.0,152.5890849002678
3890,2,0.0,0.0,28.918766151938755,0.0,0.0,0.0,152.0717046006496
3891,3,0.0,0.0,37.07029167724448,0.0,0.0,0.0,93.26981517315056
3892,4,0.0,0.0,49.99108722467905,0.0,0.0,0.0,0.06429324514624568
3893,5,0.0,0.0,68.09031762312735,0.0,0.0,0.0,0.0
3894,6,0.0,0.0,40.07799413936092,0.0,0.0,0.0,71.5734361261679
3895,7,11.333113946577065,11.76386707189915,80.98024117006595,917.7583006016487,702.653064687778,685.7566434910697,917.7583006016487
3896,8,8.768113268519865,7.58243665280632,88.29510556860451,774.1814866814435,543.6230226482317,548.6281539399818,750.411895002498
3897,9,28.23969016536959,26.737197092852213,78.60533292803132,2219.7902472333285,1750.8607902529147,1746.2841958973042,2219.7902472333285
3898,10,11.700552833950121,10.975763393132654,74.48242829232197,871.4855874352145,725.4342757049076,720.9853885387639,871.4855874352145
3899,11,37.00107090942867,39.3199127688539,17.552401919466824,649.4576680529839,2294.0663963845777,2386.958036288547,883.5218402863012
3900,12,43.499439132118525,50.0,91.12881535538133,3964.0523567334785,2696.9652261913484,2359.5144862055145,3919.841500528722
3901,13,37.710554410245024,34.254888127630224,56.10484596947658,2115.744846610363,2338.0543734351913,2269.2127822940865,2115.744846610363
3902,14,36.662387740255284,32.64860820386388,84.28887920702802,3090.2315716796024,2273.0680398958275,2277.9514425194625,3090.2315716796024
3903,15,20.654457888874646,23.2315910956643,87.32342834787305,1803.6180735233063,1280.576389110228,1159.0535142736608,1786.857777995774
3904,16,9.520695919923604,8.705411936113572,114.01551839734,1085.5070808135295,590.2831470352635,609.4518095804034,876.2005774866004
3905,17,4.572324169883336,5.845594616557514,89.6439448894223,409.8811759015953,283.48409853276684,219.7506340378282,376.381589468666
3906,18,4.39547966790733e-15,3.836121871783519e-15,88.87543493979383,3.906501672542845e-13,2.7251973941025446e-13,2.7512443161367934e-13,-27.95585882737862
3907,19,0.0,0.0,85.06869876816668,0.0,0.0,0.0,-0.4955658124362117
3908,20,0.0,0.0,83.35149692469005,0.0,0.0,0.0,0.0
3909,21,0.0,0.0,43.823359074628996,0.0,0.0,0.0,44.55585099985433
3910,22,0.0,0.0,100.0125244836027,0.0,0.0,0.0,-108.29442930307448
3911,23,0.0,0.0,55.90879277769997,0.0,0.0,0.0,0.0
3912,0,0.0,0.0,64.85104424071562,0.0,0.0,0.0,0.0
3913,1,0.0,0.0,81.16894084961535,0.0,0.0,0.0,0.0
3914,2,0.0,0.0,49.84307732327787,0.0,0.0,0.0,1.1319782851242053
3915,3,0.0,0.0,30.931175206768,0.0,0.0,0.0,137.55497955849512
3916,4,0.0,0.0,32.79306479909931,0.0,0.0,0.0,124.12404254006861
3917,5,0.0,0.0,48.32757164771947,0.0,0.0,0.0,12.064238373654064
3918,6,0.0,0.0,69.16694011932597,0.0,0.0,0.0,0.0
3919,7,9.504193609740756,8.529793799748987,72.08973373561187,685.154786697915,589.2600038039269,581.5303827251903,685.1547866979149
3920,8,21.822194217223707,23.32573580705462,82.2821617851201,1795.5773150879133,1352.97604146787,1291.5523046059816,1795.5773150879133
3921,9,28.46031166370494,25.98398374279992,29.107661629500083,828.413121777238,1764.5393231497062,1665.0670784576353,979.1222089205253
3922,10,29.3982570710177,26.037681661671524,69.37246293787537,2039.4294990973078,1822.6919384030973,1789.1848077997367,2039.4294990973078
3923,11,38.667383722284015,37.28441849542692,72.7730579871616,2813.943757833603,2397.377790781609,2387.1159032026935,2813.943757833603
3924,12,27.80014060692331,24.10033605419207,87.2333389106422,2425.0990873272476,1723.6087176292453,1736.2805636985643,2408.988661460331
3925,13,35.934296398810815,41.293523179148316,21.52135708864919,773.3548245281681,2227.9263767262705,2416.026145533827,978.7885198922851
3926,14,28.726168195909153,18.985719686845673,70.66700161524858,2029.9921743002146,1781.0224281463675,1693.3608384768577,2029.9921743002144
3927,15,16.814173765808505,17.863842853453267,104.50997866458016,1757.2489415271903,1042.4787734801273,970.4321394708231,1616.511651972487
3928,16,22.0734193341602,23.43880485057948,64.85681760578589,1431.611731691656,1368.5519987179323,1342.512701485944,1431.611731691656
3929,17,10.286949410258817,9.722734267105897,63.190501413919904,650.0374912538823,637.7908634360466,629.5493029114352,650.0374912538823
3930,18,3.944109147404685e-15,2.9969561800016937e-15,98.7779864336512,3.8959115985517953e-13,2.445347671390905e-13,2.559796803836489e-13,-99.38895882617635
3931,19,0.0,0.0,87.45383334261842,0.0,0.0,0.0,-17.700985715891193
3932,20,0.0,0.0,79.60984619419384,0.0,0.0,0.0,0.0
3933,21,0.0,0.0,55.60355449083897,0.0,0.0,0.0,0.0
3934,22,0.0,0.0,36.20667235456333,0.0,0.0,0.0,99.49962427601099
3935,23,0.0,0.0,76.31118398160058,0.0,0.0,0.0,0.0
3936,0,0.0,0.0,120.09700315503514,0.0,0.0,0.0,-253.1759352715219
3937,1,0.0,0.0,18.44745849667482,0.0,0.0,0.0,227.6075871780474
3938,2,0.0,0.0,70.40463602741434,0.0,0.0,0.0,0.0
3939,3,0.0,0.0,47.427421967848076,0.0,0.0,0.0,18.55756306234923
3940,4,0.0,0.0,59.69247915398177,0.0,0.0,0.0,0.0
3941,5,0.0,0.0,56.12776388827042,0.0,0.0,0.0,0.0
3942,6,0.0,0.0,106.40431176803227,0.0,0.0,0.0,-154.40226126364803
3943,7,9.112130182562703,10.269063945317287,47.567622479925205,433.4423685120746,564.9520713188876,567.8912290334351,450.9885803882876
3944,8,13.447078696334819,14.567417150542497,54.80960530319988,737.029075827179,833.7188791727588,826.4232277322349,737.029075827179
3945,9,22.33698176902521,22.339041664233907,67.20763915475189,1501.2158105389178,1384.892869679563,1384.8475323151488,1501.215810538918
3946,10,26.740399808795143,27.04553774698987,78.90249578453587,2109.8842831902625,1657.9047881452989,1646.7281592107327,2109.8842831902625
3947,11,33.28894740252798,35.43781382538472,92.85791660720571,3091.1423018456003,2063.9147389567347,1947.7203833067833,3034.4583913268893
3948,12,15.821045416551572,15.39731811437445,96.40142177648912,1525.171272145978,980.9048158261975,985.2696588727588,1442.925913220693
3949,13,41.049039828653534,42.6112839876463,68.83672814797747,2825.681595420523,2545.040469376519,2507.474886642382,2825.6815954205226
3950,14,39.3309654483835,41.038610745159694,58.226176376109215,2290.0917312402353,2438.519857799777,2420.106795902496,2290.0917312402353
3951,15,26.964337922331953,27.751436487535802,89.23299900320127,2406.1087389454296,1671.788951184581,1632.7951053718996,2375.5735540208116
3952,16,21.222015643824598,19.77768795790485,67.60965406917539,1434.8131363296095,1315.764969917125,1299.4545247957758,1434.8131363296095
3953,17,4.3201340872800715,5.014019952804454,94.85394485325992,409.78176047355225,267.8483134113644,228.59697254524326,338.699289605091
3954,18,3.4870441324482066e-15,4.041362518768978e-15,83.14046188838894,2.899144597969404e-13,2.1619673621178882e-13,1.9295661782375743e-13,3.410605131648481e-13
3955,19,0.0,0.0,61.819257342041766,0.0,0.0,0.0,0.0
3956,20,0.0,0.0,106.17342167909725,0.0,0.0,0.0,-152.73671124637633
3957,21,0.0,0.0,48.93640750740968,0.0,0.0,0.0,7.672336662758369
3958,22,0.0,0.0,54.62120771480558,0.0,0.0,0.0,0.0
3959,23,0.0,0.0,25.624057086076725,0.0,0.0,0.0,175.83843606522802
3960,0,0.0,0.0,49.990121770162474,0.0,0.0,0.0,0.07125765316470734
3961,1,0.0,0.0,59.5233435918375,0.0,0.0,0.0,0.0
3962,2,0.0,0.0,31.86588852810422,0.0,0.0,0.0,130.81232639535466
3963,3,0.0,0.0,14.471178596400122,0.0,0.0,0.0,256.29090176779965
3964,4,0.0,0.0,45.848865446343076,0.0,0.0,0.0,29.94464708048008
3965,5,0.0,0.0,54.18839944873784,0.0,0.0,0.0,0.0
3966,6,0.0,0.0,57.796266146512544,0.0,0.0,0.0,0.0
3967,7,8.051612458676345,9.180386005480617,96.04421196524578,773.3107736431247,499.1999724379334,433.6687251022586,693.6421853797165
3968,8,17.913781557507324,16.1963847044001,69.84929150485495,1251.2649499646236,1110.654456565454,1094.1450667394615,1251.2649499646236
3969,9,31.39017268658028,25.667275609521496,62.030129421432,1947.1364743096744,1946.1907065679773,1857.615122556951,1947.1364743096747
3970,10,39.153213606696696,45.72705157515922,61.35362065083605,2402.191414886421,2427.499243615195,2330.9162464884807,2402.1914148864216
3971,11,44.778823887221634,50.0,60.15998959434797,2693.8935791023937,2776.287081007741,2707.367624231244,2693.893579102394
3972,12,34.90123929185542,33.19048649037132,59.58722974128988,2079.6681639395224,2163.8768360950357,2134.264427562463,2079.668163939522
3973,13,30.931958096586733,28.948521579310647,56.33310868530156,1742.493357304214,1917.7814019883774,1878.6081965908425,1742.493357304214
3974,14,33.33730900767144,35.57133229002124,122.8595373304381,4095.80636052436,2066.9131584756296,1862.3337684126636,3822.702593509265
3975,15,31.761133806746574,27.582763630027426,71.27721163769532,2263.845056196635,1969.1902960182877,1933.4982766016842,2263.845056196635
3976,16,22.671200700498044,22.017695810855958,80.98898974430973,1836.1176410238238,1405.6144434308787,1404.792165876879,1836.1176410238238
3977,17,5.501327933130842,5.656179933401209,91.02938457346968,500.7824960897385,341.08233185411217,333.06305301514715,457.28889432103944
3978,18,4.4131004422794725e-15,4.047052067264073e-15,72.36005498649116,3.193321906642511e-13,2.736122274213273e-13,2.7078268857824504e-13,2.2737367544323206e-13
3979,19,0.0,0.0,85.03964878452447,0.0,0.0,0.0,-0.286010690429066
3980,20,0.0,0.0,49.420621529917916,0.0,0.0,0.0,4.17940772296879
3981,21,0.0,0.0,82.84777315744289,0.0,0.0,0.0,0.0
3982,22,0.0,0.0,57.37642407602544,0.0,0.0,0.0,0.0
3983,23,0.0,0.0,79.88720753800051,0.0,0.0,0.0,0.0
3984,0,0.0,0.0,63.69665646219906,0.0,0.0,0.0,0.0
3985,1,0.0,0.0,58.72711084343322,0.0,0.0,0.0,0.0
3986,2,0.0,0.0,34.124809586426736,0.0,0.0,0.0,114.51736100702658
3987,3,0.0,0.0,52.25571176544476,0.0,0.0,0.0,0.0
3988,4,0.0,0.0,68.46132881654925,0.0,0.0,0.0,0.0
3989,5,0.0,0.0,59.653483339808396,0.0,0.0,0.0,0.0
3990,6,0.0,0.0,35.34826321004694,0.0,0.0,0.0,105.69184920896473
3991,7,9.893812472358892,10.323956826003917,82.76169805273915,818.8287204277913,613.4163732862513,595.5859768179176,818.8287204277913
3992,8,19.74465748470142,20.603082494958674,76.67039563002359,1513.8307009313644,1224.168764051488,1195.1213832435244,1513.8307009313644
3993,9,21.046061010626605,22.94635449147265,36.846387897484504,775.4713277116726,1304.8557826588494,1335.1502900784112,870.3562964237494
3994,10,14.913966966573048,11.723053919879172,80.67963931916022,1203.2534756809835,924.6659519275289,919.910628312057,1203.2534756809835
3995,11,32.91952110163758,34.490696876300255,82.84721385473023,2727.2906047026727,2041.01030830153,1975.713787072053,2727.2906047026727
3996,12,36.03880123910887,31.649483833824632,55.25884241386263,1991.4624384564345,2234.40567682475,2144.179446799397,1991.4624384564345
3997,13,32.71185702648202,31.110831793281065,46.725533598422174,1528.4789745576682,2028.1351356418854,1984.9781399278158,1552.0996834276707
3998,14,34.87901247875473,36.70358143635488,50.32891990362317,1755.4230253607197,2162.4987736827934,2160.836317896884,1755.4230253607197
3999,15,25.983995102204016,24.25600294166476,77.75415019233249,2020.363457773603,1611.007696336649,1604.6411038695219,2020.363457773603
4000,16,14.470889965757257,11.136169217530169,106.28467300064865,1538.0338080388779,897.19517787695,956.2647696922163,1384.494573646592
4001,17,9.924953453489202,10.495825538572081,65.43251033227173,649.4146193927482,615.3471141163305,604.0491913844803,649.4146193927482
4002,18,5.000516615735327e-15,5.429497564591542e-15,65.90488897096506,3.295584923575027e-13,3.100320301755903e-13,3.012889217483905e-13,3.410605131648481e-13
4003,19,0.0,0.0,75.40191066271126,0.0,0.0,0.0,0.0
4004,20,0.0,0.0,88.7527711367529,0.0,0.0,0.0,-27.0710105421374
4005,21,0.0,0.0,103.60556467919366,0.0,0.0,0.0,-134.21320384825697
4006,22,0.0,0.0,64.25831269610015,0.0,0.0,0.0,0.0
4007,23,0.0,0.0,43.826965380883436,0.0,0.0,0.0,44.529836529193915
4008,0,0.0,0.0,37.42214366268591,0.0,0.0,0.0,90.73169375298892
4009,1,0.0,0.0,78.2952223995634,0.0,0.0,0.0,0.0
4010,2,0.0,0.0,24.742743460913456,0.0,0.0,0.0,182.19588488593268
4011,3,0.0,0.0,54.72866805707717,0.0,0.0,0.0,0.0
4012,4,0.0,0.0,79.70268883683656,0.0,0.0,0.0,0.0
4013,5,0.0,0.0,54.156064879101166,0.0,0.0,0.0,0.0
4014,6,0.0,0.0,40.87863603091187,0.0,0.0,0.0,65.7979213673845
4015,7,10.375426114327821,10.613358765854446,73.28801834911276,760.394419446721,643.2764190883249,636.2312278193052,760.394419446721
4016,8,16.846164772781382,21.501370955326056,66.13951694155895,1114.1972003896678,1044.4622159124456,948.2186390091363,1114.1972003896678
4017,9,23.023198647330478,22.39891524130184,74.45884318429361,1714.280737682421,1427.4383161344897,1423.5953101347463,1714.280737682421
4018,10,24.351902130932796,24.79837586015926,81.41023837403031,1982.4941573402957,1509.8179321178334,1492.0648874247881,1982.4941573402957
4019,11,25.248072928900598,26.293511248717483,84.52126662066172,2133.999103681519,1565.3805215918371,1519.7454837146097,2133.999103681519
4020,12,44.345111958995545,45.4400787673586,64.07213694233033,2841.2860861597333,2749.3969414577236,2729.5888044603034,2841.286086159733
4021,13,44.837712602982336,50.0,73.63183210042118,3301.482926149734,2779.938181384905,2624.864151410844,3301.482926149734
4022,14,19.884830973729436,23.05340645080485,113.40971183694114,2255.132950656937,1232.859520371225,980.1271602139996,2050.1964968708503
4023,15,24.444098444037735,24.459362520481697,65.73042084885691,1606.7208779974887,1515.5341035303395,1515.2263335592017,1606.7208779974887
4024,16,20.699758121589117,19.149265015407106,77.03840130506737,1594.67627308881,1283.3850035385253,1276.8400635563332,1594.67627308881
4025,17,11.114140118259575,10.363517342576161,102.18201055963907,1135.665182925308,689.0766873320937,700.0631835331131,1011.7209369147279
4026,18,2.362619899147482e-15,2.3719206608413375e-15,86.04373444314834,2.0328863919234386e-13,1.4648243374714388e-13,1.4605874063553155e-13,-7.529088527926433
4027,19,0.0,0.0,56.196708507786305,0.0,0.0,0.0,0.0
4028,20,0.0,0.0,81.65700355565816,0.0,0.0,0.0,0.0
4029,21,0.0,0.0,58.701232763289255,0.0,0.0,0.0,0.0
4030,22,0.0,0.0,104.90704106953572,0.0,0.0,0.0,-143.6015411060887
4031,23,0.0,0.0,77.18815330154621,0.0,0.0,0.0,0.0
4032,0,0.0,0.0,76.54171440599242,0.0,0.0,0.0,0.0
4033,1,0.0,0.0,51.68556343162911,0.0,0.0,0.0,0.0
4034,2,0.0,0.0,56.21044217550799,0.0,0.0,0.0,0.0
4035,3,0.0,0.0,44.0041747525661,0.0,0.0,0.0,43.25151802956441
4036,4,0.0,0.0,36.5877716876239,0.0,0.0,0.0,96.7505240279711
4037,5,0.0,0.0,39.08725580888519,0.0,0.0,0.0,78.7202316038198
4038,6,0.0,0.0,105.23205038164116,0.0,0.0,0.0,-145.94603007002593
4039,7,9.355750228356097,9.515109312449507,71.37402808521844,667.7575795569769,580.056514158078,575.7191526922222,667.7575795569769
4040,8,21.25013981367268,21.184331821175647,33.750940315444964,717.2122005461273,1317.508668447706,1315.094384133175,834.4265069855594
4041,9,19.599454385788675,18.143928442738034,87.38129786186421,1712.625761614621,1215.1661719188978,1220.3128729312923,1695.4480182422199
4042,10,31.190826477465265,34.89452836531097,115.59756910175895,3605.5837190697634,1933.8312416028464,1628.2870900085818,3384.8649260675897
4043,11,37.31376340056089,35.87774126502028,31.204950883751685,1164.3741542024338,2313.453330834775,2258.028208586901,1299.9542240294982
4044,12,43.62056599141324,50.0,70.9729249623968,3095.8791569258497,2704.4750914676206,2534.041136007512,3095.879156925849
4045,13,29.834746756300483,26.503944848695024,53.69667095092479,1602.0265794772376,1849.75429889063,1777.3843111456436,1602.0265794772376
4046,14,36.77856645606019,28.318935189698504,92.92287734940322,3417.5702198833565,2280.271120275732,2345.3439407002847,3360.4177081969297
4047,15,27.39324135844381,24.941346758804517,35.77735695488918,980.0577742324775,1698.3809642235162,1612.155230276175,1082.6543104402235
4048,16,17.955275948295217,19.190846166926526,86.34281232852472,1550.3090215105276,1113.2271087943034,1056.4792029669477,1540.6225031013455
4049,17,12.105944832400823,13.561372973497106,94.43304069864853,1143.2011810537008,750.568579608851,669.0044932541911,1075.154946713261
4050,18,4.590770874770241e-15,4.063899296752354e-15,59.80769197541501,2.745634104079651e-13,2.8462779423575496e-13,2.755949861851669e-13,2.2737367544323206e-13
4051,19,0.0,0.0,90.3517534004361,0.0,0.0,0.0,-38.60543780654882
4052,20,0.0,0.0,65.70345062172007,0.0,0.0,0.0,0.0
4053,21,0.0,0.0,102.99243015433527,0.0,0.0,0.0,-129.7902932626272
4054,22,0.0,0.0,34.02447924137459,0.0,0.0,0.0,115.24110453670875
4055,23,0.0,0.0,75.49226590074355,0.0,0.0,0.0,0.0
4056,0,0.0,0.0,51.34994728823573,0.0,0.0,0.0,0.0
4057,1,0.0,0.0,76.7246182775501,0.0,0.0,0.0,0.0
4058,2,0.0,0.0,76.33256106374083,0.0,0.0,0.0,0.0
4059,3,0.0,0.0,45.819494826902954,0.0,0.0,0.0,30.156515142645105
4060,4,0.0,0.0,52.45567471678296,0.0,0.0,0.0,0.0
4061,5,0.0,0.0,75.4971740946113,0.0,0.0,0.0,0.0
4062,6,0.0,0.0,72.93921409642006,0.0,0.0,0.0,0.0
4063,7,9.498073767489064,6.893005948174086,60.98967319234987,579.2844150359892,588.880573584322,546.5280449947394,579.2844150359892
4064,8,15.435888982514829,15.773194716716386,48.567861729529604,749.6881217751496,957.0251169159194,957.4602996123176,760.0190022911536
4065,9,20.904344093077857,23.86714015896229,74.29393543996588,1553.0659904659583,1296.0693337708271,1204.6154653049082,1553.0659904659583
4066,10,34.999800529434346,37.452037722846924,36.97487492117234,1294.1132468418166,2169.9876328249293,2208.6873844371635,1388.0713608521194
4067,11,28.87555289707954,23.626866070060903,83.6010298365174,2414.025959294683,1790.2842796189316,1793.9624143648666,2414.025959294683
4068,12,44.85162904566839,43.02961046948966,79.79048126437345,3578.733067045032,2780.80100083144,2776.870653407806,3578.733067045032
4069,13,44.52378376610798,43.1920268848024,43.92307306200451,1955.6214073556514,2760.474593498695,2721.7768079565585,1999.4579609869545
4070,14,37.735537376833015,40.24516756457202,60.442668578204085,2280.8365792883505,2339.603317363647,2305.589456889259,2280.8365792883505
4071,15,23.244872579591114,23.64654843687827,69.91014221792042,1625.0523478766536,1441.1820999346492,1430.98448270089,1625.0523478766536
4072,16,20.31201240613279,12.971615853671977,103.7765689773546,2107.9109565339218,1259.344769180233,1375.5610597883517,1972.4641951385688
4073,17,10.075006163819463,8.830749880603573,88.16431031797093,888.255969882449,624.6503821568067,629.7807403988197,865.429883543887
4074,18,5.66888670622168e-15,5.421621916109175e-15,80.17929906395139,4.5452736257780645e-13,3.5147097578574416e-13,3.5100969696458063e-13,3.410605131648481e-13
4075,19,0.0,0.0,94.42113916322205,0.0,0.0,0.0,-67.96038135893423
4076,20,0.0,0.0,65.38499671682081,0.0,0.0,0.0,0.0
4077,21,0.0,0.0,64.45412571724162,0.0,0.0,0.0,0.0
4078,22,0.0,0.0,40.20098136365934,0.0,0.0,0.0,70.68625480756197
4079,23,0.0,0.0,74.09527493697516,0.0,0.0,0.0,0.0
4080,0,0.0,0.0,31.51024031176036,0.0,0.0,0.0,133.37783232766353
4081,1,0.0,0.0,79.51069188555192,0.0,0.0,0.0,0.0
4082,2,0.0,0.0,54.77971871345347,0.0,0.0,0.0,0.0
4083,3,0.0,0.0,47.71753750132953,0.0,0.0,0.0,16.464784052086998
4084,4,0.0,0.0,53.08740304908145,0.0,0.0,0.0,0.0
4085,5,0.0,0.0,91.52136848738468,0.0,0.0,0.0,-47.04257963993655
4086,6,0.0,0.0,35.57682950497829,0.0,0.0,0.0,104.04306212491736
4087,7,9.053878519251864,9.811887404706509,38.20826828720273,345.933019503317,561.3404681936156,572.1342605173853,430.99392033496025
4088,8,21.94521534969395,17.68489339567934,78.76039031394814,1728.4137264655412,1360.6033516810248,1348.1218555030737,1728.4137264655415
4089,9,29.085006379838557,33.77376338739799,40.793889806912986,1186.4905452924952,1803.2703955499906,1854.8825341464621,1252.8997924880957
4090,10,37.30656041879255,41.425796981480886,41.964071640146166,1565.535174061652,2313.006745965138,2352.3244900776112,1623.5031911397443
4091,11,36.56759381918816,40.51113964369409,53.85372297150963,1969.301067273247,2267.190816789666,2246.222377461039,1969.3010672732473
4092,12,32.41090010044895,27.309513613191324,93.54769484063048,3031.964992106958,2009.4758062278347,2051.107053798431,2970.3052935243536
4093,13,35.832021210503335,40.53547094186252,86.15779935194051,3087.208093829023,2221.5853150512066,2006.6506006249972,3078.85618604677
4094,14,35.591977222895736,39.81037045501091,68.24900687877134,2429.117098314484,2206.7025878195354,2108.366532315688,2429.117098314484
4095,15,25.934731568229555,21.58001274947854,87.98953576360837,2281.9849908423175,1607.9533572302323,1625.3380558998826,2260.419659191754
4096,16,14.91067679066485,16.1788889814757,94.84259552800677,1414.1672879058644,924.4619610212206,852.7404470305422,1343.1666865925608
4097,17,10.270210993618603,10.631071984467773,66.87800064645972,686.8511774705028,636.7530816043534,628.9593860628858,686.8511774705028
4098,18,3.6924184461303584e-15,3.696540419738558e-15,68.81001651276107,2.5407537425025354e-13,2.289299436600822e-13,2.2883096468373384e-13,2.8421709430404007e-13
4099,19,0.0,0.0,40.73658978699249,0.0,0.0,0.0,66.82258693490422
4100,20,0.0,0.0,104.81196983029989,0.0,0.0,0.0,-142.91573469108994
4101,21,0.0,0.0,55.12775150504168,0.0,0.0,0.0,0.0
4102,22,0.0,0.0,62.77177803058591,0.0,0.0,0.0,0.0
4103,23,0.0,0.0,68.10049598617,0.0,0.0,0.0,0.0
4104,0,0.0,0.0,33.92400442732159,0.0,0.0,0.0,115.96589020877121
4105,1,0.0,0.0,33.89993524429543,0.0,0.0,0.0,116.13951580002046
4106,2,0.0,0.0,31.581566018513648,0.0,0.0,0.0,132.86331681656995
4107,3,0.0,0.0,-7.0844157716950775,-0.0,0.0,0.0,411.7844560285178
4108,4,0.0,0.0,52.046584432808274,0.0,0.0,0.0,0.0
4109,5,0.0,0.0,104.06552961896145,0.0,0.0,0.0,-137.53120947122738
4110,6,0.0,0.0,51.91120027173904,0.0,0.0,0.0,0.0
4111,7,7.856238952790503,8.98506686127314,54.428855998178236,427.6060986487129,487.08681507301117,480.27313080202697,427.6060986487128
4112,8,17.405384686459666,19.19459274313382,56.189691482669545,978.0031956693496,1079.1338505604992,1064.3959391957624,978.0031956693497
4113,9,21.203408935941148,21.033418565775104,72.94971381579298,1546.7826137961342,1314.6113540283511,1313.3725127193466,1546.7826137961342
4114,10,36.38186778356726,41.83790250817076,75.36418526011502,2741.8898237497733,2255.67580258117,2079.9629407932885,2741.8898237497733
4115,11,37.568805610124656,44.70650252735673,44.954747280067814,1688.8961618171477,2329.2659478277287,2370.711455351259,1725.2906246266248
4116,12,37.636015786531665,33.387869876462766,74.79669567786796,2815.0496193126432,2333.432978764963,2308.3583899636437,2815.0496193126437
4117,13,37.11643529196634,32.14919338692074,66.88486147205282,2482.527632839581,2301.218988101913,2242.4249550269487,2482.5276328395807
4118,14,26.507899241239894,19.407699432292038,86.25610421635125,2286.4681195089265,1643.4897529568734,1662.6040458102489,2277.4070792153025
4119,15,23.640291311894302,21.629940893259526,91.17979785562899,2155.5169830667046,1465.6980613374467,1478.533843974664,2110.938359217353
4120,16,14.581850168829295,13.90405318529924,68.08665422283843,992.8293903743185,904.0747104674163,896.6629941267232,992.8293903743183
4121,17,9.185769936027247,7.387656325561553,77.18332803410468,708.9882942182078,569.5177360336893,562.1229866641878,708.9882942182078
4122,18,4.095464588344035e-15,3.683433791495505e-15,96.7472158516318,3.962247965412347e-13,2.5391880447733015e-13,2.5827001940288974e-13,-84.73978097034865
4123,19,0.0,0.0,78.66678382511569,0.0,0.0,0.0,0.0
4124,20,0.0,0.0,90.84477016258185,0.0,0.0,0.0,-42.16186623747262
4125,21,0.0,0.0,64.08164168369916,0.0,0.0,0.0,0.0
4126,22,0.0,0.0,82.70955841772584,0.0,0.0,0.0,0.0
4127,23,0.0,0.0,18.070493721762645,0.0,0.0,0.0,230.32686235465508
4128,0,0.0,0.0,59.816257559973124,0.0,0.0,0.0,0.0
4129,1,0.0,0.0,25.058717798007123,0.0,0.0,0.0,179.91657066750457
4130,2,0.0,0.0,72.42746301887422,0.0,0.0,0.0,0.0
4131,3,0.0,0.0,47.8646554918205,0.0,0.0,0.0,15.403532905563566
4132,4,0.0,0.0,46.53928779590536,0.0,0.0,0.0,24.964212616869304
4133,5,0.0,0.0,40.79797566958514,0.0,0.0,0.0,66.37977339412384
4134,6,0.0,0.0,75.77389883299705,0.0,0.0,0.0,0.0
4135,7,9.619461229666069,8.444688937119654,74.61221974908483,717.7293551356465,596.4065962392963,589.3099904363754,717.7293551356465
4136,8,18.750168591902117,18.10103836369808,56.79585951269169,1064.931941184957,1162.5104526979312,1149.9153104841694,1064.931941184957
4137,9,32.202902987308136,28.54611606343448,69.3802520221739,2234.2455251050555,1996.5799852131045,1960.140794710246,2234.2455251050555
4138,10,26.364845255735876,22.229591210362212,72.32921864270645,1906.948656983242,1634.6204058556243,1602.5594255356832,1906.948656983242
4139,11,32.55695873287951,36.087228409407246,68.6343576528525,2234.5259497616116,2018.5314414385296,1934.5359218959684,2234.5259497616116
4140,12,28.91317544668467,22.118920811132757,90.2293563344477,2608.817210139315,1792.6168776944494,1831.154007193871,2571.0946964821364
4141,13,43.514586054095226,40.465436367179954,97.81067384565912,4256.1909840659755,2697.904335353904,2732.5365939152543,4163.779836652442
4142,14,31.92165158700697,29.81977995175915,80.52697139191694,2570.5539241296506,1979.1423983944321,1975.7693747898793,2570.5539241296506
4143,15,32.87512375870353,32.03768464048476,78.72654029618172,2588.1447553315347,2038.2576730396188,2035.7829610745919,2588.1447553315347
4144,16,23.51512841951602,20.287349328004872,98.1455564736648,2307.9053642830895,1457.9379620099933,1495.4097896691185,2213.07850569966
4145,17,7.94241785805321,7.239805229782582,69.51219077736974,552.0948653825831,492.429907199299,485.4980315407229,552.0948653825831
4146,18,3.5369578759402403e-15,4.328622506900852e-15,83.83845789648656,2.965330939636624e-13,2.192913883082949e-13,1.8540966813919177e-13,3.410605131648481e-13
4147,19,0.0,0.0,73.74877531347089,0.0,0.0,0.0,0.0
4148,20,0.0,0.0,81.00793283823826,0.0,0.0,0.0,0.0
4149,21,0.0,0.0,72.8683267110362,0.0,0.0,0.0,0.0
4150,22,0.0,0.0,97.67130700269442,0.0,0.0,0.0,-91.4058099874976
4151,23,0.0,0.0,87.30607394474428,0.0,0.0,0.0,-16.635107709535646
4152,0,0.0,0.0,23.05309241136495,0.0,0.0,0.0,194.38436100346073
4153,1,0.0,0.0,57.99720977599421,0.0,0.0,0.0,0.0
4154,2,0.0,0.0,64.16379673445593,0.0,0.0,0.0,0.0
4155,3,0.0,0.0,52.532881297038834,0.0,0.0,0.0,0.0
4156,4,0.0,0.0,43.02963908183043,0.0,0.0,0.0,50.281433911672025
4157,5,0.0,0.0,84.89663952765832,0.0,0.0,0.0,0.0
4158,6,0.0,0.0,69.10318329265728,0.0,0.0,0.0,0.0
4159,7,9.102983212712779,9.377912428599059,42.74652209187107,389.1208730041583,564.3849591881923,566.740235822412,441.444601193994
4160,8,18.49085404487214,18.77348110353519,82.17247526480521,1519.4392466273794,1146.4329507820728,1134.925622185239,1519.4392466273794
4161,9,15.288502335018315,12.332713291435185,81.18201008923813,1241.1513508107976,947.8871447711355,944.5958960373503,1241.1513508107976
4162,10,19.456454314443793,17.202150459547596,61.434044902714135,1195.288688001146,1206.300167495515,1170.4015816764918,1195.288688001146
4163,11,38.338738023727586,36.52324088849262,45.54578197025143,1746.167803043285,2377.0017574711105,2326.4571126033134,1778.2987747562668
4164,12,21.502953782503095,18.4918173087138,65.70355324170099,1412.8204687025277,1333.1831345151918,1294.8744473579875,1412.8204687025277
4165,13,42.2493185821598,31.90295771445601,86.672451832178,3661.8520297545883,2619.457752093908,2650.541726254564,3649.7876220062167
4166,14,33.90095810039201,37.79827912876605,84.63578468099938,2869.2341902643598,2101.8594022243046,1931.1772767457496,2869.23419026436
4167,15,28.60588499786792,33.78987447607165,96.49845502282105,2760.423706854749,1773.564869867811,1469.663498139917,2677.4783883692703
4168,16,18.163361335975758,20.657556613642473,88.67617241243993,1610.6573614184315,1126.128402830497,1004.2988969549995,1584.1389038558996
4169,17,10.650318288767146,11.023467132053204,73.01934062774889,777.6792189214318,660.319733903563,649.3961090713547,777.6792189214318
4170,18,3.3360506834232585e-15,3.0983808934566748e-15,71.61327090862014,2.3890550135687717e-13,2.0683514237224201e-13,2.048648486860677e-13,2.2737367544323206e-13
4171,19,0.0,0.0,102.93344988294533,0.0,0.0,0.0,-129.36483285206862
4172,20,0.0,0.0,83.92457902329856,0.0,0.0,0.0,0.0
4173,21,0.0,0.0,63.215654337906564,0.0,0.0,0.0,0.0
4174,22,0.0,0.0,62.92708837875513,0.0,0.0,0.0,0.0
4175,23,0.0,0.0,77.28408339113376,0.0,0.0,0.0,0.0
4176,0,0.0,0.0,64.61305398474407,0.0,0.0,0.0,0.0
4177,1,0.0,0.0,49.0064758893829,0.0,0.0,0.0,7.166890996623579
4178,2,0.0,0.0,49.0750113591526,0.0,0.0,0.0,6.672503154403273
4179,3,0.0,0.0,39.041638791303754,0.0,0.0,0.0,79.04929477310122
4180,4,0.0,0.0,53.81244047258875,0.0,0.0,0.0,0.0
4181,5,0.0,0.0,51.56523744488711,0.0,0.0,0.0,0.0
4182,6,0.0,0.0,61.497268123021044,0.0,0.0,0.0,0.0
4183,7,8.699292297910375,8.816338842099844,53.06507578758174,461.6286050869402,539.3561224704433,538.8491535375795,461.6286050869402
4184,8,23.758883447950154,22.924747915886208,31.100337663756527,738.9092977450857,1473.0507737729095,1440.7907933133395,875.2440060721109
4185,9,26.551656881630173,25.670922526846415,80.78265904778969,2144.9134450226293,1646.2027266610708,1644.9582439851063,2144.9134450226293
4186,10,32.01488749782844,25.966548106746757,73.75609910594956,2361.2932151556597,1984.9230248653632,1944.5024222845782,2361.29321515566
4187,11,45.95599047859033,44.671725968477304,47.041192280782774,2161.82458455719,2849.2714096726004,2814.957010365302,2183.1682562174856
4188,12,40.30183878640483,50.0,56.21482058037014,2265.5606364367495,2498.7140047570992,2418.5245092728037,2265.5606364367495
4189,13,34.275995771166436,36.15064246761727,43.8284885168454,1502.2650870600096,2125.111737812319,2138.636168981599,1546.783936287239
4190,14,20.455040722080298,19.67874950915596,107.23791163731151,2193.5558494920556,1268.2125247689785,1282.5183559399707,2033.1403276199526
4191,15,25.262045052724755,26.89361756499341,105.70204391369992,2670.249795512978,1566.2467932689349,1451.8286023543326,2520.9134175113945
4192,16,22.353004816379,26.131548728380245,79.08973851575803,1767.8933059688948,1385.886298615498,1246.600958696465,1767.8933059688948
4193,17,8.713422830429021,7.961507516196414,94.57033115692454,824.0312825839793,540.2322154865993,546.9451262058832,754.9946890375315
4194,18,3.242730449730016e-15,3.898859071969828e-15,67.7259686085748,2.1961706064448472e-13,2.01049287883261e-13,1.8618307937087815e-13,2.2737367544323206e-13
4195,19,0.0,0.0,83.18244961311952,0.0,0.0,0.0,0.0
4196,20,0.0,0.0,61.23996885499213,0.0,0.0,0.0,0.0
4197,21,0.0,0.0,54.83880101952715,0.0,0.0,0.0,0.0
4198,22,0.0,0.0,56.728058910397614,0.0,0.0,0.0,0.0
4199,23,0.0,0.0,48.836578200726066,0.0,0.0,0.0,8.392465899305648
4200,0,0.0,0.0,50.78403859681845,0.0,0.0,0.0,0.0
4201,1,0.0,0.0,71.98478095724093,0.0,0.0,0.0,0.0
4202,2,0.0,0.0,7.760634496284986,0.0,0.0,0.0,304.69811964969756
4203,3,0.0,0.0,40.18646182813617,0.0,0.0,0.0,70.79099300898474
4204,4,0.0,0.0,65.98457664375559,0.0,0.0,0.0,0.0
4205,5,0.0,0.0,61.21669696541365,0.0,0.0,0.0,0.0
4206,6,0.0,0.0,46.90490942784004,0.0,0.0,0.0,22.326762398921517
4207,7,11.825297994988485,15.542473798116053,103.7278532549586,1226.6127751203219,733.1684756892861,481.6650426960712,1091.5174297283681
4208,8,14.223344623065032,16.19170261864354,120.14773136702009,1708.902588912567,881.847366630032,708.2683777472836,1455.3607203316624
4209,9,25.228254885359448,25.600457154919702,62.667459975103,1580.99065326996,1564.1518028922858,1558.0721300671344,1580.99065326996
4210,10,32.31850812639517,32.5560748303167,42.153685315747325,1362.3442214344848,2003.7475038365008,2005.9587493813763,1418.944440257879
4211,11,31.805507662133635,38.430178238511,62.66311720331095,1993.0322543430843,1971.9414750522853,1863.767914836607,1993.0322543430843
4212,12,39.6498994842026,41.17943662199584,40.81788007396137,1618.4248420908045,2458.293768020561,2475.084491239849,1684.6610329638875
4213,13,44.226518384619816,47.028254406749625,68.79572962061016,3042.5956008492494,2742.0441398464286,2674.817430910019,3042.5956008492494
4214,14,42.37479580265861,48.57875429233447,75.22084307921223,3187.4678655854445,2627.237339764834,2428.549031097419,3187.467865585444
4215,15,34.55733523342337,33.30495706252873,91.01559128546495,3145.256299520059,2142.554784472249,2150.39679267952,3101.862197089684
4216,16,16.85514220180116,15.143480464152823,93.69185608599007,1579.1895574800521,1045.018816511672,1059.1723626712078,1516.4899365438896
4217,17,9.042766555926205,9.717166906419493,92.38045643661238,835.3749018861961,560.6515264674247,524.5875829485319,782.1352006839015
4218,18,6.109282795855494e-15,5.788119685699249e-15,67.34903319101268,4.114542897913544e-13,3.787755333430406e-13,3.750859392375848e-13,4.547473508864641e-13
4219,19,0.0,0.0,57.02078184639476,0.0,0.0,0.0,0.0
4220,20,0.0,0.0,34.5845373705399,0.0,0.0,0.0,111.20106613139257
4221,21,0.0,0.0,70.14720126090027,0.0,0.0,0.0,0.0
4222,22,0.0,0.0,79.76535176250387,0.0,0.0,0.0,0.0
4223,23,0.0,0.0,80.35584621361846,0.0,0.0,0.0,0.0
4224,0,0.0,0.0,70.10150275758174,0.0,0.0,0.0,0.0
4225,1,0.0,0.0,43.507862356032206,0.0,0.0,0.0,46.83171986686267
4226,2,0.0,0.0,87.18304433712589,0.0,0.0,0.0,-15.747620654379261
4227,3,0.0,0.0,31.875963861170963,0.0,0.0,0.0,130.73964691725
4228,4,0.0,0.0,33.439406463007955,0.0,0.0,0.0,119.46158875328294
4229,5,0.0,0.0,72.65642272507316,0.0,0.0,0.0,0.0
4230,6,0.0,0.0,90.62479531537129,0.0,0.0,0.0,-40.57505446802509
4231,7,10.573210491159058,10.552012763374211,98.41187126893763,1040.529429755326,655.5390504518616,655.7893723726684,943.7814812978693
4232,8,22.44797712006283,22.78541595855044,79.05366982285047,1774.5949714403487,1391.7745814438954,1379.3510662761203,1774.5949714403487
4233,9,29.090548449789917,25.60668308653036,73.90740856423646,2150.007049636339,1803.6140038869748,1780.7269469537946,2150.007049636339
4234,10,24.8063735749218,22.935281351567006,85.66464239367879,2125.029121379679,1537.9951616451515,1542.2022784466158,2120.2346533478244
4235,11,41.67878711391291,47.59250067589918,51.59786971483779,2150.5366273761388,2584.0848010626005,2569.316264527953,2150.5366273761383
4236,12,41.17122412105814,41.233864447037924,45.6689023921941,1880.2446157517513,2552.6158955056044,2552.923702050119,1911.487445310867
4237,13,33.566215950052296,43.070500197653644,77.83673999973064,2612.684823679032,2081.1053889032423,1745.642884924424,2612.684823679032
4238,14,29.328929165461453,31.804517290510223,43.59431921533084,1278.5747002829535,1818.3936082586101,1836.9780983003106,1324.7827544733798
4239,15,32.286073331357045,28.357303807219587,67.49723341178316,2179.2206275965536,2001.7365465441367,1957.038641241469,2179.2206275965536
4240,16,18.665497304752595,24.108254545568705,73.5364585903767,1372.594569619727,1157.2608328946608,994.4104162543263,1372.594569619727
4241,17,5.348153551693925,4.508121602361123,101.88150808970616,544.8779493418954,331.5855202050234,343.6913307275608,423.1014096035742
4242,18,3.453208476223604e-15,3.343700266165802e-15,91.90261607457063,3.1735889281583096e-13,2.1409892552586344e-13,2.1485748474174643e-13,-49.792749334751534
4243,19,0.0,0.0,111.19990254206249,0.0,0.0,0.0,-188.99576128504225
4244,20,0.0,0.0,91.4457168773239,0.0,0.0,0.0,-46.496858768917264
4245,21,0.0,0.0,55.74719973132638,0.0,0.0,0.0,0.0
4246,22,0.0,0.0,75.95022658096224,0.0,0.0,0.0,0.0
4247,23,0.0,0.0,22.777035525851588,0.0,0.0,0.0,196.37572647330603
4248,0,0.0,0.0,67.99728741649074,0.0,0.0,0.0,0.0
4249,1,0.0,0.0,35.9285156225625,0.0,0.0,0.0,101.50613721004413
4250,2,0.0,0.0,37.84443737352322,0.0,0.0,0.0,87.6854335145224
4251,3,0.0,0.0,77.71136710431841,0.0,0.0,0.0,0.0
4252,4,0.0,0.0,61.14011522844656,0.0,0.0,0.0,0.0
4253,5,0.0,0.0,53.46030862499386,0.0,0.0,0.0,0.0
4254,6,0.0,0.0,82.82781642958963,0.0,0.0,0.0,0.0
4255,7,10.2653370055716,11.092937852695004,92.24920085048775,946.9691352249191,636.4508943454392,592.3302509041895,894.6762600416416
4256,8,23.854877637216365,23.75930332398821,37.8107236537402,901.9701861345749,1479.0024135074145,1475.7871065466684,989.8988171238174
4257,9,23.50735680853528,21.900779061832058,50.32546434588496,1183.0186469339383,1457.4561221291874,1418.4871301665416,1183.0186469339383
4258,10,34.83284202687125,36.877579005986966,75.59599062681949,2633.223199368843,2159.6362056660173,2093.192501486763,2633.2231993688424
4259,11,38.92579919930712,45.11895733745901,66.3112552690178,2581.2186072557834,2413.3995503570413,2284.0302421469773,2581.218607255784
4260,12,46.11334790948211,47.815446754952994,18.921464383416073,872.5320700693397,2859.0275703878906,2924.299945455047,1096.720365771992
4261,13,37.626900988544456,28.36851435564614,103.70619646879223,3902.142786429784,2332.867861289756,2478.961937401605,3767.2036645498047
4262,14,38.801385573771476,44.88780258961515,58.00125098547991,2250.528903248699,2405.6859055738314,2341.7690093833335,2250.528903248699
4263,15,16.359954340361664,14.050388686251834,68.51863301054324,1120.961707516485,1014.3171691024232,989.8103096483937,1120.961707516485
4264,16,20.69353498227489,18.01452207847041,82.58928490709053,1709.0642563859456,1282.9991689010433,1282.8436888517253,1709.0642563859456
4265,17,10.883307758655942,11.345382245761812,104.52003071663287,1137.5236612332878,674.7650810366684,643.043649755135,996.7138601405309
4266,18,3.935937221214617e-15,4.109408808492618e-15,110.19328993722237,4.337138713920077e-13,2.4402810771530627e-13,2.308890899855487e-13,-181.73445505440043
4267,19,0.0,0.0,82.61385122937104,0.0,0.0,0.0,0.0
4268,20,0.0,0.0,125.71657539641798,0.0,0.0,0.0,-293.7133125442556
4269,21,0.0,0.0,124.99076448502746,0.0,0.0,0.0,-288.4775989561224
4270,22,0.0,0.0,71.45938510284991,0.0,0.0,0.0,0.0
4271,23,0.0,0.0,56.080738702609246,0.0,0.0,0.0,0.0
4272,0,0.0,0.0,46.612798646727256,0.0,0.0,0.0,24.43393433848678
4273,1,0.0,0.0,47.795994354198896,0.0,0.0,0.0,15.898827266092553
4274,2,0.0,0.0,79.9019542903118,0.0,0.0,0.0,0.0
4275,3,0.0,0.0,57.56788598917796,0.0,0.0,0.0,0.0
4276,4,0.0,0.0,70.7554459594507,0.0,0.0,0.0,0.0
4277,5,0.0,0.0,71.20001225815653,0.0,0.0,0.0,0.0
4278,6,0.0,0.0,74.62771404067975,0.0,0.0,0.0,0.0
4279,7,6.067083332647618,6.78678197647415,87.4106601281354,530.327759159136,376.1591666241523,342.1438156036461,512.9382079810352
4280,8,21.340676147803592,23.508979869251718,76.67403255364296,1636.2756976734445,1323.1219211638227,1249.741014237983,1636.2756976734445
4281,9,30.563456545473237,24.43880908126278,67.27306370710355,2056.0973592929117,1894.9343058193406,1824.2240123208276,2056.097359292912
4282,10,32.592610320775016,30.238118411360627,98.59848633864397,3213.5820434536818,2020.741839888051,2048.8753452779906,3115.487927501526
4283,11,32.7250073304947,35.668790821229194,40.35622465585891,1320.6577476940736,2028.9504544906713,2062.965046053348,1390.2241386339533
4284,12,47.18582284334242,50.0,60.575956000603504,2858.3263284105824,2925.52101628723,2886.910660475509,2858.3263284105824
4285,13,30.383162031890897,32.40009765482317,65.0465574469423,1976.3200945271474,1883.7560459772355,1844.8126560192259,1976.3200945271474
4286,14,21.464140052143282,24.184910746016538,103.40345628644165,2219.466267607859,1330.7766832328834,1147.7930993663322,2086.71099397476
4287,15,29.456581887412472,34.1677962158287,43.844173594416965,1291.499489769871,1826.3080770195734,1860.2042418118972,1335.9051930351375
4288,16,20.763366536675466,16.568228172755184,86.95811021683491,1805.543115768767,1287.328725273879,1300.8311248793107,1791.4180811234432
4289,17,9.938217130125002,9.507455572296145,96.81645346553579,962.1829363091379,616.1694620677501,620.7408502210704,876.9437025057741
4290,18,4.09769520950186e-15,4.444989945589232e-15,111.9591699359458,4.587745543063297e-13,2.540571029891153e-13,2.2698583865720048e-13,-194.47281673956138
4291,19,0.0,0.0,73.01483270105473,0.0,0.0,0.0,0.0
4292,20,0.0,0.0,130.8046279956227,0.0,0.0,0.0,-330.4165167985923
4293,21,0.0,0.0,56.80204059367365,0.0,0.0,0.0,0.0
4294,22,0.0,0.0,39.735714317079555,0.0,0.0,0.0,74.04250773743513
4295,23,0.0,0.0,69.43817241140522,0.0,0.0,0.0,0.0
4296,0,0.0,0.0,50.798322409926364,0.0,0.0,0.0,0.0
4297,1,0.0,0.0,87.67893286397323,0.0,0.0,0.0,-19.32476486297196
4298,2,0.0,0.0,18.203332214744403,0.0,0.0,0.0,229.36861787001476
4299,3,0.0,0.0,51.565588321123876,0.0,0.0,0.0,0.0
4300,4,0.0,0.0,69.71168310710328,0.0,0.0,0.0,0.0
4301,5,0.0,0.0,43.99013700589577,0.0,0.0,0.0,43.35278079626465
4302,6,0.0,0.0,34.65218759764993,0.0,0.0,0.0,110.71306408049793
4303,7,9.328697454351806,9.151469442520554,92.41903303368994,862.1491981950388,578.379242169812,579.6755365462201,808.6312206395877
4304,8,15.307105425629361,12.88292077191001,48.552985451345734,743.2056670327977,949.0405363890204,887.0171395259791,753.6438591510466
4305,9,30.92584420738818,34.71905360686136,78.24986574636236,2419.943157321043,1917.4023408580672,1781.5586658046345,2419.943157321043
4306,10,27.148051903568355,27.04587011336777,48.674526258726246,1321.418565253501,1683.179218021238,1680.5741847015133,1330.9800099341896
4307,11,40.645941989637656,41.69146304603354,51.922289042986435,2110.4303484104257,2520.048403357535,2517.013400740685,2110.4303484104257
4308,12,27.648179337528592,29.57518672493985,90.96354031171151,2514.9762757147114,1714.1871189267727,1614.5523092390833,2471.9576484752974
4309,13,35.04614881430375,32.91025876216238,77.87443640041427,2729.1990869189513,2172.8612264868325,2165.184468771888,2729.1990869189513
4310,14,30.730047677709234,34.24035626277879,57.47151054940094,1766.1022592930601,1905.2629560179726,1870.723667194188,1766.1022592930601
4311,15,25.388644323012127,25.15573610563697,91.11396900848358,2313.2601520143394,1574.0959480267518,1575.571532624298,2269.1563914993376
4312,16,17.152906002916005,17.07820649958844,42.00510800534535,720.5096692580233,1063.4801721807924,1061.2021235033983,778.1816661860889
4313,17,11.329187755418141,7.107011567429361,62.13997487932045,703.9954425247881,702.4096408359247,637.4091588738862,703.9954425247881
4314,18,4.516076520630318e-15,4.6381150838893965e-15,122.41128485539855,5.52818729395655e-13,2.799967442790797e-13,2.6888951353807926e-13,-269.87025049219903
4315,19,0.0,0.0,78.07652484363838,0.0,0.0,0.0,0.0
4316,20,0.0,0.0,89.35859256167072,0.0,0.0,0.0,-31.441167309755656
4317,21,0.0,0.0,82.30837661442624,0.0,0.0,0.0,0.0
4318,22,0.0,0.0,55.61814543925362,0.0,0.0,0.0,0.0
4319,23,0.0,0.0,59.66851716875672,0.0,0.0,0.0,0.0
4320,0,0.0,0.0,29.895533102197145,0.0,0.0,0.0,145.0256931482871
4321,1,0.0,0.0,53.449566836060484,0.0,0.0,0.0,0.0
4322,2,0.0,0.0,40.190282412280126,0.0,0.0,0.0,70.76343282216027
4323,3,0.0,0.0,92.68692307062628,0.0,0.0,0.0,-55.45043060141859
4324,4,0.0,0.0,39.32532290399547,0.0,0.0,0.0,77.00290949527181
4325,5,0.0,0.0,67.58913074895902,0.0,0.0,0.0,0.0
4326,6,0.0,0.0,57.02915247824839,0.0,0.0,0.0,0.0
4327,7,9.452744640079475,8.107077293343169,79.63650805924965,752.7835747117181,586.0701676849275,583.0119785648527,752.7835747117181
4328,8,21.082718628575552,19.48479989383073,33.22483867745056,700.4699253165045,1307.1285549716843,1247.8755375536846,821.4793214295119
4329,9,29.60298777126557,29.90233931642953,56.064035624333926,1659.6629609949546,1835.3852418184654,1832.9664680032913,1659.6629609949546
4330,10,38.66512012649525,37.92747102284037,67.13240634448152,2595.6825556900703,2397.2374478427055,2388.643322940755,2595.6825556900703
4331,11,26.248344142921862,24.56181916987186,77.9125221684873,2045.0746949214833,1627.3973368611555,1621.3838492949046,2045.0746949214836
4332,12,35.13472240574422,34.40336848779079,78.12051976813935,2744.7427762460297,2178.3527891561416,2175.859157396769,2744.7427762460297
4333,13,47.67111645558224,49.375745943632346,40.26969915720363,1919.7015181543165,2955.609220246099,2975.490102682361,1989.8920699078735
4334,14,28.269676887231846,29.63303804356055,71.62694060734708,2024.870467390648,1752.7199670083744,1715.1816229873539,2024.870467390648
4335,15,28.096387476634014,28.294502218637838,77.4995299808832,2177.456823599909,1741.9760235513088,1735.0668883210706,2177.456823599909
4336,16,23.073589282208165,25.67276724639372,95.78182888341732,2210.0305803547144,1430.562535496906,1280.5190455224483,2132.2547201355756
4337,17,11.176923118308164,11.804094804645295,114.19763163492456,1276.3781490764281,692.9692333351062,642.3269763777806,1065.7579526957893
4338,18,4.1531279136004425e-15,3.653792672204996e-15,50.33318705291355,2.0904016412992767e-13,2.574939306432274e-13,2.453849962571613e-13,2.2737367544323206e-13
4339,19,0.0,0.0,75.07962081976811,0.0,0.0,0.0,0.0
4340,20,0.0,0.0,61.82142147347356,0.0,0.0,0.0,0.0
4341,21,0.0,0.0,53.062893025481465,0.0,0.0,0.0,0.0
4342,22,0.0,0.0,67.83283625973523,0.0,0.0,0.0,0.0
4343,23,0.0,0.0,57.9736674853721,0.0,0.0,0.0,0.0
4344,0,0.0,0.0,30.910477274672267,0.0,0.0,0.0,137.70428627546397
4345,1,0.0,0.0,27.432859519584955,0.0,0.0,0.0,162.79044886808887
4346,2,0.0,0.0,59.23724446885919,0.0,0.0,0.0,0.0
4347,3,0.0,0.0,29.02077998349515,0.0,0.0,0.0,151.33581706344782
4348,4,0.0,0.0,39.45381740025197,0.0,0.0,0.0,76.07600088933532
4349,5,0.0,0.0,75.79060625594622,0.0,0.0,0.0,0.0
4350,6,0.0,0.0,65.947444512614,0.0,0.0,0.0,0.0
4351,7,8.515911997534582,6.313040748549794,94.97546942604977,808.8027395567761,527.986543847144,548.3225746281964,736.8436383606874
4352,8,20.658590730106628,17.99581272052852,58.59829504971793,1210.558194914156,1280.8326252666109,1232.7660772656373,1210.558194914156
4353,9,33.718723153308886,34.032949241621886,99.16478802764233,3343.710034060631,2090.560835505151,2071.0926486801645,3241.5308411255583
4354,10,29.504938599802024,28.437472757039014,61.15756858314465,1804.4503059588642,1829.3061931877255,1812.0860225531262,1804.4503059588644
4355,11,39.678506840843006,43.09814559044192,83.31613645822156,3305.8598904101536,2460.0674241322663,2315.9461657331426,3305.8598904101536
4356,12,46.43695022686917,50.0,38.97584168162423,1809.9192202199172,2879.0909140658887,2926.4089201733823,1889.4431493858096
4357,13,43.30660324333999,35.52024278274562,48.81363816673765,2113.952860950865,2685.0094010870794,2487.3154891496633,2122.5108072057023
4358,14,17.414497312096305,19.87314406592618,122.41317341564567,2131.7638794119403,1079.698833349971,855.9214927819346,1861.8800055911402
4359,15,19.82303148151623,24.428137183329174,71.72543898760229,1421.8156350768118,1229.0279518540065,1101.6654703078543,1421.8156350768118
4360,16,14.048577958538349,11.759807147364821,83.66426338474993,1175.3639265043448,871.0118334293776,872.7242861166312,1175.3639265043448
4361,17,3.4553943163100045,3.3001625655168,78.05356268095844,269.70583685553044,214.23444761122028,213.69737245500082,269.70583685553044
4362,18,4.610786980943694e-15,4.434080389994046e-15,109.98761474358852,5.071294621247886e-13,2.85868792818509e-13,2.894896365156479e-13,-180.2507953447555
4363,19,0.0,0.0,57.28488482138752,0.0,0.0,0.0,0.0
4364,20,0.0,0.0,101.14997092107042,0.0,0.0,0.0,-116.49951918938393
4365,21,0.0,0.0,73.42393711985524,0.0,0.0,0.0,0.0
4366,22,0.0,0.0,66.22914084986543,0.0,0.0,0.0,0.0
4367,23,0.0,0.0,56.171549764738664,0.0,0.0,0.0,0.0
4368,0,0.0,0.0,78.36507168663536,0.0,0.0,0.0,0.0
4369,1,0.0,0.0,46.46716525470221,0.0,0.0,0.0,25.48447617733933
4370,2,0.0,0.0,35.780196772206494,0.0,0.0,0.0,102.57605088590424
4371,3,0.0,0.0,61.26057090336529,0.0,0.0,0.0,0.0
4372,4,0.0,0.0,51.64092539064644,0.0,0.0,0.0,0.0
4373,5,0.0,0.0,96.53854431097349,0.0,0.0,0.0,-83.23450679530492
4374,6,0.0,0.0,80.73659940465355,0.0,0.0,0.0,0.0
4375,7,6.947165336602453,7.77539890098533,72.00784720558732,500.250420070022,430.7242508693521,407.52558691781394,500.2504200700221
4376,8,18.880884644526056,20.58992086594864,90.9951974172395,1718.0698256407743,1170.6148479606154,1082.1824832368643,1674.822836530558
4377,9,21.565877529182764,18.01333832343579,37.371613574071006,805.9516414063595,1337.0844068093313,1216.4000678559537,897.0478392848978
4378,10,26.131580242301656,28.70460183049125,79.36299874005577,2073.8805698454526,1620.1579750227027,1524.4319271634238,2073.8805698454526
4379,11,39.2387128214983,35.915104572974045,61.880728038968975,2428.120116706341,2432.8001949328946,2380.986957125643,2428.120116706341
4380,12,46.13992871172014,32.83939239000816,52.046031612882445,2401.400188346329,2860.6755801266486,2555.2224285815905,2401.400188346329
4381,13,44.88926143417579,44.0576936149628,54.41457648594212,2442.6301497074105,2783.1342089188993,2765.514062154054,2442.630149707411
4382,14,32.93229450870887,28.403070852074787,96.11571346163734,3165.310982633315,2041.80225953995,2087.48756521717,3085.12661078171
4383,15,25.845336655968623,25.839074701588164,42.83356003417332,1107.0477792568522,1602.4108726700547,1602.2237978476312,1158.7436500666963
4384,16,20.91113793842423,17.780241217839603,91.61152227729414,1915.701179089522,1296.4905521823023,1317.4946165053645,1868.0082655741326
4385,17,8.868957906752133,8.6442377551662,59.31791226199792,526.0880669680757,549.8753902186322,545.9401884967623,526.0880669680757
4386,18,4.482796782178972e-15,3.6093497735200924e-15,82.60794834689585,3.703146450318714e-13,2.779334004950963e-13,2.778949349895283e-13,4.547473508864641e-13
4387,19,0.0,0.0,80.46431765896727,0.0,0.0,0.0,0.0
4388,20,0.0,0.0,107.32943270775782,0.0,0.0,0.0,-161.07571876996735
4389,21,0.0,0.0,57.85838280233277,0.0,0.0,0.0,0.0
4390,22,0.0,0.0,63.587062588073216,0.0,0.0,0.0,0.0
4391,23,0.0,0.0,32.74629642926526,0.0,0.0,0.0,124.46141111030116
4392,0,0.0,0.0,63.4658130387303,0.0,0.0,0.0,0.0
4393,1,0.0,0.0,24.23129098051527,0.0,0.0,0.0,185.88530131558514
4394,2,0.0,0.0,14.436900319163982,0.0,0.0,0.0,256.53817173727316
4395,3,0.0,0.0,20.67334621071578,0.0,0.0,0.0,211.55091130397457
4396,4,0.0,0.0,47.672988229169555,0.0,0.0,0.0,16.786144927115174
4397,5,0.0,0.0,52.64554616228532,0.0,0.0,0.0,0.0
4398,6,0.0,0.0,85.19429556720111,0.0,0.0,0.0,-1.4015715737311893
4399,7,12.12048567525771,8.731191868443275,91.84208700342917,1113.1706999108355,751.470111865978,774.7937583577093,1063.8145834170605
4400,8,20.905069421035424,15.753747694328757,90.47774722114906,1891.443586717016,1296.1143041041962,1326.292345831217,1851.9292791914054
4401,9,30.916309382977747,36.464367596555874,80.39733863517242,2485.5889948130202,1916.8111817446204,1703.2293972806015,2485.5889948130202
4402,10,33.46100622234275,38.0198381104553,102.3122076018133,3423.4694151858985,2074.5823857852506,1774.199769650307,3298.5859790747722
4403,11,39.56884624834685,36.341734662947054,68.58697212213659,2713.9073545404744,2453.268467397505,2419.190908359847,2713.9073545404744
4404,12,46.920758824652225,39.99407351946998,64.61835321806495,3031.9421669910157,2909.087047128438,2815.3258064676234,3031.9421669910157
4405,13,32.124337701737396,34.21518625026928,110.37034371861142,3545.574193873504,1991.7089375077185,1832.881956310416,3362.562542686473
4406,14,34.94384516683083,37.89261681569238,49.46864556078923,1728.6246910890522,2166.5184003435115,2167.0025681513825,1732.457672398414
4407,15,27.09719505710262,24.196059476072758,97.65141532992712,2646.079448797176,1680.0260935403626,1712.6306841801934,2554.8171294899153
4408,16,16.097881439818774,15.853418346094802,85.39516974302511,1374.6813180564177,998.068649268764,998.5689129962254,1371.8307194215586
4409,17,6.618912339653925,5.187534201936581,116.09377254297164,768.414503641651,410.3725650585434,446.2576864774228,544.1162947628841
4410,18,3.476169289000476e-15,3.2930169711609553e-15,111.1357704651094,3.8632675220021947e-13,2.1552249591802953e-13,2.1943313267865352e-13,-188.5331377814971
4411,19,0.0,0.0,78.1836856182196,0.0,0.0,0.0,0.0
4412,20,0.0,0.0,50.90442834795901,0.0,0.0,0.0,0.0
4413,21,0.0,0.0,95.52022869359436,0.0,0.0,0.0,-75.88877964895255
4414,22,0.0,0.0,53.037359659410704,0.0,0.0,0.0,0.0
4415,23,0.0,0.0,59.74388250037,0.0,0.0,0.0,0.0
4416,0,0.0,0.0,30.971073214962253,0.0,0.0,0.0,137.267171066829
4417,1,0.0,0.0,43.63979133913294,0.0,0.0,0.0,45.88003622770964
4418,2,0.0,0.0,70.32623121096178,0.0,0.0,0.0,0.0
4419,3,0.0,0.0,58.555151648291314,0.0,0.0,0.0,0.0
4420,4,0.0,0.0,38.32365124692429,0.0,0.0,0.0,84.22857367787276
4421,5,0.0,0.0,19.74724025092781,0.0,0.0,0.0,218.2314743564417
4422,6,0.0,0.0,76.26381774306766,0.0,0.0,0.0,0.0
4423,7,10.900804208753298,10.20840433858009,54.01217312749133,588.7761241520693,675.8498609427045,660.9695852379015,588.7761241520693
4424,8,9.326922276867204,11.337944150373296,73.42503181427695,684.8295649082629,578.2691811657667,518.3783560214049,684.8295649082629
4425,9,23.323469825991708,21.91965372380066,62.034407717817224,1446.8576365797771,1446.055129211486,1424.3322062087582,1446.8576365797771
4426,10,30.925826602705506,25.01335352475068,54.89511429362831,1697.6767859804497,1917.4012493677415,1794.25233256379,1697.6767859804497
4427,11,17.890331522652392,15.3712418848882,93.24674957911199,1668.215263380061,1109.2005544044482,1129.1896873280186,1608.7264651935361
4428,12,16.14995880995819,13.815597915569157,68.92754128085575,1113.176952557513,1001.2974462174077,977.2433884495993,1113.1769525575132
4429,13,39.97549378214088,38.176008939547124,68.49823496776139,2738.2507660413703,2478.4806144927347,2459.358705928606,2738.2507660413703
4430,14,23.69486493815178,27.76188967480042,91.24906454880625,2162.134260216658,1469.0816261654104,1257.346906442572,2117.055973767886
4431,15,24.965867491403092,19.5247958340659,107.85544124620742,2692.704654379626,1547.8837844669918,1650.6742300528376,2527.8345175194727
4432,16,18.165752013366923,21.872046795957612,85.62757038436835,1555.4892091095574,1126.2766248287492,959.3656296474951,1550.9621639282545
4433,17,10.02111169748234,9.165724755457052,63.271505683652016,634.0508257237656,621.308925243905,608.8661496613933,634.0508257237656
4434,18,5.877315955440367e-15,5.46187414853633e-15,100.99604666347939,5.935856764916673e-13,3.6439358923730277e-13,3.701046822962827e-13,-115.3891703170184
4435,19,0.0,0.0,63.70857066637815,0.0,0.0,0.0,0.0
4436,20,0.0,0.0,61.598046012590174,0.0,0.0,0.0,0.0
4437,21,0.0,0.0,58.53213056564631,0.0,0.0,0.0,0.0
4438,22,0.0,0.0,58.80458817673894,0.0,0.0,0.0,0.0
4439,23,0.0,0.0,83.17840204761765,0.0,0.0,0.0,0.0
4440,0,0.0,0.0,66.38848335148762,0.0,0.0,0.0,0.0
4441,1,0.0,0.0,28.851583623444085,0.0,0.0,0.0,152.5563328582364
4442,2,0.0,0.0,80.252658033688,0.0,0.0,0.0,0.0
4443,3,0.0,0.0,72.07366683100007,0.0,0.0,0.0,0.0
4444,4,0.0,0.0,61.68124176168001,0.0,0.0,0.0,0.0
4445,5,0.0,0.0,10.974090994858734,0.0,0.0,0.0,281.5175121520445
4446,6,0.0,0.0,45.6183838053675,0.0,0.0,0.0,31.60725071530169
4447,7,10.368270437930432,10.94223243464267,62.88966637774088,652.0570687556382,642.8327671516868,633.2980628394272,652.0570687556383
4448,8,16.61940556837872,16.162097736231512,97.35993050614238,1618.0641711907479,1030.4031452394806,1035.442653714679,1528.9045084138227
4449,9,29.616330638528627,31.418359107180866,85.20045527371835,2523.3248539396127,1836.2124995887748,1756.0212072134984,2521.8788486730214
4450,10,21.617967518518707,23.992657187658764,53.06235889275735,1147.1003509996108,1340.3139861481598,1330.036451281302,1147.1003509996108
4451,11,38.42497769415341,32.06116073610525,27.11658329687892,1041.9541083242257,2382.3486170375118,2117.2156951102784,1207.0260490944588
4452,12,31.017388145913728,32.85265737970528,68.81222531248811,2134.3755017015133,1923.078065046651,1879.0035575108002,2134.3755017015133
4453,13,32.15117117686051,28.867728917999937,76.60991414476345,2463.0984635128766,1993.3726129653514,1978.4573650789434,2463.098463512877
4454,14,27.12663630222359,31.30214016852234,54.8537111876436,1487.9966732144212,1681.8514507378627,1654.4303365173341,1487.9966732144212
4455,15,25.558121914762236,22.60104374311821,62.92215999143921,1608.172236201378,1584.6035587152587,1540.8140214408625,1608.172236201378
4456,16,19.909334951791394,19.82580158621476,125.3801945099944,2496.2362888202347,1234.3787670110664,1237.0547705633696,2204.949495291052
4457,17,1.9210902333672408,1.9825018947659425,84.54684704322221,162.4221221167282,119.10759446876894,116.4249145468057,162.4221221167282
4458,18,4.79064809160819e-15,3.718596028014047e-15,81.48347794385032,3.903586681093046e-13,2.970201816797078e-13,2.9606885174577035e-13,4.547473508864641e-13
4459,19,0.0,0.0,137.99659568448777,0.0,0.0,0.0,-382.29653453195124
4460,20,0.0,0.0,68.22544571853,0.0,0.0,0.0,0.0
4461,21,0.0,0.0,48.303257395077324,0.0,0.0,0.0,12.239631800435006
4462,22,0.0,0.0,48.31653745566508,0.0,0.0,0.0,12.143834682233376
4463,23,0.0,0.0,63.15398101449462,0.0,0.0,0.0,0.0
4464,0,0.0,0.0,43.851624738376444,0.0,0.0,0.0,44.35195365215998
4465,1,0.0,0.0,48.2489206885046,0.0,0.0,0.0,12.631595366251645
4466,2,0.0,0.0,49.14086890443787,0.0,0.0,0.0,6.197432802993717
4467,3,0.0,0.0,113.80917656926374,0.0,0.0,0.0,-207.81803477939877
4468,4,0.0,0.0,67.60227885055374,0.0,0.0,0.0,0.0
4469,5,0.0,0.0,38.30122518054171,0.0,0.0,0.0,84.39034647385176
4470,6,0.0,0.0,59.01590458045729,0.0,0.0,0.0,0.0
4471,7,11.645911043787184,10.372151916454015,77.8203907739263,906.2893483459026,722.0464847148054,717.4167436008408,906.2893483459026
4472,8,18.827725422773053,20.05400881118831,84.01584690035187,1581.8272966015636,1167.3189762119293,1114.564499521749,1581.8272966015636
4473,9,18.749831721578268,18.222415287218485,36.80895070901549,690.1616316419095,1162.4895667378526,1144.3499819591516,785.3166574629283
4474,10,38.19142800953676,41.97964938995278,27.454271111121855,1048.517818694715,2367.868536591279,2472.7346911684604,1211.1538127881595
4475,11,41.27867126778486,44.357605466030606,67.00221618383445,2765.7624560655568,2559.2776186026613,2492.302270435569,2765.7624560655568
4476,12,18.50332375955529,22.399875190133113,71.53701368345693,1323.6725249767405,1147.206073092428,1040.3576955288288,1323.6725249767405
4477,13,36.779451326849916,37.2489628317547,53.39567922189363,1963.8637850057282,2280.3259822646946,2278.098338435186,1963.863785005728
4478,14,23.844823786429785,23.196070763131193,86.55601351357868,2063.9128898871186,1478.3790747586468,1480.2714939028401,2052.688422235131
4479,15,32.201373969284,32.56202285203947,89.56603659984123,2884.149439498065,1996.485186095608,1978.4680530357366,2851.2118527319726
4480,16,15.5645348509448,10.577239414523559,82.00178162117005,1276.319587882266,965.0011607585775,962.5141771437151,1276.319587882266
4481,17,8.309377847894865,7.93628879939652,49.4515278433668,410.9114300062282,515.1814265694816,505.88727316498756,414.8678917762719
4482,18,2.1611821669538812e-15,2.3187879353404727e-15,76.92852635264157,1.6625655928337066e-13,1.3399329435114064e-13,1.2860937760778903e-13,1.1368683772161603e-13
4483,19,0.0,0.0,58.26237073595847,0.0,0.0,0.0,0.0
4484,20,0.0,0.0,86.23449715089448,0.0,0.0,0.0,-8.905175447234797
4485,21,0.0,0.0,109.53946368496233,0.0,0.0,0.0,-177.01801039985878
4486,22,0.0,0.0,68.25837701600045,0.0,0.0,0.0,0.0
4487,23,0.0,0.0,66.14259951433512,0.0,0.0,0.0,0.0
4488,0,0.0,0.0,69.60938123562212,0.0,0.0,0.0,0.0
4489,1,0.0,0.0,77.81277921906255,0.0,0.0,0.0,0.0
4490,2,0.0,0.0,38.36289485548599,0.0,0.0,0.0,83.94548576700049
4491,3,0.0,0.0,49.7930991264003,0.0,0.0,0.0,1.4925012813973808
4492,4,0.0,0.0,72.31864364785167,0.0,0.0,0.0,0.0
4493,5,0.0,0.0,38.48837794865076,0.0,0.0,0.0,83.04030023499314
4494,6,0.0,0.0,32.31931511237242,0.0,0.0,0.0,127.54148588962892
4495,7,4.499715891117575,3.9495748657570497,57.261763543405024,257.66166736967665,278.9823852492897,268.5001756592277,257.6616673696766
4496,8,22.916481017091794,22.95977128664444,83.80695897728765,1920.560584503203,1420.8218230596913,1418.9707874663122,1920.560584503203
4497,9,24.054071025596315,25.37912670626308,66.89869651538466,1609.1859975008751,1491.3524035869716,1462.7002334796707,1609.1859975008751
4498,10,36.887200182115784,39.881248995749466,47.871599511292985,1765.8492742111405,2287.0064112911787,2293.47505558205,1781.20271569959
4499,11,40.03410948997038,36.79476600945502,79.28609334374073,3174.1481419553284,2482.1147883781637,2473.9016597626455,3174.1481419553284
4500,12,31.02002878606418,33.05369069699733,83.52743272816895,2591.02336765384,1923.2417847359793,1836.9956251421993,2591.02336765384
4501,13,36.53548363117695,34.449401966269654,53.68086514197428,1961.2563697020187,2265.199985132971,2219.8499233054936,1961.2563697020187
4502,14,41.423478777083325,41.399230014488246,60.96857123763703,2525.5303167313505,2568.255684179166,2567.8610702055485,2525.5303167313505
4503,15,25.616536364166237,22.265994527915918,59.80145688300717,1531.9061948736723,1588.2252545783067,1530.7671230972132,1531.9061948736723
4504,16,17.874128416440268,15.029704865564652,87.70307450973574,1567.6160163036457,1108.1959618192966,1118.940219629777,1548.1171031318304
4505,17,11.684685346101205,12.158497608599184,98.60526749146149,1152.1715241058696,724.4504914582747,695.4263706277146,1054.028491592399
4506,18,4.831002080851221e-15,6.20653687703885e-15,38.33947227667394,1.8521807034734952e-13,2.995221290127757e-13,3.1888368864636384e-13,84.11444701052955
4507,19,0.0,0.0,61.06699432185519,0.0,0.0,0.0,0.0
4508,20,0.0,0.0,108.57191485086574,0.0,0.0,0.0,-170.03849480101383
4509,21,0.0,0.0,61.8186469521719,0.0,0.0,0.0,0.0
4510,22,0.0,0.0,95.6742325300271,0.0,0.0,0.0,-76.99970257168832
4511,23,0.0,0.0,31.82113777050014,0.0,0.0,0.0,131.13514070689214
4512,0,0.0,0.0,42.71348803741561,0.0,0.0,0.0,52.562022827005364
4513,1,0.0,0.0,55.2049655792212,0.0,0.0,0.0,0.0
4514,2,0.0,0.0,43.62821145872844,0.0,0.0,0.0,45.96356891677692
4515,3,0.0,0.0,76.16087248382715,0.0,0.0,0.0,0.0
4516,4,0.0,0.0,50.98237091371582,0.0,0.0,0.0,0.0
4517,5,0.0,0.0,71.56406428680089,0.0,0.0,0.0,0.0
4518,6,0.0,0.0,40.659602369798414,0.0,0.0,0.0,67.3779437916179
4519,7,11.905676153957923,10.905937763485928,66.85070545839065,795.9028498512264,738.1519215453912,726.2930538437942,795.9028498512264
4520,8,20.58566447476327,17.95454038311869,54.52767031058862,1122.488325604288,1276.3111974353228,1220.7833040149408,1122.4883256042879
4521,9,22.720838925224236,18.38346612486927,45.30134918474022,1029.2846579218208,1408.6920133639026,1287.1415295718507,1063.1788713226886
4522,10,38.989916693042694,34.58281331017693,64.26323399197994,2505.6181397728074,2417.374834968647,2356.5454621709314,2505.6181397728074
4523,11,26.33624928292009,26.433281612657545,100.36572837384219,2643.256841915354,1632.8474555410455,1626.6900594223796,2532.41453908422
4524,12,32.85702782470255,36.898304625364545,58.67382174823238,1927.8473937633087,2037.135725131558,1991.2984434759658,1927.847393763309
4525,13,42.413147891723185,41.82120110139537,71.27061484983508,3022.811127960098,2629.6151692868375,2624.5557770653,3022.811127960098
4526,14,30.749394358157446,31.83899379837788,71.77930579607774,2207.170180678371,1906.4624502057616,1876.2542512309064,2207.170180678371
4527,15,28.287043099260142,30.32862889935912,79.8320817389999,2258.213536854749,1753.7966721541288,1676.6449361719115,2258.213536854749
4528,16,21.34150250715553,18.227998870231755,98.56987870298278,2103.6293134697235,1323.1731554436428,1360.3091868290228,2005.7415617157421
4529,17,6.3816423820512265,6.050621079647489,118.41619021129193,755.6897781734202,395.661827687176,404.53721807021725,514.6385644107094
4530,18,5.417588685768695e-15,4.661318897967357e-15,112.33754631232057,6.085986198886448e-13,3.358904985176591e-13,3.5271989090778235e-13,-197.20227465225457
4531,19,0.0,0.0,66.47892383244576,0.0,0.0,0.0,0.0
4532,20,0.0,0.0,48.114270245449,0.0,0.0,0.0,13.602910543924736
4533,21,0.0,0.0,28.301554899636827,0.0,0.0,0.0,156.52402308982036
4534,22,0.0,0.0,75.16044792990617,0.0,0.0,0.0,0.0
4535,23,0.0,0.0,46.79644362474696,0.0,0.0,0.0,23.10919191353736
4536,0,0.0,0.0,74.5957566075638,0.0,0.0,0.0,0.0
4537,1,0.0,0.0,30.15858094180374,0.0,0.0,0.0,143.12816980364795
4538,2,0.0,0.0,58.924013985883036,0.0,0.0,0.0,0.0
4539,3,0.0,0.0,15.446774133756179,0.0,0.0,0.0,249.2533404260015
4540,4,0.0,0.0,63.44203267418119,0.0,0.0,0.0,0.0
4541,5,0.0,0.0,65.14832075710996,0.0,0.0,0.0,0.0
4542,6,0.0,0.0,40.50940205472257,0.0,0.0,0.0,68.46142961174405
4543,7,8.732807803323146,8.813380239716333,67.71794745385861,591.3678199500832,541.434083806035,539.6093248450337,591.3678199500832
4544,8,12.785728501597099,16.01456699224683,108.74333737401898,1390.3627880217834,792.7151670990202,554.0098118756259,1219.0877187635656
4545,9,32.18009084008665,30.408927467685146,69.85532811695509,2247.950804467674,1995.1656320853722,1978.1474018923589,2247.950804467674
4546,10,36.88675204397909,38.40701038984194,116.30039044936865,4289.943665123815,2286.978626726703,2160.2263451604986,4064.1549961774226
4547,11,33.54991976056169,34.00107319094349,68.95332986016338,2313.378684032024,2080.0950251548247,2069.180873710171,2313.378684032024
4548,12,27.008755200982776,26.900291741724708,88.00620473541419,2376.938039866373,1674.542822460932,1674.9771810382645,2355.252464828979
4549,13,44.718575992905656,39.0053249026057,50.7033159630258,2267.380087984876,2772.5517115601506,2635.5907253672385,2267.380087984876
4550,14,25.841197805681354,25.00456455091594,85.8467559173186,2218.3830006354765,1602.154263952244,1604.149690267407,2212.274837486422
4551,15,31.32781501131387,34.94977108981265,55.12035016345357,1726.8001332795177,1942.32453070146,1917.331448414007,1726.800133279518
4552,16,21.867668142797854,23.415577897118087,99.40511404929227,2173.758045726896,1355.795424853467,1259.428147538553,2069.8452356783464
4553,17,6.9573174261114525,7.668915399621283,73.10106377235904,508.58730485071817,431.3536804189101,410.4495437242401,508.5873048507181
4554,18,4.777984708466535e-15,4.429099837923875e-15,120.82436812413621,5.772969833072543e-13,2.962350519249252e-13,3.0621953547482126e-13,-258.42285921891505
4555,19,0.0,0.0,54.54733966630237,0.0,0.0,0.0,0.0
4556,20,0.0,0.0,68.90364846457163,0.0,0.0,0.0,0.0
4557,21,0.0,0.0,63.55154599045083,0.0,0.0,0.0,0.0
4558,22,0.0,0.0,40.140042253382035,0.0,0.0,0.0,71.12584550910759
4559,23,0.0,0.0,62.014918203936695,0.0,0.0,0.0,0.0
4560,0,0.0,0.0,42.68065803299936,0.0,0.0,0.0,52.79884552768823
4561,1,0.0,0.0,78.93719210861542,0.0,0.0,0.0,0.0
4562,2,0.0,0.0,33.75619688715299,0.0,0.0,0.0,117.17638760480614
4563,3,0.0,0.0,59.27194732474458,0.0,0.0,0.0,0.0
4564,4,0.0,0.0,51.629551917238274,0.0,0.0,0.0,0.0
4565,5,0.0,0.0,53.055707407860666,0.0,0.0,0.0,0.0
4566,6,0.0,0.0,64.32957927797672,0.0,0.0,0.0,0.0
4567,7,11.742274460891112,11.08391883606736,75.85154745235494,890.6696884688577,728.021016575249,724.655937523809,890.6696884688577
4568,8,17.62808386258044,17.679426587658448,25.649383530117383,452.14948389239873,1092.9411994799873,1094.4783118760647,627.8052249813984
4569,9,32.05295954059885,28.444093800490915,57.17774741287349,1832.7160244474144,1987.2834915171286,1918.293925931585,1832.7160244474144
4570,10,32.445132173508675,27.38278575858856,45.33676341726549,1470.9572813922716,2011.5981947575378,1869.8655183445974,1504.5960304903356
4571,11,24.998970721260935,21.325165618202867,59.406722910919015,1485.1069266961256,1549.936184718178,1485.846809668146,1485.1069266961256
4572,12,34.278506766373965,36.811033609197786,73.9751656337894,2535.7582157214847,2125.267419515186,2048.1039679328755,2535.7582157214847
4573,13,25.017380315482654,24.014202257031027,102.85624932695185,2573.193907236461,1551.0775795599245,1566.2678893104949,2444.3859687403237
4574,14,24.653204628752743,20.78330504455298,113.07578302202728,2787.6804173984838,1528.49868698267,1616.758857037289,2585.1527943509213
4575,15,19.158183459207493,18.97145404876955,74.58133238331976,1428.8428484317728,1187.8073744708645,1186.6750471929222,1428.8428484317728
4576,16,21.905703747302912,23.719745881487164,24.285381984302198,531.9883831382112,1358.1536323327805,1415.55586194685,717.4834932909488
4577,17,4.63449472551577,4.552425507929221,92.03836491086136,426.5513167244827,287.33867298197777,287.91551893874646,375.77932883656695
4578,18,4.787808583009187e-15,3.950032845293245e-15,51.137309176216384,2.4483564778588323e-13,2.9684413214656956e-13,2.770332340981158e-13,2.2737367544323206e-13
4579,19,0.0,0.0,90.29660563461789,0.0,0.0,0.0,-38.20762357929175
4580,20,0.0,0.0,57.01703300868262,0.0,0.0,0.0,0.0
4581,21,0.0,0.0,75.37646149694834,0.0,0.0,0.0,0.0
4582,22,0.0,0.0,45.43277905740579,0.0,0.0,0.0,32.94613014749899
4583,23,0.0,0.0,34.035942316928605,0.0,0.0,0.0,115.15841443175432
4584,0,0.0,0.0,30.554477689343273,0.0,0.0,0.0,140.2723268450193
4585,1,0.0,0.0,58.79196681567747,0.0,0.0,0.0,0.0
4586,2,0.0,0.0,23.56340574770431,0.0,0.0,0.0,190.70316190966537
4587,3,0.0,0.0,61.77066312678615,0.0,0.0,0.0,0.0
4588,4,0.0,0.0,88.89422651266113,0.0,0.0,0.0,-28.091413820917523
4589,5,0.0,0.0,90.743196921422,0.0,0.0,0.0,-41.42915694558201
4590,6,0.0,0.0,30.570581047403817,0.0,0.0,0.0,140.15616357261734
4591,7,11.830224964679877,10.340106896668773,34.67601811211205,410.2250951455995,733.4739478101524,679.8401484301178,520.7662552957163
4592,8,17.153457993978172,17.330214884777497,73.42481050176343,1259.4894026578063,1063.5143956266468,1058.250396341428,1259.4894026578063
4593,9,31.18360968738117,24.0160325725062,35.74627569538616,1114.697909062442,1933.3838006176327,1681.1546602075805,1217.5186532149328
4594,10,37.83702798206935,36.63450928145342,68.55404705916399,2593.881396861687,2345.8957348882996,2333.167718143774,2593.881396861687
4595,11,35.48253339208613,35.019453526307444,29.66008990000494,1052.415130289202,2199.91707030934,2181.50736146847,1199.139217817631
4596,12,45.98620675320131,50.0,54.85822696997802,2522.7217675554534,2851.1448186984812,2824.7630238206903,2522.7217675554534
4597,13,28.94141175367379,27.729784797276956,95.92352534364161,2776.162243834295,1794.367528727775,1806.4143042253997,2697.3642412492263
4598,14,25.936570787875112,30.630995041992986,49.789359509145285,1291.3652473919096,1608.067388848257,1606.9562215076576,1292.8847247969352
4599,15,22.722392808948147,25.582867634380687,80.66846768192153,1832.9806099645598,1408.788354154785,1297.7001420686588,1832.9806099645598
4600,16,19.053362056717305,18.572466979308338,81.2050526887811,1547.2292697141513,1181.3084475164728,1180.7812852911948,1547.229269714151
4601,17,10.126455209918806,10.037567882525506,99.16141645701528,1004.1536423040708,627.840223014966,628.93985368363,901.9987705494434
4602,18,4.4306492439541184e-15,3.809626128203683e-15,74.12308524752208,3.284133916114804e-13,2.747002531251553e-13,2.7072093196071684e-13,3.410605131648481e-13
4603,19,0.0,0.0,52.90959173963479,0.0,0.0,0.0,0.0
4604,20,0.0,0.0,24.514694759860504,0.0,0.0,0.0,183.84093825192795
4605,21,0.0,0.0,95.0337261225345,0.0,0.0,0.0,-72.37934202272572
4606,22,0.0,0.0,79.19714289166123,0.0,0.0,0.0,0.0
4607,23,0.0,0.0,56.83462790653851,0.0,0.0,0.0,0.0
4608,0,0.0,0.0,52.326385745776705,0.0,0.0,0.0,0.0
4609,1,0.0,0.0,59.3561239480054,0.0,0.0,0.0,0.0
4610,2,0.0,0.0,69.31735287126088,0.0,0.0,0.0,0.0
4611,3,0.0,0.0,10.50830935786388,0.0,0.0,0.0,284.8774771341702
4612,4,0.0,0.0,17.75129761857844,0.0,0.0,0.0,232.6294171226992
4613,5,0.0,0.0,18.80516561191215,0.0,0.0,0.0,225.02722916134027
4614,6,0.0,0.0,55.580692295992556,0.0,0.0,0.0,0.0
4615,7,10.069434439480315,10.467118818836324,66.56475679076878,670.2694544845983,624.3049352477796,615.8716617787014,670.2694544845983
4616,8,18.713952057339807,16.907850884202684,82.70868384456729,1547.8063441929075,1160.265027555068,1160.3219430107915,1547.8063441929075
4617,9,30.875463426797747,39.72938280519362,-0.7925884572393045,-24.471535923994196,1914.2787324614603,2471.9936267978096,341.9261599339271
4618,10,31.708665134826255,28.929337090086804,35.85153428404851,1136.8042951826371,1965.9372383592279,1868.3512805973273,1238.8657454001948
4619,11,40.18808373486179,40.32927286005288,61.41604098184093,2468.1929976419265,2491.661191561431,2489.5758209496207,2468.1929976419265
4620,12,45.251001199014134,45.61767028835647,62.2181768761937,2815.4347964251147,2805.5620743388763,2799.778705058433,2815.4347964251147
4621,13,31.93689463549291,26.71461544172904,70.02829903094799,2236.486407654176,1980.0874674005604,1930.586654140196,2236.486407654176
4622,14,25.672338397534627,27.01642653957224,58.5795222733026,1503.8733189661414,1591.6849806471469,1576.5983938862612,1503.8733189661414
4623,15,26.40756888810429,27.45907757622344,65.53032983382647,1730.4966993469684,1637.269271062466,1616.3306707813758,1730.4966993469682
4624,16,22.50304554233735,19.596626175819722,77.9718093963648,1754.6031778648446,1395.1888236249158,1384.9549055548348,1754.6031778648444
4625,17,10.36602067275802,11.26983752127479,52.52355131109719,544.4602186975001,642.6932817109973,639.3903380454061,544.4602186975001
4626,18,4.692358069932676e-15,4.143729845023409e-15,70.43561381883512,3.3050912091347253e-13,2.909262003358259e-13,2.8589347472631797e-13,2.8421709430404007e-13
4627,19,0.0,0.0,53.85316463811557,0.0,0.0,0.0,0.0
4628,20,0.0,0.0,85.04010901870696,0.0,0.0,0.0,-0.2893306382627543
4629,21,0.0,0.0,50.24206067797535,0.0,0.0,0.0,0.0
4630,22,0.0,0.0,36.35450106957655,0.0,0.0,0.0,98.4332462431592
4631,23,0.0,0.0,46.972707631705696,0.0,0.0,0.0,21.83769290208744
4632,0,0.0,0.0,68.40365182184709,0.0,0.0,0.0,0.0
4633,1,0.0,0.0,50.392147078308476,0.0,0.0,0.0,0.0
4634,2,0.0,0.0,72.04306212544687,0.0,0.0,0.0,0.0
4635,3,0.0,0.0,69.82910060223068,0.0,0.0,0.0,0.0
4636,4,0.0,0.0,38.35160381332883,0.0,0.0,0.0,84.0269348908958
4637,5,0.0,0.0,60.01512857283139,0.0,0.0,0.0,0.0
4638,6,0.0,0.0,84.45477238232769,0.0,0.0,0.0,0.0
4639,7,7.343783849202099,8.860112694088022,55.1561627009261,405.05493682702433,455.3145986505301,444.78338643766324,405.0549368270244
4640,8,18.394617974416004,16.89916472853284,67.53863447716293,1242.3473797211336,1140.4663144137924,1123.4988657825786,1242.3473797211336
4641,9,13.186179627429414,12.82558499807907,55.47723451381582,731.5327795322022,817.5431369006237,810.189864493571,731.5327795322021
4642,10,25.26053522821834,26.360726231951567,64.46627367351317,1628.452577161744,1566.153184149537,1545.708508456243,1628.452577161744
4643,11,20.427650450005295,19.385854341015854,73.46122328821865,1500.640190961519,1266.5143279003282,1259.321681580436,1500.6401909615192
4644,12,38.44489992742453,35.731745341608566,77.21734316617257,2968.613030685103,2383.583795500321,2372.495152716601,2968.613030685103
4645,13,36.05498720686311,37.52284825422272,62.06102989074239,2237.6096387554658,2235.4092068255127,2212.5453813422573,2237.609638755466
4646,14,36.5766779843244,40.01368539693121,74.33769878390034,2719.026070514426,2267.754035028113,2161.474467414238,2719.026070514426
4647,15,18.76234667285138,21.695149594506432,94.18686854206325,1767.1666796164707,1163.2654937167854,999.8098708072694,1700.8962341006772
4648,16,17.6838709409406,17.26386527977209,69.21724363057892,1224.0288032508004,1096.3999983383173,1092.163372977362,1224.0288032508006
4649,17,8.565677584239848,7.773884725280536,80.0870668135006,685.9999929919212,531.0720102228706,529.5401286658386,685.9999929919211
4650,18,5.2156581454555194e-15,4.7290071406575704e-15,96.76113464845653,5.046730000927406e-13,3.233708050182422e-13,3.2851512027231516e-13,-84.8401856797874
4651,19,0.0,0.0,118.2399949301345,0.0,0.0,0.0,-239.78021051207963
4652,20,0.0,0.0,49.85534474838099,0.0,0.0,0.0,1.0434859198319941
4653,21,0.0,0.0,79.03621424558928,0.0,0.0,0.0,0.0
4654,22,0.0,0.0,86.78210661958194,0.0,0.0,0.0,-12.855414126761389
4655,23,0.0,0.0,59.23407978869384,0.0,0.0,0.0,0.0
4656,0,0.0,0.0,35.28639543510393,0.0,0.0,0.0,106.13813893105791
4657,1,0.0,0.0,49.803266602942735,0.0,0.0,0.0,1.4191571166089716
4658,2,0.0,0.0,30.65548530596721,0.0,0.0,0.0,139.54369774539649
4659,3,0.0,0.0,40.79567992108115,0.0,0.0,0.0,66.39633401817707
4660,4,0.0,0.0,61.056844291018514,0.0,0.0,0.0,0.0
4661,5,0.0,0.0,56.11203982902274,0.0,0.0,0.0,0.0
4662,6,0.0,0.0,66.42018546409774,0.0,0.0,0.0,0.0
4663,7,10.151297803123573,7.995307107679022,39.48161487436764,400.7896303379392,629.3804637936615,559.5505364087957,476.66511121488674
4664,8,10.60280187033406,9.60029054912504,56.78855487090847,602.1177957988367,657.3737159607117,637.9163909256415,602.1177957988367
4665,9,26.015608310350636,27.998559165142282,74.4843295145,1937.7551419083215,1612.9677152417394,1551.287212139621,1937.7551419083213
4666,10,32.651324214357174,36.083491898293886,28.14306840581606,918.9084509051322,2024.3821012901449,2116.4368353076434,1076.575733039713
4667,11,29.512869914658488,34.14690518541156,43.47513754318352,1283.0760788338607,1829.7979347088262,1865.276470525575,1330.143862590935
4668,12,32.40494762954845,31.964909991786495,64.93265300201166,2104.13921997783,2009.106753032004,2003.2540279212292,2104.13921997783
4669,13,34.91129120290474,40.34204350052418,60.58873497609136,2115.2309703659453,2164.500054580094,2089.90368243092,2115.2309703659453
4670,14,28.159946889106642,26.862136678048373,94.05453270637152,2648.5706456911657,1745.9167071246118,1757.0011737459813,2583.2548186886165
4671,15,25.188049529117283,23.788380910864632,32.79811548603095,826.1205573238561,1561.6590708052715,1509.309486211325,950.2081662008558
4672,16,13.86109754920385,14.372397455468702,86.51127969087983,1199.1412869017431,859.3880480506386,835.7971307430604,1188.2395113995672
4673,17,4.784515632921858,5.440479911000012,117.96697813294698,564.4148510456358,296.6399692411552,240.58209992195077,326.6040760055095
4674,18,5.184864622268835e-15,5.7691327147758225e-15,94.040247165654,4.875859505986165e-13,3.2146160658066777e-13,2.8900533352814813e-13,-65.2127767473446
4675,19,0.0,0.0,50.7967594594063,0.0,0.0,0.0,0.0
4676,20,0.0,0.0,123.5514059992764,0.0,0.0,0.0,-278.09463465540125
4677,21,0.0,0.0,57.59234981667588,0.0,0.0,0.0,0.0
4678,22,0.0,0.0,13.816359195603965,0.0,0.0,0.0,261.01451060409204
4679,23,0.0,0.0,73.56329939542678,0.0,0.0,0.0,0.0
4680,0,0.0,0.0,37.18499906757374,0.0,0.0,0.0,92.44236131046944
4681,1,0.0,0.0,88.2741708450815,0.0,0.0,0.0,-23.618576842032553
4682,2,0.0,0.0,64.4330119544442,0.0,0.0,0.0,0.0
4683,3,0.0,0.0,93.47364092699296,0.0,0.0,0.0,-61.12550286330395
4684,4,0.0,0.0,32.281827581050514,0.0,0.0,0.0,127.81190615205188
4685,5,0.0,0.0,82.8821060094348,0.0,0.0,0.0,0.0
4686,6,0.0,0.0,46.23530562221792,0.0,0.0,0.0,27.15702009929811
4687,7,8.462391552547796,7.73411571848676,70.93094804010066,600.2454555087545,524.6682762579634,518.2581460546623,600.2454555087545
4688,8,15.358168466274897,18.6202674273026,68.7476016226573,1055.8372473731242,952.2064449090436,874.1297307097402,1055.8372473731242
4689,9,22.858574814665886,24.15917677390895,92.9481452806655,2124.662132782526,1417.231638509285,1346.7582851573018,2067.327348207971
4690,10,29.156642509199724,31.2036013691724,81.3768946481641,2372.677025765329,1807.7118355703828,1726.4043405172856,2372.677025765329
4691,11,30.975454767151486,30.588322345146484,59.23256088475736,1834.755510428348,1920.478195563392,1913.6741189667382,1834.755510428348
4692,12,37.16223222901464,32.02125027085085,87.82632691884578,3263.8223567795067,2304.058398198908,2323.9526883989383,3243.434349350468
4693,13,31.983170939223392,31.741248304095688,72.13482785679653,2307.100530015377,1982.9565982318502,1981.0456805836322,2307.100530015377
4694,14,35.564412446213026,33.76098563355554,84.9729156044007,3022.0118173121573,2204.9935716652076,2208.112935043437,3022.0118173121573
4695,15,25.849847404628314,22.698262158774668,85.97387959471354,2222.411668307233,1602.6905390869554,1610.5077616886522,2215.386485098732
4696,16,12.325424833136543,13.448709400688914,85.10036499110332,1048.8981519703286,764.1763396544657,714.3300744832371,1048.1741585177008
4697,17,9.993977741090195,9.674712529908504,60.65647904228371,606.1995014014873,619.6266199475921,614.3563045475566,606.1995014014874
4698,18,3.5335326070054236e-15,2.7786616084851435e-15,91.56725606890201,3.2355588505348054e-13,2.1907902163433626e-13,2.2411811924144957e-13,-47.37359455071589
4699,19,0.0,0.0,67.97014132557744,0.0,0.0,0.0,0.0
4700,20,0.0,0.0,50.39755351832862,0.0,0.0,0.0,0.0
4701,21,0.0,0.0,85.13878442254156,0.0,0.0,0.0,-1.0011360748627567
4702,22,0.0,0.0,49.88271099186781,0.0,0.0,0.0,0.8460766350837616
4703,23,0.0,0.0,21.21745961616834,0.0,0.0,0.0,207.62589184545533
4704,0,0.0,0.0,53.394128809079746,0.0,0.0,0.0,0.0
4705,1,0.0,0.0,47.811538581622365,0.0,0.0,0.0,15.786697341533852
4706,2,0.0,0.0,48.765042812912206,0.0,0.0,0.0,8.908493966852689
4707,3,0.0,0.0,49.59381688187196,0.0,0.0,0.0,2.930044778162653
4708,4,0.0,0.0,33.2292089645638,0.0,0.0,0.0,120.97787058581594
4709,5,0.0,0.0,49.336063059734606,0.0,0.0,0.0,4.7893791692265495
4710,6,0.0,0.0,83.28522571934732,0.0,0.0,0.0,0.0
4711,7,10.732934058915596,10.851870126206956,79.54076694735795,853.705806641566,665.441911652767,660.9906153122596,853.7058066415661
4712,8,20.881260576446294,24.13149327863508,53.46752342604084,1116.4692890364054,1294.6381557396703,1278.9252168449214,1116.4692890364054
4713,9,31.089508233998117,35.756357559357305,68.91062249280051,2142.3973653998573,1927.5495105078833,1814.8998035668928,2142.3973653998573
4714,10,16.980441201713866,18.867593149535484,78.30765500701709,1329.698531490748,1052.7873545062596,985.0677206764054,1329.698531490748
4715,11,36.679277248878755,29.255457684937014,56.00145910667789,2054.0930449155844,2274.1151894304826,2125.646922260174,2054.0930449155844
4716,12,40.6199934128673,39.825225518892196,87.2348121353169,3543.477494309289,2518.439591597773,2521.162553112891,3527.356441180745
4717,13,40.17571335015536,43.2636607359075,47.38971507513362,1903.9156086041048,2490.8942277096326,2499.425782154018,1922.7451743154263
4718,14,37.99215084654336,37.87161717165534,74.64198494150581,2835.8095513831067,2355.5133524856883,2354.7879192020832,2835.8095513831067
4719,15,21.88681287732521,21.555333037335117,50.505831291472134,1105.4116786902068,1356.982398394163,1348.986896971075,1105.4116786902068
4720,16,6.508936480407799,7.475577727186265,100.68307797578517,655.3397591963311,403.5540617852835,341.8302990555403,542.2082215286775
4721,17,7.020282361748242,7.322141162443676,75.97081072169655,533.3365425172406,435.257506428391,425.307179806119,533.3365425172406
4722,18,4.117402907867521e-15,3.992706228714597e-15,79.8657474377205,3.288394607390834e-13,2.552789802877863e-13,2.550170312929674e-13,3.410605131648481e-13
4723,19,0.0,0.0,75.64739649748667,0.0,0.0,0.0,0.0
4724,20,0.0,0.0,30.62966855353126,0.0,0.0,0.0,139.7299296129657
4725,21,0.0,0.0,36.247599534153075,0.0,0.0,0.0,99.20439174789772
4726,22,0.0,0.0,79.10238537330176,0.0,0.0,0.0,0.0
4727,23,0.0,0.0,59.41419559164765,0.0,0.0,0.0,0.0
4728,0,0.0,0.0,82.51658857099225,0.0,0.0,0.0,0.0
4729,1,0.0,0.0,23.493556573357424,0.0,0.0,0.0,191.20702629845945
4730,2,0.0,0.0,67.02394367418187,0.0,0.0,0.0,0.0
4731,3,0.0,0.0,60.06564827685622,0.0,0.0,0.0,0.0
4732,4,0.0,0.0,76.63961679015048,0.0,0.0,0.0,0.0
4733,5,0.0,0.0,55.17068379820039,0.0,0.0,0.0,0.0
4734,6,0.0,0.0,64.79275136308725,0.0,0.0,0.0,0.0
4735,7,9.72528395120611,9.213830481305134,45.62386967239131,443.7050875168264,602.9676049747789,588.7583546816091,475.27276535154925
4736,8,19.575824807754945,16.661264409722502,56.28999817591249,1101.9231427205082,1213.7011380808065,1156.0438430194197,1101.9231427205082
4737,9,25.45903085188424,31.50011233740581,52.93028451776216,1347.5537465367177,1578.459912816823,1553.3117626396079,1347.5537465367174
4738,10,33.395380504105454,33.926889669433635,34.36176096239542,1147.5240821303119,2070.513591254538,2080.6376708944736,1260.3321693865357
4739,11,33.50073000583682,36.99931005195558,68.66337741625195,2300.27326811073,2077.045260361883,1993.6768205617204,2300.27326811073
4740,12,34.318903912068,38.55887153398267,87.89953985675858,3016.615862259089,2127.772042548216,1924.7860313896076,2995.6997255778697
4741,13,35.126876443091604,34.18240299658827,94.30953942197284,3312.799538680517,2177.8663394716796,2186.1136275904823,3245.644193829743
4742,14,17.456498063129544,15.776139708323877,72.33010131909259,1262.6302735827035,1082.3028799140318,1069.2760294576888,1262.6302735827035
4743,15,31.290052671702377,28.599518248870126,73.95300775582199,2313.9935079104844,1939.9832656455474,1922.3999662092124,2313.9935079104844
4744,16,9.609355413671015,7.825200255048929,88.6852695678779,852.2082752349608,595.7800356476029,603.8336267080233,825.624194381855
4745,17,10.844468073493813,9.388563349172216,115.99913440222812,1257.9489095778806,672.3570205566164,708.7536934937423,1034.3333829124429
4746,18,4.334419319506845e-15,4.612741379771072e-15,123.22589947912843,5.341127193659428e-13,2.687339978094244e-13,2.4311935776962707e-13,-275.7465590287893
4747,19,0.0,0.0,55.37291464602436,0.0,0.0,0.0,0.0
4748,20,0.0,0.0,84.7296564688011,0.0,0.0,0.0,0.0
4749,21,0.0,0.0,79.15195389585664,0.0,0.0,0.0,0.0
4750,22,0.0,0.0,58.48991233379968,0.0,0.0,0.0,0.0
4751,23,0.0,0.0,32.06390063478276,0.0,0.0,0.0,129.38394517197855
4752,0,0.0,0.0,67.45795095758669,0.0,0.0,0.0,0.0
4753,1,0.0,0.0,75.17672617109451,0.0,0.0,0.0,0.0
4754,2,0.0,0.0,39.06040453016696,0.0,0.0,0.0,78.91392613587692
4755,3,0.0,0.0,74.77965981101087,0.0,0.0,0.0,0.0
4756,4,0.0,0.0,53.43004348753674,0.0,0.0,0.0,0.0
4757,5,0.0,0.0,85.76107683419076,0.0,0.0,0.0,-5.49010804308773
4758,6,0.0,0.0,90.89883289133424,0.0,0.0,0.0,-42.55185343537528
4759,7,6.5645249764263225,7.0965583750410595,64.84535738662102,425.6789681697648,407.000548538432,396.86174940905664,425.6789681697648
4760,8,15.717799042880989,13.277035357645136,73.35043283269235,1152.907362972598,974.5035406586213,957.4494967397736,1152.907362972598
4761,9,30.404095924598415,30.380462116814186,43.85190606644608,1333.2775585207057,1885.0539473251017,1884.3659418816894,1377.627482783153
4762,10,17.218014083849454,20.28493381617681,43.77489275014185,753.7167198909417,1067.5168731986662,1089.8482936580574,798.6221878360664
4763,11,21.46810636629408,21.65189734270705,82.6994335734119,1775.4002363862783,1331.022594710233,1323.418373191266,1775.4002363862783
4764,12,32.553136551175385,25.156412402671588,41.56624793466705,1353.1117449372282,2018.2944661728739,1790.2881213614244,1413.9495052883558
4765,13,25.429194828270365,25.82369479030478,122.32512595943248,3110.6294604151217,1576.6100793527626,1540.7475050653322,2841.3807262094215
4766,14,23.29478076189089,22.580396972833054,106.09777047530618,2471.5243025476775,1444.2764072372352,1456.830507777703,2319.3333092416515
4767,15,25.07967175277589,27.88379048812852,77.76525832900714,1950.3271526613205,1554.9396486721052,1456.2162379640858,1950.3271526613205
4768,16,11.538354856907892,11.381584960936685,143.30790616496978,1653.5374751318795,715.3780011282893,722.5080417340749,1232.9272420635175
4769,17,7.988888268731983,9.058046026760316,75.92349862749438,606.5443475062787,495.3110726613829,460.1311066913406,606.5443475062787
4770,18,4.7579131432066985e-15,5.0066520142862085e-15,79.65116466234907,3.789733232187116e-13,2.949906148788153e-13,2.8564699891289387e-13,3.410605131648481e-13
4771,19,0.0,0.0,73.37985556235891,0.0,0.0,0.0,0.0
4772,20,0.0,0.0,73.72018809875188,0.0,0.0,0.0,0.0
4773,21,0.0,0.0,62.328932077787854,0.0,0.0,0.0,0.0
4774,22,0.0,0.0,71.6312371373972,0.0,0.0,0.0,0.0
4775,23,0.0,0.0,37.346914720294734,0.0,0.0,0.0,91.27436566617877
4776,0,0.0,0.0,55.90771215587873,0.0,0.0,0.0,0.0
4777,1,0.0,0.0,40.00122962604602,0.0,0.0,0.0,72.12718504223096
4778,2,0.0,0.0,51.253508014534326,0.0,0.0,0.0,0.0
4779,3,0.0,0.0,29.193558746651178,0.0,0.0,0.0,150.08945922588958
4780,4,0.0,0.0,36.05895107834516,0.0,0.0,0.0,100.56522728777901
4781,5,0.0,0.0,99.82581542303551,0.0,0.0,0.0,-106.94758379538371
4782,6,0.0,0.0,44.075998114831975,0.0,0.0,0.0,42.73341262792417
4783,7,9.902541351580073,11.067164823769879,73.51581887571753,727.9934364120637,613.9575637979646,579.1414087738387,727.9934364120637
4784,8,21.53837591264153,17.205052267712464,49.20720358031811,1059.8432483227716,1335.379306583775,1226.6362946797458,1065.562168942468
4785,9,30.839311404031466,33.514742361310134,37.11393874937842,1144.5683145222313,1912.0373070499509,1953.7943005554393,1237.5232769354307
4786,10,29.084658455554386,33.678753674797655,66.53289928944012,1935.0866518911632,1803.248824244372,1706.009634652441,1935.0866518911632
4787,11,30.85294196226337,33.509708875741154,51.276016001537826,1582.0159457515344,1912.882401660329,1907.3164218361476,1582.0159457515344
4788,12,27.490798587709083,28.529961114740615,86.33328665667082,2373.3709948934898,1704.4295124379632,1656.7146937025634,2363.7531909232594
4789,13,29.536652898299458,32.382230728710155,73.95355822175267,2184.3405797900887,1831.2724796945663,1744.647547985272,2184.3405797900887
4790,14,37.03505223298064,27.49716390379622,96.2603046264522,3565.005409803285,2296.1732384447996,2393.4141890806472,3483.778014328772
4791,15,27.65366975516796,27.223498578731316,52.199356464612826,1443.5037651046948,1714.5275248204136,1704.6979058160553,1443.503765104695
4792,16,22.72186755371519,19.181862309132132,86.0316156020221,1954.7989751412833,1408.7557883303416,1417.689740989526,1947.3573071524547
4793,17,6.39825326502225,6.692524746712768,96.97672242992823,620.4816309184448,396.6917024313795,379.2646795475103,534.086280030787
4794,18,2.532239280308262e-15,2.2271303412847447e-15,67.56835695456341,1.7109924758623542e-13,1.5699883537911224e-13,1.5354386343613102e-13,1.7053025658242404e-13
4795,19,0.0,0.0,68.19002328488358,0.0,0.0,0.0,0.0
4796,20,0.0,0.0,46.530923115366704,0.0,0.0,0.0,25.024552122475143
4797,21,0.0,0.0,37.32864770694144,0.0,0.0,0.0,91.40613669431781
4798,22,0.0,0.0,60.12838719476943,0.0,0.0,0.0,0.0
4799,23,0.0,0.0,73.45919174440317,0.0,0.0,0.0,0.0
4800,0,0.0,0.0,50.71726133014688,0.0,0.0,0.0,0.0
4801,1,0.0,0.0,49.05552973849955,0.0,0.0,0.0,6.813035880449831
4802,2,0.0,0.0,24.03347452575357,0.0,0.0,0.0,187.3122711832163
4803,3,0.0,0.0,8.819527967350432,0.0,0.0,0.0,297.05967987449293
4804,4,0.0,0.0,60.19040172670955,0.0,0.0,0.0,0.0
4805,5,0.0,0.0,44.10856167083489,0.0,0.0,0.0,42.49851198098327
4806,6,0.0,0.0,26.481913106712092,0.0,0.0,0.0,169.65020114974902
4807,7,9.636020952752041,8.728455571975534,52.3567885630569,504.5111116124247,597.4332990706265,576.8021520238325,504.51111161242477
4808,8,19.591659541781944,22.60025789221513,66.67480402835075,1306.2700605384791,1214.6828915904805,1150.468857548398,1306.2700605384791
4809,9,25.49771360209864,23.68487527797993,70.7719332710571,1804.5224856122497,1580.8582433301156,1564.6858219140638,1804.5224856122497
4810,10,32.1397499211986,26.58176950748749,66.14365003261767,2125.8403709236118,1992.6644951143132,1923.7885429937128,2125.8403709236118
4811,11,35.802548225672425,35.42339765608688,49.61696985720032,1776.4139561241493,2219.7579899916905,2210.3598814642364,1779.1769844719581
4812,12,23.381799648971988,24.86136934865662,91.78626902531471,2146.128152876552,1449.6715782362633,1371.6496714955133,2097.174685257146
4813,13,32.964145361205205,34.786739582921605,72.55729681265434,2391.7892791484487,2043.7770123947228,1991.4747167485075,2391.7892791484487
4814,14,20.28551531179878,16.392134596613822,68.54700842220194,1390.5113889265774,1257.7019493315242,1216.4720454960234,1390.5113889265774
4815,15,18.907495694322602,21.670697965074933,64.09508281324266,1211.877502318636,1172.2647330480013,1122.1986758676323,1211.877502318636
4816,16,16.561827454054253,16.97997809287614,89.8762902159435,1488.5156107669607,1026.8333021513636,1005.7813565473979,1453.3399768068928
4817,17,11.284843661731415,12.057854197926927,103.55879527297067,1168.6448144527242,699.6603070273477,647.521910444319,1034.7689866508008
4818,18,5.690815215566937e-15,7.501560833610183e-15,99.37338169118611,5.655155525505428e-13,3.5283054336515006e-13,2.401718773745136e-13,-103.68390533533432
4819,19,0.0,0.0,84.734921168168,0.0,0.0,0.0,0.0
4820,20,0.0,0.0,87.66773982704296,0.0,0.0,0.0,-19.244022710121158
4821,21,0.0,0.0,115.95831495528799,0.0,0.0,0.0,-223.32107127815925
4822,22,0.0,0.0,68.25670696794789,0.0,0.0,0.0,0.0
4823,23,0.0,0.0,60.470813257409716,0.0,0.0,0.0,0.0
4824,0,0.0,0.0,64.2414637029623,0.0,0.0,0.0,0.0
4825,1,0.0,0.0,65.85816580998369,0.0,0.0,0.0,0.0
4826,2,0.0,0.0,23.282301922806063,0.0,0.0,0.0,192.73093400925575
4827,3,0.0,0.0,54.394300448652814,0.0,0.0,0.0,0.0
4828,4,0.0,0.0,73.42673735720939,0.0,0.0,0.0,0.0
4829,5,0.0,0.0,92.23519081152804,0.0,0.0,0.0,-52.19181228907121
4830,6,0.0,0.0,62.903754160364635,0.0,0.0,0.0,0.0
4831,7,7.691520559104865,9.510973368560213,55.49616987065333,426.8499315117061,476.8742746645016,463.46452111926897,426.8499315117061
4832,8,21.576972574105366,20.374107683103986,63.20763939410384,1363.8295016805205,1337.7722995945326,1320.2173640551296,1363.8295016805205
4833,9,20.58908300869615,18.79279940054571,54.39243560943984,1119.8903718079173,1276.5231465391612,1238.4317432032954,1119.8903718079173
4834,10,29.054300499131337,25.9801986815317,96.66672013474367,2808.5839350602723,1801.3666309461428,1833.6448233056738,2724.4248184366334
4835,11,36.95159332867538,46.98140551870228,71.92296355280692,2657.6681001964625,2290.9987863778733,2011.1298714285372,2657.6681001964625
4836,12,35.78848349629134,36.421591819077264,66.46382015387991,2378.6393306776067,2218.8859767700633,2205.54019565333,2378.6393306776067
4837,13,22.402961662361474,22.62909513350015,105.57260284186023,2365.138974061909,1388.9836230664114,1373.1620243547907,2216.7363328891024
4838,14,25.131567417385916,26.70114382465418,58.53079646477245,1470.9706573477222,1558.1571798779269,1540.6352205913997,1470.970657347722
4839,15,17.802446918694567,17.265084540277066,45.95504945411474,818.1123285528614,1103.751708959063,1088.956127503396,847.2910060900242
4840,16,15.961331714730347,14.498628347039984,94.88624532771306,1514.5108368409105,989.6025663132815,1003.0077804577339,1443.195363092025
4841,17,9.608437199257592,8.67244706684068,108.88487217773255,1046.2134562689334,595.7231063539707,614.128092589998,873.9174107710814
4842,18,2.262082230127184e-15,2.0325433464361807e-15,84.653918086018,1.9149412381302355e-13,1.402490982678854e-13,1.4059121187219387e-13,2.2737367544323206e-13
4843,19,0.0,0.0,67.88817254346317,0.0,0.0,0.0,0.0
4844,20,0.0,0.0,55.86394238792465,0.0,0.0,0.0,0.0
4845,21,0.0,0.0,43.84001512106788,0.0,0.0,0.0,44.4357008515222
4846,22,0.0,0.0,75.80344233639637,0.0,0.0,0.0,0.0
4847,23,0.0,0.0,73.68150615188472,0.0,0.0,0.0,0.0
4848,0,0.0,0.0,71.71120553567764,0.0,0.0,0.0,0.0
4849,1,0.0,0.0,50.997251009659706,0.0,0.0,0.0,0.0
4850,2,0.0,0.0,26.87856738700002,0.0,0.0,0.0,166.7888936487141
4851,3,0.0,0.0,36.55367596293741,0.0,0.0,0.0,96.99647713536694
4852,4,0.0,0.0,65.32220218126986,0.0,0.0,0.0,0.0
4853,5,0.0,0.0,36.57623946806438,0.0,0.0,0.0,96.83371291050452
4854,6,0.0,0.0,60.463239522796236,0.0,0.0,0.0,0.0
4855,7,10.930937933111153,8.751375562836055,41.94528426245628,458.50129885961366,677.7181518528914,611.1520572875419,516.6048406688897
4856,8,21.206879128159677,22.419693663190372,46.30746122504303,982.0367329314286,1314.8265059459,1319.818054550175,1008.6732509767584
4857,9,21.85687381361292,13.408083297457887,43.085701848719275,941.7187484784062,1355.1261764440012,1104.317716313396,991.5957677060582
4858,10,32.954896478962205,28.990461614151165,61.652988980969766,2031.7678694864562,2043.2035816956568,1980.7230643543478,2031.7678694864562
4859,11,18.72457747461499,18.751481374592128,50.86493988662551,952.4245076487534,1160.9238034261293,1160.8812636558957,952.4245076487534
4860,12,28.834519496160386,25.1044243798873,59.44248535605763,1713.995502899472,1787.740208761944,1722.7689047973363,1713.995502899472
4861,13,38.40033910271317,34.43614965448586,84.24147601366387,3234.9012454377703,2380.8210243682165,2385.5031563154685,3234.9012454377703
4862,14,23.501775670348326,25.840112212147012,104.11157806716145,2446.806952420385,1457.1100915615962,1297.777072879652,2308.94356760959
4863,15,23.287753477685317,20.15828037507877,95.89840737720858,2233.2584699030726,1443.8407156164897,1474.8969981072182,2154.641658419013
4864,16,17.96043196141911,16.97487655620217,113.0694865871352,2030.7768207608326,1113.546781607985,1136.0195292378262,1828.2946177106878
4865,17,8.845782637157505,9.831651301773636,61.55073171932983,544.4643939471875,548.4385235037653,533.7112086021136,544.4643939471875
4866,18,3.010443754052206e-15,2.8758550207905028e-15,85.67278955147037,2.5791311419745306e-13,1.8664751275123677e-13,1.8695095545455782e-13,-4.853238414174257
4867,19,0.0,0.0,82.98026237998305,0.0,0.0,0.0,0.0
4868,20,0.0,0.0,114.03717104425228,0.0,0.0,0.0,-209.46269697995717
4869,21,0.0,0.0,63.78025336855764,0.0,0.0,0.0,0.0
4870,22,0.0,0.0,78.52620866774214,0.0,0.0,0.0,0.0
4871,23,0.0,0.0,91.19441340316985,0.0,0.0,0.0,-44.68405464359387
4872,0,0.0,0.0,55.955318896321856,0.0,0.0,0.0,0.0
4873,1,0.0,0.0,41.469406553887275,0.0,0.0,0.0,61.536335868917604
4874,2,0.0,0.0,42.3489720887742,0.0,0.0,0.0,55.19149708185881
4875,3,0.0,0.0,16.623246321902542,0.0,0.0,0.0,240.7667341696449
4876,4,0.0,0.0,44.16602594850993,0.0,0.0,0.0,42.08398735103651
4877,5,0.0,0.0,28.895143189131694,0.0,0.0,0.0,152.2421113352686
4878,6,0.0,0.0,78.14437424797865,0.0,0.0,0.0,0.0
4879,7,8.215422280376925,7.687264155996635,32.98533371101472,270.9884454951384,509.3561813833694,489.676481660442,393.7255359532075
4880,8,12.818721840515005,11.813083406427078,75.17561631382344,963.6553147161846,794.7607541119303,789.11078800205,963.6553147161846
4881,9,29.173826199230607,28.946171304253316,81.88639660820428,2388.9395027290184,1808.7772243522977,1808.6440001286378,2388.9395027290184
4882,10,31.331159171046032,31.451187026812224,77.57054192716602,2430.374996104338,1942.531868604854,1938.3353133896837,2430.374996104338
4883,11,33.08244196889816,24.140613273059447,56.712903243724156,1876.2013304482405,2051.111402071686,1877.0558221664785,1876.2013304482405
4884,12,45.235859116896044,46.00118705646701,72.42007738402899,3275.9844177786445,2804.6232652475546,2782.7922117410935,3275.9844177786445
4885,13,27.620442489261567,29.43741133173119,78.53747008387167,2169.239675703678,1712.4674343342172,1646.7443324313526,2169.239675703678
4886,14,29.159365371905842,31.21668845683732,68.53022456608934,1998.2978571413566,1807.8806530581621,1759.1986680547213,1998.2978571413566
4887,15,23.687591884815234,21.019726445857295,74.8413252805839,1772.8107693651764,1468.6306968585445,1452.9729784845615,1772.8107693651764
4888,16,12.743299817805354,15.100171879495809,97.89809211718217,1247.5447394403793,790.084588703932,647.7940587740086,1154.502991101893
4889,17,11.021547282888543,12.909717028878703,55.24288885767349,608.862111588205,683.3359315390896,670.0175165127845,608.862111588205
4890,18,4.854591255651975e-15,5.6350436826044324e-15,77.41869620529326,3.758361256221934e-13,3.0098465785042243e-13,2.7384569664032964e-13,3.410605131648481e-13
4891,19,0.0,0.0,88.96525229081362,0.0,0.0,0.0,-28.60376576540432
4892,20,0.0,0.0,64.74688327086015,0.0,0.0,0.0,0.0
4893,21,0.0,0.0,42.693514444164336,0.0,0.0,0.0,52.70610444929616
4894,22,0.0,0.0,44.673468968688766,0.0,0.0,0.0,38.4234935857063
4895,23,0.0,0.0,60.76459980924742,0.0,0.0,0.0,0.0
4896,0,0.0,0.0,63.0067769305075,0.0,0.0,0.0,0.0
4897,1,0.0,0.0,72.54345097938972,0.0,0.0,0.0,0.0
4898,2,0.0,0.0,65.61565727351537,0.0,0.0,0.0,0.0
4899,3,0.0,0.0,66.23363712443454,0.0,0.0,0.0,0.0
4900,4,0.0,0.0,14.917748934235355,0.0,0.0,0.0,253.0695195191066
4901,5,0.0,0.0,72.38223045503966,0.0,0.0,0.0,0.0
4902,6,0.0,0.0,52.156251026002316,0.0,0.0,0.0,0.0
4903,7,10.122064710031527,9.183695070011693,34.05705961019397,344.7277612077844,627.5680120219547,593.3576774156387,459.7338438165268
4904,8,22.25162348844251,20.769701668452853,70.45017325243148,1567.6307299086488,1379.6006562834357,1366.0227401676993,1567.6307299086486
4905,9,26.59341155880703,27.872523251279148,65.2446582887852,1735.0780498873953,1648.791516646036,1623.7774349686408,1735.0780498873953
4906,10,32.74634615658217,34.447312860271815,79.23789004094658,2594.7513759980316,2030.2734617080946,1967.2571315490134,2594.7513759980316
4907,11,35.010420690648616,42.7824266695758,53.67459845446796,1879.1702722925613,2170.6460828202144,2131.0613283828984,1879.1702722925613
4908,12,32.65794491837213,34.11208248417343,70.67006936215776,2307.939232606886,2024.7925849390722,1986.4941107221314,2307.939232606886
4909,13,31.253819458971925,37.47555161864749,38.701652310398536,1209.5744540730996,1937.7368064562593,2022.4950568409088,1291.0762771974855
4910,14,36.478160336393586,39.32637983899332,109.35193504382407,3988.957419623511,2261.6459408564024,2048.912657469037,3813.292166862265
4911,15,32.1105040962723,31.227626571037092,47.07728339221917,1511.6753012072256,1990.8512539688827,1967.2854539963892,1532.7586258272756
4912,16,21.62178351940803,19.60462357583847,65.31232000902727,1412.1688443854894,1340.5505782032978,1314.29570850984,1412.1688443854891
4913,17,10.498041428448285,11.510756832202194,66.14699458611514,694.4138895323812,650.8785685637937,629.9318231848044,694.4138895323812
4914,18,5.342462050632422e-15,5.106734221671025e-15,91.63125590534165,4.895365073260758e-13,3.3123264713921015e-13,3.328175495082828e-13,-47.835264123364254
4915,19,0.0,0.0,64.50873642220756,0.0,0.0,0.0,0.0
4916,20,0.0,0.0,96.5643105626284,0.0,0.0,0.0,-83.420374370162
4917,21,0.0,0.0,74.82557242986466,0.0,0.0,0.0,0.0
4918,22,0.0,0.0,32.69709255516811,0.0,0.0,0.0,124.81634844750056
4919,23,0.0,0.0,72.91982485288973,0.0,0.0,0.0,0.0
4920,0,0.0,0.0,71.58763850990475,0.0,0.0,0.0,0.0
4921,1,0.0,0.0,36.28135026925179,0.0,0.0,0.0,98.96092725929248
4922,2,0.0,0.0,27.112932362355213,0.0,0.0,0.0,165.0982771716225
4923,3,0.0,0.0,58.82524939079153,0.0,0.0,0.0,0.0
4924,4,0.0,0.0,66.52261062322731,0.0,0.0,0.0,0.0
4925,5,0.0,0.0,37.25311709106063,0.0,0.0,0.0,91.95098476105409
4926,6,0.0,0.0,80.97119488060437,0.0,0.0,0.0,0.0
4927,7,11.637232519885416,12.870795967748325,50.29251008610272,585.2656338806598,721.5084162328958,720.4405973210298,585.2656338806598
4928,8,15.8417400124711,16.595571397125116,88.56449450709542,1403.0156963173304,982.1878807732081,945.4720572149237,1377.3028391079074
4929,9,22.23764050137564,19.656530445949176,34.178975928344,760.0597793996857,1378.7337110852898,1284.8696614884698,874.1864057843126
4930,10,33.62206498795794,30.288492312258164,45.97015264830181,1545.6114598475503,2084.5680292533925,1992.820156934601,1574.6811888999378
4931,11,41.429416202915256,35.93808430474008,53.268140458747965,2206.8679614208186,2568.623804580746,2447.5460060370833,2206.8679614208186
4932,12,38.32271842805836,32.25370402520284,44.98160706762782,1723.8174620942607,2376.0085425396182,2204.475165430342,1760.0181689922526
4933,13,18.298131807413746,18.89801624942209,86.33415802027486,1579.753802937076,1134.4841720596523,1106.9388597013537,1570.1297132935524
4934,14,31.70857450429929,36.42799206572394,68.17075343345647,2161.597414258971,1965.931619266556,1856.3776944131291,2161.597414258971
4935,15,29.617399574071328,32.16910001380739,72.17419340315193,2137.6119249574535,1836.2787735924223,1764.2755495505353,2137.6119249574535
4936,16,21.84201279071121,23.688626493512835,73.23787185334979,1599.6625337853345,1354.204793024095,1299.6422704372642,1599.6625337853345
4937,17,11.08465533926842,9.720405849544013,60.51722502012686,670.8125814370576,687.248631034642,664.5856076866627,670.8125814370576
4938,18,4.97809833303406e-15,5.2726680663742344e-15,87.0404072176007,4.332957060765438e-13,3.086420966481117e-13,2.9485608318531645e-13,-14.718692743334486
4939,19,0.0,0.0,78.95936941655359,0.0,0.0,0.0,0.0
4940,20,0.0,0.0,54.820758407916266,0.0,0.0,0.0,0.0
4941,21,0.0,0.0,93.5105801558155,0.0,0.0,0.0,-61.39196788779748
4942,22,0.0,0.0,68.79820494275654,0.0,0.0,0.0,0.0
4943,23,0.0,0.0,71.71547723131279,0.0,0.0,0.0,0.0
4944,0,0.0,0.0,37.17540326744396,0.0,0.0,0.0,92.51158162713875
4945,1,0.0,0.0,4.672178182621714,0.0,0.0,0.0,326.9770251249862
4946,2,0.0,0.0,84.8796003239822,0.0,0.0,0.0,0.0
4947,3,0.0,0.0,54.22500424620944,0.0,0.0,0.0,0.0
4948,4,0.0,0.0,60.62215778488228,0.0,0.0,0.0,0.0
4949,5,0.0,0.0,63.73424129813529,0.0,0.0,0.0,0.0
4950,6,0.0,0.0,70.48091387087683,0.0,0.0,0.0,0.0
4951,7,8.917086206127598,9.660452695292529,42.4707603800443,378.7154315486435,552.8593447799111,559.4838920632886,433.0283959417931
4952,8,20.22979273094386,17.64373385986528,40.54615390837245,820.2402896033241,1254.2471493185194,1172.5525550637954,888.4366058411521
4953,9,16.854810568330777,17.542769879103616,50.00376279966892,842.803949692165,1044.9982552365082,1044.6510397647883,842.803949692165
4954,10,26.302945190919168,30.50148051118829,79.00245100448998,2077.997138719377,1630.7826018369883,1476.4735655309464,2077.997138719377
4955,11,41.95158840433329,32.545713889703705,32.59165447667489,1367.2716740217115,2600.998481068664,2247.749020335457,1492.848611172978
4956,12,38.52524052533079,39.49112290724512,34.01088674401139,1310.277592292823,2388.5649125705086,2407.386474875042,1425.6167477433778
4957,13,35.93694644930432,36.80331373728772,57.00557486774145,2048.606291333833,2228.090679856868,2220.070745089214,2048.606291333833
4958,14,31.969718147802666,33.21009684449881,69.39464107430189,2218.5271161133614,1982.1225251637652,1951.431461292127,2218.5271161133614
4959,15,16.08383759182898,20.169403714122854,87.8541457012283,1413.0318112274363,997.1979306933969,801.8356285506067,1392.4431300765787
4960,16,19.584615635253694,18.968241795889572,73.61938380051988,1441.8073350374043,1214.246169385729,1210.063788028714,1441.8073350374043
4961,17,7.650598491281388,7.218178821641384,98.44366936775097,753.1529883411193,474.33710645944603,479.4538211813803,656.1756609429204
4962,18,4.496070964144004e-15,4.4018995180270124e-15,110.83911895147645,4.983405444090367e-13,2.7875639977692827e-13,2.807461802061701e-13,-186.39321078881414
4963,19,0.0,0.0,82.45353951424858,0.0,0.0,0.0,0.0
4964,20,0.0,0.0,98.23979118409416,0.0,0.0,0.0,-95.50663060962233
4965,21,0.0,0.0,79.52774000634939,0.0,0.0,0.0,0.0
4966,22,0.0,0.0,43.399922123692924,0.0,0.0,0.0,47.61035812139414
4967,23,0.0,0.0,40.3877050804945,0.0,0.0,0.0,69.33930357533592
4968,0,0.0,0.0,35.40440665711883,0.0,0.0,0.0,105.2868525299319
4969,1,0.0,0.0,47.03345877279941,0.0,0.0,0.0,21.39945813607983
4970,2,0.0,0.0,44.42261049190802,0.0,0.0,0.0,40.233087675526576
4971,3,0.0,0.0,62.746274369094664,0.0,0.0,0.0,0.0
4972,4,0.0,0.0,50.211905260390026,0.0,0.0,0.0,0.0
4973,5,0.0,0.0,62.27569978424425,0.0,0.0,0.0,0.0
4974,6,0.0,0.0,39.142866291730044,0.0,0.0,0.0,78.31907951847069
4975,7,10.69467494588913,8.389041942846454,67.30203060790568,719.7733405498323,663.0698466451261,636.5009376625119,719.7733405498323
4976,8,20.60075826403583,17.697543684777195,51.22199124858219,1055.2118595146005,1277.2470123702215,1208.7790322848425,1055.2118595146005
4977,9,24.59134736227664,25.420131785902967,52.55642601775112,1292.4333283223114,1524.6635364611516,1521.600736669757,1292.4333283223114
4978,10,24.487600672731723,21.367642435114234,56.78004441828304,1390.407053894885,1518.231241709367,1457.6573564634143,1390.407053894885
4979,11,41.39513365760541,42.55643741402838,87.69961944765942,3630.3374687569926,2566.4982867715357,2511.19174779297,3610.8634790400015
4980,12,37.392907343240516,43.002392832871166,42.21203944399856,1578.4308796986522,2318.360255280912,2370.163577201979,1634.610154861082
4981,13,41.71043217843503,44.07489068176599,77.1308128720488,3217.1595391671553,2586.046795062972,2504.67746431431,3217.1595391671553
4982,14,27.081407066843052,23.892443930201782,78.7896613270324,2133.7348910560663,1679.0472381442692,1669.774517812778,2133.734891056066
4983,15,26.05914075152509,26.593397288804045,52.65870492434528,1372.240603416541,1615.6667265945555,1613.624060217757,1372.240603416541
4984,16,20.44099677648243,22.261323568323466,76.63310894769704,1566.4571329717019,1267.3418001419107,1205.8304345365973,1566.4571329717019
4985,17,11.664411836169542,10.647653763461195,39.162771956038796,456.81070074122755,723.1935338425116,690.0188317365479,534.9861886500013
4986,18,2.8968559675329904e-15,2.5214785935780533e-15,121.89179843039923,3.531029836764304e-13,1.796050699870454e-13,1.9064824020292513e-13,-266.1228803555216
4987,19,0.0,0.0,74.10933711454375,0.0,0.0,0.0,0.0
4988,20,0.0,0.0,97.30992957920776,0.0,0.0,0.0,-88.79897581498722
4989,21,0.0,0.0,95.44440789535273,0.0,0.0,0.0,-75.3418383211399
4990,22,0.0,0.0,51.1386165742355,0.0,0.0,0.0,0.0
4991,23,0.0,0.0,57.90893217906375,0.0,0.0,0.0,0.0
4992,0,0.0,0.0,57.05736634859358,0.0,0.0,0.0,0.0
4993,1,0.0,0.0,88.85708567720114,0.0,0.0,0.0,-27.823494485673564
4994,2,0.0,0.0,46.1742909869645,0.0,0.0,0.0,27.59715560822741
4995,3,0.0,0.0,49.776722349020204,0.0,0.0,0.0,1.6106368929088717
4996,4,0.0,0.0,25.3683031573014,0.0,0.0,0.0,177.68334401452026
4997,5,0.0,0.0,39.44154098658771,0.0,0.0,0.0,76.16455809456164
4998,6,0.0,0.0,52.50609660058019,0.0,0.0,0.0,0.0
4999,7,11.745614344733262,11.400721664352822,87.71111583587154,1030.2209403543736,728.2280893734622,729.5329345697197,1010.6640202280539
5000,8,19.066297366397244,17.765738356946176,100.01379459951306,1906.8927485760908,1182.110436716629,1199.031159357502,1798.5891571578895
5001,9,23.600814882683796,20.98450982795507,74.53519704218625,1759.0913876369987,1463.2505227263953,1447.2947189157194,1759.0913876369987
5002,10,32.88915960141764,33.3110733309989,68.41397293787693,2250.0780749209016,2039.1278952878936,2029.205553424818,2250.0780749209016
5003,11,41.93712482652911,44.20983225405812,70.57093887855902,2959.5422728754857,2600.101739244805,2540.525728555357,2959.5422728754857
5004,12,36.643764467015615,44.28958114342435,52.91378900613512,1938.9604213981756,2271.913396954968,2240.2426178984583,1938.9604213981756
5005,13,29.734485955350667,27.088526442940893,104.04919287241883,3093.8492641305106,1843.5381292317413,1885.9711031918373,2956.435901504125
5006,14,33.46562863054713,38.67312068623096,44.67807864675337,1495.179987918626,2074.868975093922,2106.907558026088,1533.5702291052555
5007,15,26.201844460153175,30.157953846815513,70.62624925964197,1850.5379979051472,1624.5143565294968,1520.5366789515324,1850.5379979051472
5008,16,17.5655848082819,16.71275137404588,98.16609496178742,1724.3448663491317,1089.066258113478,1098.980081109695,1629.369851214656
5009,17,11.387784373503498,10.389514103528263,76.47832813188097,870.9187100119071,706.0426311572169,701.4094053723529,870.918710011907
5010,18,4.923417098660674e-15,4.075426321804333e-15,136.86938688153944,6.738650796557742e-13,3.0525186011696177e-13,3.397244152340144e-13,-374.1652949023985
5011,19,0.0,0.0,94.82274060587454,0.0,0.0,0.0,-70.85737573765084
5012,20,0.0,0.0,94.67065160478606,0.0,0.0,0.0,-69.76026568170118
5013,21,0.0,0.0,53.35096213752604,0.0,0.0,0.0,0.0
5014,22,0.0,0.0,81.79965041593223,0.0,0.0,0.0,0.0
5015,23,0.0,0.0,73.52327862283798,0.0,0.0,0.0,0.0
5016,0,0.0,0.0,84.64030927253361,0.0,0.0,0.0,0.0
5017,1,0.0,0.0,7.008662871858746,0.0,0.0,0.0,310.122546301477
5018,2,0.0,0.0,34.3882568379227,0.0,0.0,0.0,112.61695646258235
5019,3,0.0,0.0,57.57906564114821,0.0,0.0,0.0,0.0
5020,4,0.0,0.0,60.67484758096917,0.0,0.0,0.0,0.0
5021,5,0.0,0.0,56.42161308980757,0.0,0.0,0.0,0.0
5022,6,0.0,0.0,31.94146131938234,0.0,0.0,0.0,130.26717409194003
5023,7,9.514249407654098,9.1372687621703,67.25446974766976,639.8757989588574,589.8834632745541,585.5258883174189,639.8757989588576
5024,8,13.619846565000582,16.804005970081832,72.8721036139175,992.5068700903809,844.4304870300361,751.8028775321852,992.5068700903807
5025,9,28.911978156123208,24.33930622525262,59.33281855711281,1715.4291540644672,1792.542645679639,1712.519121462323,1715.4291540644672
5026,10,35.22457920326658,35.62114704548435,58.223272808349556,2050.890284511106,2183.923910602528,2179.64926973945,2050.890284511106
5027,11,34.74952580310709,36.20091434296723,83.48109105492716,2900.928327684724,2154.4705997926394,2093.0023156987904,2900.9283276847236
5028,12,37.281788404914685,34.524712147582925,62.84435179558194,2342.9498260869063,2311.4708811047103,2270.482155832394,2342.9498260869063
5029,13,30.11000399055854,31.804425474744097,50.87190143583635,1531.7531552403332,1866.8202474146294,1864.12632601632,1531.7531552403332
5030,14,23.112931747597663,25.15543984204318,111.56596004935871,2578.6164199760356,1433.001768351055,1274.794299624927,2386.9800642401365
5031,15,27.132015178567116,28.041639146847896,105.76238972634769,2869.546763376796,1682.1849410711611,1618.3266213073962,2719.7750744887157
5032,16,14.94135356408683,15.29136763884753,86.49775575552643,1292.3935512433468,926.3639209733834,910.2205036714873,1281.5893320757252
5033,17,9.203081246135977,9.78084168022315,105.19408809434927,968.1097393454816,570.5910372604305,530.4409566728408,822.4375542401586
5034,18,5.220140410120037e-15,4.748773641967594e-15,57.019562818147804,2.9765012403439126e-13,3.236487054274423e-13,3.1458181108728244e-13,2.8421709430404007e-13
5035,19,0.0,0.0,78.58120589137704,0.0,0.0,0.0,0.0
5036,20,0.0,0.0,40.7160257669269,0.0,0.0,0.0,66.97092766331491
5037,21,0.0,0.0,91.02223235943461,0.0,0.0,0.0,-43.44200851814162
5038,22,0.0,0.0,32.580414190508684,0.0,0.0,0.0,125.65802014146581
5039,23,0.0,0.0,49.09551328252488,0.0,0.0,0.0,6.524610367041589
5040,0,0.0,0.0,57.66393907653536,0.0,0.0,0.0,0.0
5041,1,0.0,0.0,67.33034891710425,0.0,0.0,0.0,0.0
5042,2,0.0,0.0,60.54495956022538,0.0,0.0,0.0,0.0
5043,3,0.0,0.0,73.71178243915888,0.0,0.0,0.0,0.0
5044,4,0.0,0.0,69.42687395553128,0.0,0.0,0.0,0.0
5045,5,0.0,0.0,83.49259291600282,0.0,0.0,0.0,0.0
5046,6,0.0,0.0,27.398584946425224,0.0,0.0,0.0,163.03769211781636
5047,7,11.538103925511749,12.259143939447616,52.148788423648426,601.6981404215795,715.3624433817284,713.0652203310947,601.6981404215795
5048,8,19.560450974933076,22.06342527803941,70.74299659497288,1383.7649167158245,1212.7479604458508,1146.5974889859983,1383.7649167158245
5049,9,32.82515988563003,28.55595661003432,86.90625898588831,2852.7118462737553,2035.1599129090619,2048.7346739713703,2838.960845953582
5050,10,30.337594486084793,32.9532849557147,53.89611036715195,1635.0783406959265,1880.9308581372572,1866.8842394574601,1635.0783406959265
5051,11,41.11702899598137,42.53899895831736,97.08404781279069,3991.8076089657566,2549.255797750845,2464.8546856509524,3904.6380551051398
5052,12,40.06800816494515,39.53618051266985,69.96837788023609,2803.493536193267,2484.216506226599,2479.151530391698,2803.493536193267
5053,13,29.0045257894531,28.087010384716766,62.74599945631539,1819.91795941571,1798.2805989460924,1784.5724596674997,1819.9179594157101
5054,14,25.57222353062206,26.409763902501165,58.088142716234834,1485.442970018233,1585.4778588985678,1576.59140613967,1485.442970018233
5055,15,25.066272089118833,23.132893099137146,95.52327414884243,2394.4123806583757,1554.1088695253677,1572.7513906167276,2318.5016322966712
5056,16,14.417003448786343,19.652419427643057,74.913090868007,1080.0222894033016,893.8542138247533,728.1985133189835,1080.0222894033018
5057,17,9.292729506953233,7.811345210480237,82.18526916889121,763.7254758426492,576.1492294311005,575.614378410926,763.7254758426491
5058,18,5.012635331414403e-15,3.480625082584546e-15,90.7410306956111,4.548516964737791e-13,3.10783390547693e-13,3.2006089688153754e-13,-41.41353064714065
5059,19,0.0,0.0,85.46080829123576,0.0,0.0,0.0,-3.3240892277649436
5060,20,0.0,0.0,113.24989913513187,0.0,0.0,0.0,-203.78362800007585
5061,21,0.0,0.0,76.4062823955828,0.0,0.0,0.0,0.0
5062,22,0.0,0.0,50.40434153832362,0.0,0.0,0.0,0.0
5063,23,0.0,0.0,42.39389050033194,0.0,0.0,0.0,54.86747338083774
5064,0,0.0,0.0,86.6942443668501,0.0,0.0,0.0,-12.221610496514472
5065,1,0.0,0.0,40.541900920154774,0.0,0.0,0.0,68.22699561706037
5066,2,0.0,0.0,61.69519392365116,0.0,0.0,0.0,0.0
5067,3,0.0,0.0,54.695846256330455,0.0,0.0,0.0,0.0
5068,4,0.0,0.0,61.76125127644875,0.0,0.0,0.0,0.0
5069,5,0.0,0.0,85.28806326888635,0.0,0.0,0.0,-2.077974783075206
5070,6,0.0,0.0,68.15492977727304,0.0,0.0,0.0,0.0
5071,7,10.703082819252193,10.680140981630462,78.81304463055739,843.5425439182751,663.591134793636,663.52482791538,843.5425439182751
5072,8,20.68952341858345,20.634041532115972,66.8250330497823,1382.578086231084,1282.7504519521738,1282.0912591638303,1382.578086231084
5073,9,28.367667314244574,32.127016840824254,50.86046628888139,1442.7927871303386,1758.7953734831635,1752.8722068001937,1442.7927871303386
5074,10,29.138016212826575,29.259536876986314,75.0789217589614,2187.650839454155,1806.5570051952477,1802.6867358274687,2187.650839454155
5075,11,31.40430509031569,35.23875437264622,55.076789327731845,1729.6482954431342,1947.066915599573,1920.8163269655765,1729.648295443134
5076,12,35.978888765462024,34.07771666097077,44.04146468735593,1584.5629590544029,2230.6911034586456,2175.6162360585913,1627.5454822049765
5077,13,30.42403438984898,34.50527199753598,87.18884234694636,2652.636337974617,1886.2901321706368,1694.5288859009179,2636.846892764662
5078,14,35.428143729903255,34.42447325555877,80.52590684553506,2852.8834017044164,2196.544911254002,2194.9334481851524,2852.8834017044164
5079,15,21.392834287588908,20.816924026565484,91.4505164926295,1956.3857448412393,1326.3557258305123,1330.1497577650578,1909.8542635409176
5080,16,19.47860842091409,15.326445295170814,82.97861366406606,1616.307922872654,1207.6737220966736,1208.6451632115145,1616.3079228726542
5081,17,7.602291418708391,6.77873216119051,87.34443473420798,664.0178466518045,471.3420679599202,474.23138235732915,647.1060193401044
5082,18,3.64933880401013e-15,3.3421676928828907e-15,65.83072273980144,2.402386109903895e-13,2.2625900584862805e-13,2.2238036914645972e-13,2.2737367544323206e-13
5083,19,0.0,0.0,44.223059643854306,0.0,0.0,0.0,41.67256877216187
5084,20,0.0,0.0,92.75625623592268,0.0,0.0,0.0,-55.95057270448399
5085,21,0.0,0.0,86.01676589903082,0.0,0.0,0.0,-7.334548089539226
5086,22,0.0,0.0,57.48185910297501,0.0,0.0,0.0,0.0
5087,23,0.0,0.0,86.75850965236137,0.0,0.0,0.0,-12.685194914048225
5088,0,0.0,0.0,63.34840609850467,0.0,0.0,0.0,0.0
5089,1,0.0,0.0,57.61024522578597,0.0,0.0,0.0,0.0
5090,2,0.0,0.0,90.35009161104598,0.0,0.0,0.0,-38.59345031345117
5091,3,0.0,0.0,25.75259722496106,0.0,0.0,0.0,174.91119821137997
5092,4,0.0,0.0,52.40525869602693,0.0,0.0,0.0,0.0
5093,5,0.0,0.0,40.281221205654205,0.0,0.0,0.0,70.10743624139116
5094,6,0.0,0.0,55.145743459732586,0.0,0.0,0.0,0.0
5095,7,11.26137781154154,11.614498289764551,60.70337293179803,683.6036170198817,698.2054243155754,693.3043888661193,683.6036170198817
5096,8,19.48982417686845,14.255465394503796,60.888636217602325,1186.7088142503737,1208.369098965844,1122.8735802580952,1186.7088142503737
5097,9,19.84656753908115,19.463397591068865,46.46496691945193,922.1701041680742,1230.4871874230312,1220.0836348654589,947.6704382686833
5098,10,25.13776134750822,25.00135641039298,70.45352686910176,1771.0439445257382,1558.5412035455097,1557.2917541209597,1771.0439445257382
5099,11,20.220876267674832,22.563552491178044,62.309232776017936,1259.947286297608,1253.6943285958396,1216.4773067916585,1259.947286297608
5100,12,41.605221065779375,42.63903480078343,85.14767878163786,3542.5879989480154,2579.523706078321,2533.5866078633594,3541.522702475386
5101,13,19.37407246175863,18.348114751337405,101.31877345707277,1962.9572586938345,1201.192492629035,1215.5446972119478,1845.2400646009892
5102,14,37.654763475133336,31.339232160826736,75.75243241825194,2852.4399253752995,2334.595335458267,2301.845038275531,2852.4399253752995
5103,15,28.208370253635163,25.661140076072872,68.2485846451855,1925.1813449579522,1748.91895572538,1721.374325504616,1925.1813449579522
5104,16,20.39125149115815,19.843178795261164,85.7231887167027,1748.0030997462954,1264.2575924518053,1265.5139896618293,1742.7863016362053
5105,17,9.422626740938442,8.627071500060191,101.6738167637339,958.0344246912343,584.2028579381835,595.5437863435944,837.756088245899
5106,18,3.7905128250079695e-15,2.597760408270392e-15,80.69261821335395,3.0586640422118984e-13,2.350117951504941e-13,2.3324588185290974e-13,2.2737367544323206e-13
5107,19,0.0,0.0,49.67046167643969,0.0,0.0,0.0,2.3771594659135644
5108,20,0.0,0.0,89.38229183263957,0.0,0.0,0.0,-31.612124501350877
5109,21,0.0,0.0,79.12325739872725,0.0,0.0,0.0,0.0
5110,22,0.0,0.0,68.92393884173855,0.0,0.0,0.0,0.0
5111,23,0.0,0.0,42.14661870248232,0.0,0.0,0.0,56.651194583765175
5112,0,0.0,0.0,72.5469221926739,0.0,0.0,0.0,0.0
5113,1,0.0,0.0,73.82933851028619,0.0,0.0,0.0,0.0
5114,2,0.0,0.0,55.63122659868887,0.0,0.0,0.0,0.0
5115,3,0.0,0.0,42.92728788586393,0.0,0.0,0.0,51.01975506264074
5116,4,0.0,0.0,45.843978822992376,0.0,0.0,0.0,29.979897253597926
5117,5,0.0,0.0,49.41446631472758,0.0,0.0,0.0,4.223809017168378
5118,6,0.0,0.0,53.67966955907826,0.0,0.0,0.0,0.0
5119,7,8.278509228349774,8.265506789208525,57.10619918306628,472.75419693299455,513.267572157686,513.018310840528,472.75419693299455
5120,8,16.321872157516776,17.06736599386547,70.96468636969989,1158.2765386245148,1011.95607376604,992.0470212608724,1158.2765386245148
5121,9,17.834133532726284,19.116589846053422,87.61877774771845,1562.6049823270773,1105.7162790290297,1044.769502094601,1543.7141527420517
5122,10,33.416452689443005,32.95048698363765,89.87211878917866,3003.20740561859,2071.820066745466,2074.338186933401,2968.0618626856094
5123,11,30.24179550946796,27.380435374344547,51.0086804824674,1542.5940843585686,1874.9913215870135,1807.052646867697,1542.5940843585684
5124,12,44.46713345651897,40.267117341702445,43.02209762661957,1913.0693567422804,2756.9622743041764,2632.0814026793105,1963.4051917367995
5125,13,40.81258446849202,42.10017152615227,81.47128037606942,3325.053512104529,2530.380237046505,2479.083926892395,3325.053512104529
5126,14,18.566670854882396,20.181706438732736,69.32713278516482,1287.1740557348814,1151.1335930027085,1111.3085662334813,1287.1740557348817
5127,15,26.51528847639419,26.994907460711847,56.25000141012288,1491.485014186988,1643.9478855364398,1639.9610518838972,1491.485014186988
5128,16,19.46205823666579,18.55915488522203,64.59906016874666,1257.2306710380249,1206.647610673279,1194.4126338286246,1257.2306710380249
5129,17,10.596914385496484,9.872397923598614,83.16635797198781,881.3067751827078,657.0086919007821,657.2802178332113,881.3067751827078
5130,18,4.93332479997162e-15,5.4108575783232534e-15,120.21364197442813,5.930529412473556e-13,3.0586613759824045e-13,2.6371572679627023e-13,-254.01732170153468
5131,19,0.0,0.0,78.91364269827199,0.0,0.0,0.0,0.0
5132,20,0.0,0.0,80.48507041424521,0.0,0.0,0.0,0.0
5133,21,0.0,0.0,44.5667116413268,0.0,0.0,0.0,39.19359883037805
5134,22,0.0,0.0,83.98541062462537,0.0,0.0,0.0,0.0
5135,23,0.0,0.0,74.75272722136592,0.0,0.0,0.0,0.0
5136,0,0.0,0.0,43.973123993131765,0.0,0.0,0.0,43.475505958845815
5137,1,0.0,0.0,37.10810333850739,0.0,0.0,0.0,92.99705676519989
5138,2,0.0,0.0,69.15930367788056,0.0,0.0,0.0,0.0
5139,3,0.0,0.0,46.33523025610309,0.0,0.0,0.0,26.436203209924656
5140,4,0.0,0.0,40.07341241634945,0.0,0.0,0.0,71.60648686851931
5141,5,0.0,0.0,49.99130549905528,0.0,0.0,0.0,0.0627186999036553
5142,6,0.0,0.0,67.27271591976609,0.0,0.0,0.0,0.0
5143,7,10.663167541765253,10.028108082947677,77.12981784594383,822.4481701571347,661.1163875894457,658.4792164277135,822.4481701571347
5144,8,16.686436919050173,16.29236295964606,70.65803719389449,1179.0308804598212,1034.5590889811108,1031.0098728585965,1179.0308804598212
5145,9,25.522277784373543,28.57138600573925,68.12709612310779,1738.758671896675,1582.3812226311597,1511.767321247409,1738.758671896675
5146,10,34.23556523924587,40.91575310976874,55.18845150910493,1889.407832092919,2122.605044833244,2075.940162350584,1889.4078320929193
5147,11,13.01574335470276,11.683197474940805,87.76677277150092,1142.3497894643704,806.9760879915711,812.0731820238304,1122.3913821606393
5148,12,17.206462267871235,12.464188764612873,77.5776386022671,1334.8367114404598,1066.8006606080166,1048.7004883976615,1334.8367114404598
5149,13,37.383204073171314,36.2583933272398,62.91805973564746,2352.078666985692,2317.7586525366214,2301.09856856673,2352.078666985692
5150,14,28.335231200084092,31.94290163372532,106.92586637319172,3029.7691449536846,1756.7843344052137,1498.268292908424,2871.6045945175642
5151,15,14.703130583101187,13.696357483992042,90.8254089316041,1335.41784778494,911.5940961522736,917.7545978284516,1293.395645829889
5152,16,16.08995737732978,16.9639659960682,78.99388623413307,1271.008262576839,997.5773573944465,965.4642200108855,1271.008262576839
5153,17,8.392740266911428,7.25990139944964,74.77497541198188,627.5669470974523,520.3498965485086,513.6448856110221,627.5669470974523
5154,18,4.322423002045342e-15,4.169868224500522e-15,43.484981151087226,1.8796048277096756e-13,2.679902261268112e-13,2.63507211138566e-13,46.996775852882365
5155,19,0.0,0.0,123.20291537164618,0.0,0.0,0.0,-275.5807607444608
5156,20,0.0,0.0,118.91394219638553,0.0,0.0,0.0,-244.6418002239725
5157,21,0.0,0.0,81.08355920115316,0.0,0.0,0.0,0.0
5158,22,0.0,0.0,41.79509793890194,0.0,0.0,0.0,59.18692670008562
5159,23,0.0,0.0,112.01457405399387,0.0,0.0,0.0,-194.87248019067624
5160,0,0.0,0.0,25.2707325214147,0.0,0.0,0.0,178.38718009096624
5161,1,0.0,0.0,58.716909030875854,0.0,0.0,0.0,0.0
5162,2,0.0,0.0,15.738011530176152,0.0,0.0,0.0,247.15246873906688
5163,3,0.0,0.0,7.4071852023932365,0.0,0.0,0.0,307.2477634228943
5164,4,0.0,0.0,57.990980983157215,0.0,0.0,0.0,0.0
5165,5,0.0,0.0,64.50289049122055,0.0,0.0,0.0,0.0
5166,6,0.0,0.0,64.87986092412036,0.0,0.0,0.0,0.0
5167,7,6.882901217715851,9.182112818941356,94.97469289774767,653.7014293980965,426.7398754983828,296.33235010770034,581.7479297708447
5168,8,7.780359905800873,8.087948620252996,70.03255505542931,544.8784834540545,482.38231415965413,474.52628498156446,544.8784834540545
5169,9,13.636494139764874,13.162932016850236,89.4049220381823,1219.1696954398085,845.4626366654222,847.8558735542791,1187.3943255631086
5170,10,19.551828204409837,22.927540479907393,58.56957370316001,1145.1422430497046,1212.2133486734099,1174.3649736037382,1145.1422430497046
5171,11,17.121669111529343,16.102446138010322,107.40508367168344,1838.954303522687,1061.5434849148191,1080.4539571198243,1677.3328685426645
5172,12,41.255045996616325,41.50442867402911,89.2093616592617,3680.3363185816224,2557.8128517902123,2545.4654909637147,3649.97164413144
5173,13,37.761641164405596,25.226944702154203,62.8165348817616,2372.0554493964487,2341.221752193147,2154.6102196985416,2372.0554493964487
5174,14,24.467229514109082,24.240977419038707,89.73321744664206,2195.5232263064486,1516.968229874763,1518.1673463139311,2161.3796628630503
5175,15,31.509820712465693,35.88302821452057,60.48164125333842,1905.7656722883623,1953.6088841728729,1894.1242902181611,1905.7656722883626
5176,16,13.315012166606637,12.579491884302987,84.18356115823353,1120.9051410501534,825.5307543296115,826.3675343281081,1120.9051410501534
5177,17,11.086832287984384,10.495981361963098,101.07343330807768,1120.584203857432,687.3836018550318,695.5403431913834,1004.6367968146974
5178,18,2.2936440205569887e-15,2.173528839629784e-15,97.19677210538488,2.2293479515695635e-13,1.422059292745333e-13,1.4351489395728055e-13,-87.98270243855313
5179,19,0.0,0.0,46.88792514488358,0.0,0.0,0.0,22.449280316004717
5180,20,0.0,0.0,52.2546951414115,0.0,0.0,0.0,0.0
5181,21,0.0,0.0,56.7698412091643,0.0,0.0,0.0,0.0
5182,22,0.0,0.0,66.8959791344039,0.0,0.0,0.0,0.0
5183,23,0.0,0.0,38.97147534170594,0.0,0.0,0.0,79.55542621957647
5184,0,0.0,0.0,25.07179084618013,0.0,0.0,0.0,179.82226685519814
5185,1,0.0,0.0,-1.7354552193823665,-0.0,0.0,0.0,373.19916472657474
5186,2,0.0,0.0,91.72345090597909,0.0,0.0,0.0,-48.50032248776802
5187,3,0.0,0.0,54.89147485243859,0.0,0.0,0.0,0.0
5188,4,0.0,0.0,24.49714909806842,0.0,0.0,0.0,183.96750573447187
5189,5,0.0,0.0,77.98290543958842,0.0,0.0,0.0,0.0
5190,6,0.0,0.0,92.3714338359811,0.0,0.0,0.0,-53.174615720684756
5191,7,8.88019551932881,8.816533110657074,68.03784490853367,604.1893655015492,550.5721221983862,549.8736426765221,604.1893655015492
5192,8,16.986170292050446,19.776283467151107,76.40270403945192,1297.7893415872607,1053.1425581071276,959.6643360211295,1297.7893415872609
5193,9,27.456118841814856,31.725803775229135,87.00241851115031,2388.7487421674555,1702.2793681925211,1502.6586897046288,2374.304084966211
5194,10,30.15981867946097,27.82649325984974,76.28739662680812,2300.814049792655,1869.90875812658,1858.7450734196555,2300.814049792655
5195,11,39.52040458090984,36.12031251156417,72.1840398096319,2852.742457561155,2450.26508401641,2423.5336616845248,2852.742457561155
5196,12,25.67090827003554,24.926069581295348,47.0492833605464,1207.797837319496,1591.5963127422035,1571.6994089336379,1229.0831431222432
5197,13,38.19236276162233,36.82761059142699,12.86004934328043,491.15566965092916,2367.9264912205845,2296.474941856019,759.0686222730442
5198,14,18.29890435953542,20.581391101025268,105.04767725281566,1922.2573992406183,1134.532070291196,976.3338350712461,1777.641364188205
5199,15,26.98586434253601,28.147142743680593,74.47726378028541,2009.8333369780528,1673.1235892372326,1637.0118028527054,2009.833336978053
5200,16,7.772651778604237,6.933704194531083,83.55190811378327,649.4198872063753,481.9044102734627,482.4614136534976,649.4198872063754
5201,17,9.136253310719532,8.20102218129932,107.20368808502374,979.4400501881422,566.4477052646109,583.6585449548845,819.2714035213238
5202,18,4.7827243683906935e-15,4.847435121741403e-15,68.40337031266552,3.271544660744379e-13,2.96528910840223e-13,2.9500793551714184e-13,3.410605131648481e-13
5203,19,0.0,0.0,80.74020188950253,0.0,0.0,0.0,0.0
5204,20,0.0,0.0,76.14108379962126,0.0,0.0,0.0,0.0
5205,21,0.0,0.0,82.3255685703917,0.0,0.0,0.0,0.0
5206,22,0.0,0.0,69.3255530826187,0.0,0.0,0.0,0.0
5207,23,0.0,0.0,64.15717784035002,0.0,0.0,0.0,0.0
5208,0,0.0,0.0,45.25665057028706,0.0,0.0,0.0,34.21665157228472
5209,1,0.0,0.0,43.28241903824245,0.0,0.0,0.0,48.45797902580023
5210,2,0.0,0.0,56.805189279484054,0.0,0.0,0.0,0.0
5211,3,0.0,0.0,40.84147501585763,0.0,0.0,0.0,66.06598627026057
5212,4,0.0,0.0,36.778879706198495,0.0,0.0,0.0,95.37194617256898
5213,5,0.0,0.0,83.04745210575163,0.0,0.0,0.0,0.0
5214,6,0.0,0.0,49.00707984261979,0.0,0.0,0.0,7.162534316227436
5215,7,7.75654629137585,6.871084704534867,55.36581446747905,429.447502876728,480.9058700653027,462.7754781324998,429.447502876728
5216,8,17.258855233593227,18.89832547987755,88.24213486040371,1522.9582310589178,1070.0490244827802,990.8582365371074,1499.5707491724095
5217,9,21.256522128574268,22.14965726979344,52.872701966600395,1123.8897593505535,1317.9043719716046,1314.2506655552197,1123.8897593505535
5218,10,36.883548542874806,41.04726134601346,63.623575349381206,2346.6632298701547,2286.7800096582378,2213.79233437324,2346.6632298701547
5219,11,30.205946803254978,24.224302236537945,77.48926784757076,2340.636702426899,1872.7687018018087,1849.5416821648296,2340.636702426899
5220,12,40.10790400541681,42.573565711789215,61.059444718832516,2448.9663474069894,2486.690048335842,2451.3711558114464,2448.9663474069894
5221,13,37.49308076055312,31.02336149678441,60.428631126386975,2265.655547071301,2324.5710071542935,2216.665621961803,2265.655547071301
5222,14,28.43232800435066,24.743162806676622,55.86918949062485,1588.4911209346665,1762.8043362697408,1688.6590961322524,1588.4911209346662
5223,15,20.381352520944954,17.208963365441992,97.69157377552534,1991.0864034448834,1263.6438562985873,1299.3924955795242,1899.5343969532646
5224,16,20.574929834558674,17.786129511021358,104.51692121550342,2150.42832053308,1275.6456497426377,1321.3476474590143,2009.6409501547969
5225,17,4.748868290347201,6.254521287580509,110.49296697252021,524.7165471621818,294.4298340015265,179.82523621077166,340.82034019535195
5226,18,2.628970253226632e-15,2.7964119011038665e-15,94.91793995028536,2.4953644062685195e-13,1.629961557000512e-13,1.5351101752045454e-13,-71.54410625284527
5227,19,0.0,0.0,41.953402769922455,0.0,0.0,0.0,58.04497809910174
5228,20,0.0,0.0,90.38881152818345,0.0,0.0,0.0,-38.872760520981274
5229,21,0.0,0.0,66.36150589521242,0.0,0.0,0.0,0.0
5230,22,0.0,0.0,50.65887837143714,0.0,0.0,0.0,0.0
5231,23,0.0,0.0,70.47333920738427,0.0,0.0,0.0,0.0
5232,0,0.0,0.0,57.869842288821424,0.0,0.0,0.0,0.0
5233,1,0.0,0.0,71.03083502773114,0.0,0.0,0.0,0.0
5234,2,0.0,0.0,56.817742192348845,0.0,0.0,0.0,0.0
5235,3,0.0,0.0,45.51395291601017,0.0,0.0,0.0,32.36057395396932
5236,4,0.0,0.0,46.371258847803325,0.0,0.0,0.0,26.176307162392334
5237,5,0.0,0.0,69.5482993338693,0.0,0.0,0.0,0.0
5238,6,0.0,0.0,35.74127340398617,0.0,0.0,0.0,102.85682870928616
5239,7,8.696528962105104,8.734216334024353,53.86673998874554,468.4536644063108,539.1847956505164,538.9837928794682,468.45366440631074
5240,8,10.219488520321079,10.657665408270201,25.404463629347035,259.6206244250264,633.6082882599069,646.8606942963476,437.0431210592284
5241,9,29.232740036407908,31.388766313835553,67.5006923988074,1973.230193171872,1812.4298822572903,1764.1869282623177,1973.230193171872
5242,10,25.29370917949299,19.64827536529199,81.84622457726019,2070.1946018966905,1568.2099691285653,1564.7361554929685,2070.194601896691
5243,11,28.91040669375224,23.71290533211361,55.21535821982198,1596.2984618762691,1792.4452150126388,1685.436555239211,1596.2984618762691
5244,12,42.10872500145669,47.03436103889346,38.78538699384983,1633.2031949990976,2610.740950090315,2677.327009532847,1714.1009891497333
5245,13,40.49756742607296,47.13869182433861,83.9977124251666,3401.703022574071,2510.8491804165237,2225.2998213774,3401.703022574071
5246,14,25.605788478980266,30.175940950172855,66.86264868468145,1712.0708393643213,1587.5588856967765,1488.9427150147435,1712.0708393643213
5247,15,19.505267855842078,19.006864613182312,98.77849123054384,1926.7009298477053,1209.326607062209,1215.3492462680601,1827.3083296158834
5248,16,20.334150792577695,21.13308301837714,82.39613024119983,1675.4553370494284,1260.717349139817,1227.9649924758041,1675.4553370494284
5249,17,8.245904206650318,7.792429963877976,77.77592361615604,641.3328157225749,511.2460608123197,509.58269131125144,641.3328157225749
5250,18,4.410399640429665e-15,5.383807581534382e-15,99.1013825074682,4.3707670177702044e-13,2.7344477770663924e-13,2.1321347917109968e-13,-101.72181052551036
5251,19,0.0,0.0,82.10593342210284,0.0,0.0,0.0,0.0
5252,20,0.0,0.0,104.88880692862747,0.0,0.0,0.0,-143.47000720680035
5253,21,0.0,0.0,53.826723987575264,0.0,0.0,0.0,0.0
5254,22,0.0,0.0,36.00408351510792,0.0,0.0,0.0,100.96102024415467
5255,23,0.0,0.0,56.99871097197703,0.0,0.0,0.0,0.0
5256,0,0.0,0.0,62.875733960973044,0.0,0.0,0.0,0.0
5257,1,0.0,0.0,47.09879553749258,0.0,0.0,0.0,20.928144490417935
5258,2,0.0,0.0,85.96789369215185,0.0,0.0,0.0,-6.982003268811695
5259,3,0.0,0.0,75.10872976375043,0.0,0.0,0.0,0.0
5260,4,0.0,0.0,42.838538999159944,0.0,0.0,0.0,51.65995452059258
5261,5,0.0,0.0,58.608058097373195,0.0,0.0,0.0,0.0
5262,6,0.0,0.0,26.396213925474697,0.0,0.0,0.0,170.26840123554948
5263,7,7.750130431894785,8.324040838290276,85.57443726951294,663.2130504747236,480.5080867774767,454.7004568859826,659.0692866233961
5264,8,14.46037659252482,17.16382998540777,52.42068085906425,758.0227864586266,896.5433487365389,887.0113746881923,758.0227864586266
5265,9,29.976710682678636,31.34621335372575,62.3092726954143,1867.827040438562,1858.5560623260753,1836.7993336967804,1867.827040438562
5266,10,33.93616695122985,27.801199080737753,55.1618136393871,1871.9805169988686,2104.042350976251,1977.486308772525,1871.9805169988683
5267,11,21.936653965422906,22.33658920597196,47.47107303861193,1041.3565026153467,1360.0725458562201,1361.1368370017378,1059.5991840732063
5268,12,24.999587774510598,25.552787550705276,95.04649960588759,2376.123309557374,1549.974442019657,1518.5482002561464,2303.6518246647765
5269,13,37.69624375643522,41.05173183013567,46.805463612919056,1764.390165485556,2337.1671128989838,2348.888404796949,1787.4342907627336
5270,14,27.384219690924883,33.29226726969431,69.04117985707734,1890.6388369268636,1697.8216208373428,1554.2473513585594,1890.6388369268636
5271,15,28.78678127017931,24.520576746294893,94.25249045629872,2713.225826935134,1784.7804387511173,1821.8510591493093,2646.48201081737
5272,16,18.13936971385362,19.373328360781656,65.18145604724047,1182.3505297281947,1124.6409222589243,1100.6073317323974,1182.3505297281947
5273,17,8.157462264406524,7.992681314149143,118.23346295054938,964.4850124092134,505.7626603932045,510.15820826015613,724.7519210210468
5274,18,3.736311550473761e-15,4.887978535691024e-15,67.76066659010618,2.531749612484152e-13,2.316513161293732e-13,2.0550751595266892e-13,2.8421709430404007e-13
5275,19,0.0,0.0,58.078235584026515,0.0,0.0,0.0,0.0
5276,20,0.0,0.0,75.93037750563644,0.0,0.0,0.0,0.0
5277,21,0.0,0.0,101.21179232889614,0.0,0.0,0.0,-116.94547443738452
5278,22,0.0,0.0,62.38157150404458,0.0,0.0,0.0,0.0
5279,23,0.0,0.0,76.94983854433818,0.0,0.0,0.0,0.0
5280,0,0.0,0.0,26.532232122695348,0.0,0.0,0.0,169.28721961889784
5281,1,0.0,0.0,43.523157802077726,0.0,0.0,0.0,46.72138455302223
5282,2,0.0,0.0,43.945396557448035,0.0,0.0,0.0,43.67552074161517
5283,3,0.0,0.0,25.6244046470307,0.0,0.0,0.0,175.83592889761607
5284,4,0.0,0.0,21.523980164070622,0.0,0.0,0.0,205.41477353280914
5285,5,0.0,0.0,52.48993043124328,0.0,0.0,0.0,0.0
5286,6,0.0,0.0,94.09477691821523,0.0,0.0,0.0,-65.60613287076774
5287,7,2.8063089058013864,3.3401312529916134,71.83598211802746,201.5939563748096,173.99115215968595,159.1535719517793,201.59395637480958
5288,8,16.11562457506414,14.730548947501584,51.01338276226778,822.112524900756,999.1687236539766,966.2870796027509,822.112524900756
5289,9,17.28481903332167,13.979274441094537,29.41572391065754,508.44546452986884,1071.6587800659436,939.6412556723516,656.9323119050086
5290,10,17.678210599118298,16.686530617214785,68.41190852595975,1209.400126409533,1096.0490571453345,1085.446938424073,1209.4001264095332
5291,11,27.851586020800113,31.08060068628645,62.851994205921315,1750.5277232050478,1726.798333289607,1673.3097287422822,1750.527723205048
5292,12,27.29754419541408,26.57962393507268,83.85258094650708,2288.9695342868135,1692.447740115673,1693.086284032067,2288.9695342868135
5293,13,10.229312281300855,7.7868092485038485,88.35425089484232,903.8032237837476,634.217361440653,644.6363177356086,879.6069810536839
5294,14,29.046326016983326,31.023527559452216,90.42512376013676,2626.5176248629973,1800.8722130529661,1699.972840965434,2587.3829222255918
5295,15,15.436934546860883,17.348948686459863,104.73303696187484,1616.7570364744236,957.0899419053748,825.3210091177024,1474.4106923577624
5296,16,14.299459509016014,17.015618405412443,86.41353593565833,1235.6668581428466,886.5664895589929,761.577223134683,1225.4701675317035
5297,17,10.884679388244741,8.19186923003218,85.36124839193997,929.1298209265885,674.8501220711739,680.2921198526363,926.5239175367542
5298,18,2.895073721108823e-15,3.2928361187776312e-15,88.18494286605988,2.5530191068901293e-13,1.7949457070874702e-13,1.6031002147334955e-13,-22.97492140109921
5299,19,0.0,0.0,46.57501560733084,0.0,0.0,0.0,24.706486279583658
5300,20,0.0,0.0,89.40754227646696,0.0,0.0,0.0,-31.79427124202209
5301,21,0.0,0.0,102.47501456414636,0.0,0.0,0.0,-126.05786131134403
5302,22,0.0,0.0,63.6859033727882,0.0,0.0,0.0,0.0
5303,23,0.0,0.0,41.66856709170427,0.0,0.0,0.0,60.099670316355684
5304,0,0.0,0.0,53.20971139690596,0.0,0.0,0.0,0.0
5305,1,0.0,0.0,42.15295257283938,0.0,0.0,0.0,56.60550454167088
5306,2,0.0,0.0,50.54804338087673,0.0,0.0,0.0,0.0
5307,3,0.0,0.0,44.61175091530171,0.0,0.0,0.0,38.868703275558744
5308,4,0.0,0.0,10.292295981352083,0.0,0.0,0.0,286.43571241676545
5309,5,0.0,0.0,59.23091158036549,0.0,0.0,0.0,0.0
5310,6,0.0,0.0,106.98697893524701,0.0,0.0,0.0,-158.60539235036686
5311,7,10.175916939684438,9.257056821305635,36.12662497940684,367.62153510157304,630.9068502604351,598.8340090998527,467.69858956390937
5312,8,15.223601807870383,15.010895380612208,87.35326636398793,1329.8313437421898,943.8633120879637,944.6109644961685,1312.855808537265
5313,9,17.64244217058687,20.084375768038917,77.86657313277547,1373.7565135167647,1093.8314145763861,1007.5500463041863,1373.7565135167647
5314,10,25.442871603527525,27.426520549131443,50.42356893704969,1282.920390256974,1577.4580394187064,1575.4159498516933,1282.920390256974
5315,11,33.17407971943361,30.989461727815073,39.412150561847135,1307.461824653037,2056.7929426048836,1985.9219970288768,1383.838393677388
5316,12,39.07828918902893,34.47496517805275,69.24032237179603,2705.7933411866347,2422.8539297197935,2376.499569915635,2705.7933411866347
5317,13,40.16449642258094,49.65622907923827,72.51716518945072,2912.6154218274046,2490.1987782000183,2218.294271666618,2912.6154218274046
5318,14,28.854908907431238,26.429556144334388,47.81305326327487,1379.6412964979543,1789.0043522607368,1725.6051215818675,1395.4170675235769
5319,15,19.395425799897684,24.961164249422108,104.53635916985077,2027.5271976702943,1202.5163995936564,820.3146414580036,1886.5996095574687
5320,16,16.792534399599248,20.055543442513645,75.86763179788196,1274.0098167820624,1041.1371327751533,933.99773265961,1274.0098167820624
5321,17,8.649612647838433,8.556557179745651,97.93357819456543,847.0875165997873,536.2759841659829,537.3414863649026,753.7897856980337
5322,18,4.74875364834099e-15,4.05362192702943e-15,101.5642305639468,4.823035104314878e-13,2.9442272619714136e-13,3.04274948287525e-13,-119.48782483095579
5323,19,0.0,0.0,99.3870966990593,0.0,0.0,0.0,-103.78283999167036
5324,20,0.0,0.0,55.21010929971114,0.0,0.0,0.0,0.0
5325,21,0.0,0.0,108.75868774463595,0.0,0.0,0.0,-171.38580077624954
5326,22,0.0,0.0,44.084335424826165,0.0,0.0,0.0,42.67327056262866
5327,23,0.0,0.0,75.21230968137134,0.0,0.0,0.0,0.0
5328,0,0.0,0.0,43.364790951227214,0.0,0.0,0.0,47.86378054059338
5329,1,0.0,0.0,51.891634207822584,0.0,0.0,0.0,0.0
5330,2,0.0,0.0,47.50496002583073,0.0,0.0,0.0,17.998234100210198
5331,3,0.0,0.0,60.19148758759079,0.0,0.0,0.0,0.0
5332,4,0.0,0.0,74.31047100536244,0.0,0.0,0.0,0.0
5333,5,0.0,0.0,45.07774955655713,0.0,0.0,0.0,35.50717291030384
5334,6,0.0,0.0,44.960025936414524,0.0,0.0,0.0,36.35638466497977
5335,7,6.516011328750232,6.721439957127913,24.09404067402319,156.997041987304,403.9927023825144,410.5422701822548,343.8724128697675
5336,8,18.491579186315423,17.950619907111314,66.25672979333673,1225.1915655997905,1146.4779095515562,1139.82007883447,1225.1915655997905
5337,9,25.84372773963976,23.231152115219952,59.00766153876235,1524.9779393605868,1602.311119857665,1555.9529147862756,1524.9779393605868
5338,10,23.62356149577428,27.169981250091134,72.69636807123807,1717.3471216503344,1464.6608127380052,1362.2740427619906,1717.3471216503342
5339,11,18.97458957858148,19.65314727318667,77.8774782788527,1477.6931877561242,1176.4245538720518,1152.4396782843685,1477.6931877561242
5340,12,20.258279794335348,22.00006627606225,97.92500762174656,1983.7922032637632,1256.0133472487917,1150.7985409926569,1890.556297093302
5341,13,23.630080157700224,21.52589156997216,72.03480845784439,1702.188298003445,1465.0649697774138,1448.2863937454038,1702.1882980034452
5342,14,34.689158477599335,34.315238342548845,79.00583773129243,2740.6460257163003,2150.7278256111586,2149.701182373725,2740.6460257163003
5343,15,27.22690962977073,24.733860057262277,78.09024802737174,2126.1561260076323,1688.0683970457853,1679.5114681465498,2126.1561260076323
5344,16,9.464152516339364,11.0704423322685,72.26041320772212,683.8835714915856,586.7774560130406,541.278467312653,683.8835714915856
5345,17,9.449950387662366,8.222317424696884,73.78957964184164,697.3078667418645,585.8969240350667,577.7235705499754,697.3078667418644
5346,18,4.391259685420723e-15,3.860014574150054e-15,105.90307527258723,4.650479050065885e-13,2.722581004960848e-13,2.8151627185262206e-13,-150.7865389193222
5347,19,0.0,0.0,97.94852179471803,0.0,0.0,0.0,-93.40552813812292
5348,20,0.0,0.0,89.77744759251446,0.0,0.0,0.0,-34.462622267280494
5349,21,0.0,0.0,65.15320215075907,0.0,0.0,0.0,0.0
5350,22,0.0,0.0,17.63388303973892,0.0,0.0,0.0,233.47639957532903
5351,23,0.0,0.0,24.04450878680106,0.0,0.0,0.0,187.23267437694798
5352,0,0.0,0.0,48.090873992923264,0.0,0.0,0.0,13.771681880009623
5353,1,0.0,0.0,20.496416473992277,0.0,0.0,0.0,212.8272126273225
5354,2,0.0,0.0,72.89512191520458,0.0,0.0,0.0,0.0
5355,3,0.0,0.0,34.66972915385334,0.0,0.0,0.0,110.58652621405108
5356,4,0.0,0.0,47.85576033004514,0.0,0.0,0.0,15.467699093540375
5357,5,0.0,0.0,92.02631302977257,0.0,0.0,0.0,-50.68505037211253
5358,6,0.0,0.0,83.11300173784642,0.0,0.0,0.0,0.0
5359,7,10.595336007161098,10.462473699953595,69.46915831759094,736.0490745095461,656.910832443988,655.5957438875017,736.0490745095461
5360,8,13.99036665270892,13.519129282201172,70.82972103053977,990.9337671263393,867.402732467953,863.2192241156444,990.9337671263393
5361,9,23.284758692814442,22.20153586151736,49.684051231763284,1156.8811438130383,1443.6550389544955,1416.859397398261,1159.1602735878191
5362,10,14.808525828684841,17.233304143758694,93.47219464597346,1384.1854086787548,918.1286013784602,785.1531686131407,1323.0703387161793
5363,11,28.839860007513415,29.88403073613422,74.92580126871667,2160.8496195405596,1788.0713204658318,1755.0157450112547,2160.8496195405596
5364,12,38.87052959564938,40.009541435697905,61.50307712372375,2390.6571795612103,2409.9728349302613,2393.0256527090964,2390.6571795612103
5365,13,28.019562302350856,31.630554212826894,90.77294500316918,2543.418187884167,1737.212862745753,1551.3688985746048,2501.7744400122424
5366,14,29.71052019609088,24.861094366317005,90.30531598013155,2683.017914242067,1842.0522521576345,1869.8345496216102,2644.7474576664017
5367,15,27.19019649103385,33.972752602340094,59.338106183657956,1613.4147665394905,1685.7921824440987,1603.2306179334507,1613.4147665394903
5368,16,19.233319166553365,15.357933542500948,101.98855284113856,1961.5783881285108,1192.4657883263087,1248.6256082589027,1839.0296697816602
5369,17,10.082525829598724,11.572420215034825,85.35353187500544,860.5791897772204,625.1166014351209,558.5303684350193,858.0289502964471
5370,18,4.865985071591095e-15,3.885162904729488e-15,89.16467830865889,4.3387399356315647e-13,3.0169107443864786e-13,3.0647111983289094e-13,-30.042346386160148
5371,19,0.0,0.0,55.15776467757698,0.0,0.0,0.0,0.0
5372,20,0.0,0.0,49.29453481208115,0.0,0.0,0.0,5.0889475652347755
5373,21,0.0,0.0,39.433043603530066,0.0,0.0,0.0,76.22585486378938
5374,22,0.0,0.0,110.36115614864732,0.0,0.0,0.0,-182.9453756817337
5375,23,0.0,0.0,102.68864508741892,0.0,0.0,0.0,-127.59890763068802
5376,0,0.0,0.0,19.314006880975732,0.0,0.0,0.0,221.35664898015355
5377,1,0.0,0.0,20.56555108784608,0.0,0.0,0.0,212.32850279603704
5378,2,0.0,0.0,39.75403794792231,0.0,0.0,0.0,73.91032829306226
5379,3,0.0,0.0,72.99444863490757,0.0,0.0,0.0,0.0
5380,4,0.0,0.0,65.85329161532357,0.0,0.0,0.0,0.0
5381,5,0.0,0.0,100.67134448257121,0.0,0.0,0.0,-113.04689687637801
5382,6,0.0,0.0,56.40896085176775,0.0,0.0,0.0,0.0
5383,7,5.492677114134452,5.581268493058905,52.03442595734962,285.8083006030579,340.54598107633603,340.27639463577214,285.8083006030579
5384,8,17.491142516540158,15.390726764063945,64.63113376820304,1130.4723717452105,1084.4508360254897,1056.0392479723128,1130.4723717452107
5385,9,19.126448868510696,18.95294288437406,65.09170000610014,1244.9730719311117,1185.8398298476632,1183.5528084327057,1244.9730719311117
5386,10,29.362047078600124,33.287438126437756,64.42903993818932,1891.7685038941224,1820.4469188732078,1747.684693096464,1891.7685038941224
5387,11,30.007106783854237,30.32830670935884,71.64448297503714,2149.8436511059663,1860.4406205989626,1851.589762737251,2149.8436511059663
5388,12,34.2247561296963,31.19147594260749,111.56001689143669,3818.114371934221,2121.934880041171,2187.6661001227308,3626.520887795043
5389,13,37.42477826675436,41.57080307720534,70.67371851106527,2644.948244563631,2320.33625253877,2211.1210527945996,2644.948244563631
5390,14,28.895333679603883,29.655483975426257,56.67428891543446,1637.6224892657544,1791.5106881354407,1784.7887846206902,1637.6224892657544
5391,15,18.943846982355186,19.376803372731544,80.59494770944211,1526.778356958589,1174.5185129060214,1157.7441870557916,1526.778356958589
5392,16,10.138661155532912,9.617001857570147,105.51071744754799,1069.7374124778635,628.5969916430405,637.5346002627758,921.7811881263292
5393,17,7.201211467157624,6.112280765860481,101.06133052769523,727.7640122822459,446.4751109637727,461.497996627509,611.9039099227394
5394,18,5.114337986269917e-15,5.2636837912707765e-15,98.41740477475817,5.03339871749648e-13,3.1708895514873485e-13,3.07975611881061e-13,-96.78786498552154
5395,19,0.0,0.0,47.49061734300925,0.0,0.0,0.0,18.101696556009927
5396,20,0.0,0.0,43.81089483512608,0.0,0.0,0.0,44.64576310658492
5397,21,0.0,0.0,65.90246394611466,0.0,0.0,0.0,0.0
5398,22,0.0,0.0,71.42149201011004,0.0,0.0,0.0,0.0
5399,23,0.0,0.0,40.701212691496636,0.0,0.0,0.0,67.07778334582821
5400,0,0.0,0.0,83.23394810297769,0.0,0.0,0.0,0.0
5401,1,0.0,0.0,61.66765915781541,0.0,0.0,0.0,0.0
5402,2,0.0,0.0,39.63673386211967,0.0,0.0,0.0,74.75651369251267
5403,3,0.0,0.0,106.45589861288033,0.0,0.0,0.0,-154.7743884117815
5404,4,0.0,0.0,44.03847625147533,0.0,0.0,0.0,43.004080548102024
5405,5,0.0,0.0,49.93432091403398,0.0,0.0,0.0,0.47378301628123154
5406,6,0.0,0.0,54.17889199269189,0.0,0.0,0.0,0.0
5407,7,9.079774923965797,7.926614726756166,64.46668862274662,585.3430227879259,562.9460452858794,547.205427583126,585.3430227879259
5408,8,18.128702623541027,18.985398997840313,41.47033028019868,751.8032853497507,1123.9795626595437,1132.6853858760492,813.3329578214606
5409,9,28.34996882096595,28.557945265370403,74.69256337024574,2117.53184270449,1757.698066899889,1751.1747392614675,2117.5318427044904
5410,10,30.70434591438538,27.920834278743335,81.12308191861256,2490.831168870102,1903.6694466918937,1900.4470071117876,2490.831168870102
5411,11,32.87645264322339,25.118368914976823,79.92862504055583,2627.7696559837927,2038.34006387985,2022.408596739756,2627.7696559837927
5412,12,32.84610773222084,35.01632961542935,61.5280907707556,2020.9582980141008,2036.4586793976919,2004.1004248782026,2020.9582980141008
5413,13,34.955217196647325,33.46155719639587,61.9198385114169,2164.421403947905,2167.2234661921343,2143.9819356814437,2164.421403947905
5414,14,28.138324787703244,30.448770500094952,90.94923121480659,2559.159007114146,1744.576136837601,1625.157194373922,2516.243600054979
5415,15,26.411807958875453,22.090103000565573,83.8321775253812,2214.159373574723,1637.5320934502781,1641.309838993081,2214.159373574723
5416,16,15.311783436365669,15.443574686299714,70.95140563247521,1086.3925575501958,949.3305730546715,945.8131625094805,1086.3925575501958
5417,17,10.403668145115038,10.36403796977753,46.34905133728932,482.2001489540584,645.0274249971324,643.9479698996248,508.53665233661235
5418,18,3.409118003577728e-15,3.323299728434777e-15,79.60484931582201,2.71382324974661e-13,2.1136531622181913e-13,2.1116824630892994e-13,2.2737367544323206e-13
5419,19,0.0,0.0,91.91095808950195,0.0,0.0,0.0,-49.85292533960774
5420,20,0.0,0.0,84.89780758206098,0.0,0.0,0.0,0.0
5421,21,0.0,0.0,38.239455401553485,0.0,0.0,0.0,84.8359292917857
5422,22,0.0,0.0,79.24613186882424,0.0,0.0,0.0,0.0
5423,23,0.0,0.0,94.3425228479448,0.0,0.0,0.0,-67.393274274036
5424,0,0.0,0.0,46.32564960368188,0.0,0.0,0.0,26.50531425700001
5425,1,0.0,0.0,46.782136992298234,0.0,0.0,0.0,23.21239431616965
5426,2,0.0,0.0,39.5357493405329,0.0,0.0,0.0,75.48497619364815
5427,3,0.0,0.0,43.78859210671244,0.0,0.0,0.0,44.806646191111724
5428,4,0.0,0.0,77.57993223858256,0.0,0.0,0.0,0.0
5429,5,0.0,0.0,41.63539949996831,0.0,0.0,0.0,60.3389282387875
5430,6,0.0,0.0,67.3447485695757,0.0,0.0,0.0,0.0
5431,7,9.568109201585425,10.202111822229025,57.78516350523402,552.894754649548,593.2227704982964,586.736001607403,552.8947546495478
5432,8,17.970314097257233,21.063111785204356,66.91638427328223,1202.508443643646,1114.1594740299486,1047.2143824749346,1202.508443643646
5433,9,26.724845993373993,31.62639974492136,55.818165302750515,1491.7318713486993,1656.9404515891877,1618.8421122548893,1491.7318713486993
5434,10,16.526836625241337,16.741301666765622,93.24404423971782,1541.029085426592,1024.663870764963,1012.9637185647645,1481.559802491222
5435,11,37.52623044909809,40.176469049086805,82.50854359437791,3096.234620942081,2326.626287844081,2217.606922215042,3096.234620942081
5436,12,23.62676817234242,28.485307648928558,87.15005314510783,2059.074101866784,1464.85962668523,1236.8116072434627,2043.56446665686
5437,13,33.605606395356205,29.555687737072507,67.99258252530402,2284.9319661491413,2083.5475965120845,2038.9759611440875,2284.9319661491413
5438,14,29.30865308078105,30.989778496473168,93.26303040913129,2733.4138035235624,1817.136491008425,1725.3827033247644,2673.8075618519365
5439,15,24.029877187699174,21.08257152227481,66.8046108683098,1605.3065947375178,1489.8523856373488,1454.7896404475177,1605.3065947375178
5440,16,17.80091810669876,17.002634729932105,93.4885646336949,1664.182282957217,1103.656922615323,1110.1361285544308,1602.949126361049
5441,17,6.964986361687623,8.083358776793819,78.91821246543067,549.6642735104907,431.8291544246326,390.84330432268223,549.6642735104908
5442,18,4.56141252510754e-15,4.09952643769556e-15,91.79979620575986,4.187367402152727e-13,2.828075765566675e-13,2.859714256581464e-13,-49.0510473627719
5443,19,0.0,0.0,62.27551533961709,0.0,0.0,0.0,0.0
5444,20,0.0,0.0,98.67573686024593,0.0,0.0,0.0,-98.65137074027552
5445,21,0.0,0.0,43.39302283918111,0.0,0.0,0.0,47.660126838149495
5446,22,0.0,0.0,59.927725484162,0.0,0.0,0.0,0.0
5447,23,0.0,0.0,27.78181292936789,0.0,0.0,0.0,160.2732366292625
5448,0,0.0,0.0,76.60043316616344,0.0,0.0,0.0,0.0
5449,1,0.0,0.0,81.93549387941161,0.0,0.0,0.0,0.0
5450,2,0.0,0.0,26.180697795138187,0.0,0.0,0.0,171.8230495803959
5451,3,0.0,0.0,57.33726983142463,0.0,0.0,0.0,0.0
5452,4,0.0,0.0,47.432708836926416,0.0,0.0,0.0,18.519425674445927
5453,5,0.0,0.0,67.56371039501892,0.0,0.0,0.0,0.0
5454,6,0.0,0.0,94.02737541978306,0.0,0.0,0.0,-65.11992505043372
5455,7,6.533870869356309,6.307651731751299,73.04428660952712,477.26193645090234,405.09999390009114,403.46741901141587,477.26193645090234
5456,8,11.16022887220457,10.982030093586161,53.28342552724497,594.6552239791214,691.9341900766833,688.007146814512,594.6552239791213
5457,9,22.3050186717964,22.523656030897246,51.90438127915037,1157.7281935794886,1382.911157651377,1382.2813778548334,1157.7281935794886
5458,10,31.111837399170433,32.784107900407385,56.13608893281773,1746.496871103196,1928.9339187485668,1915.2712828538013,1746.496871103196
5459,11,30.218598701437056,31.78365243946169,54.73948897564081,1654.1506504766273,1873.5531194890975,1863.4986489480186,1654.1506504766273
5460,12,41.18322345803146,35.69782512322393,76.88578904734628,3166.40463108393,2553.3598543979506,2529.577042047891,3166.40463108393
5461,13,23.963233231270397,20.372276918092183,98.76040216536596,2366.6185511027265,1485.7204603387647,1529.0643861575204,2267.3564382511054
5462,14,31.644841878369657,38.094031178171704,100.36437988495902,3176.0149316801526,1961.9801964589187,1552.7438270024638,3065.182356315854
5463,15,22.775539339472427,25.93986091175452,74.46245521433349,1695.9225780477561,1412.0834390472905,1313.7424348290244,1695.9225780477561
5464,16,16.329911571096655,13.777852778189121,109.22993028142935,1783.715102412794,1012.4545174079926,1063.2977752652746,1608.9299438775538
5465,17,11.445078131261372,11.989047481695978,119.72449828718146,1370.25623712286,709.5948441382051,661.9128719096666,1119.7674050178239
5466,18,3.22031483578829e-15,3.534332316004703e-15,60.970216175572475,1.9634329169141522e-13,1.99659519818874e-13,1.9519646152766254e-13,2.2737367544323206e-13
5467,19,0.0,0.0,71.72518262543144,0.0,0.0,0.0,0.0
5468,20,0.0,0.0,72.83709428533317,0.0,0.0,0.0,0.0
5469,21,0.0,0.0,84.97533156668518,0.0,0.0,0.0,0.0
5470,22,0.0,0.0,89.30269342125985,0.0,0.0,0.0,-31.03793296259846
5471,23,0.0,0.0,22.71115735996974,0.0,0.0,0.0,196.85094557356464
5472,0,0.0,0.0,39.95796071928626,0.0,0.0,0.0,72.43930986635593
5473,1,0.0,0.0,73.76196220097242,0.0,0.0,0.0,0.0
5474,2,0.0,0.0,32.95974014679982,0.0,0.0,0.0,122.92171233385764
5475,3,0.0,0.0,66.8160950567788,0.0,0.0,0.0,0.0
5476,4,0.0,0.0,64.82057259025075,0.0,0.0,0.0,0.0
5477,5,0.0,0.0,72.86783236203875,0.0,0.0,0.0,0.0
5478,6,0.0,0.0,78.30080618146971,0.0,0.0,0.0,0.0
5479,7,8.36577016404683,8.675470568596605,55.59328153280379,465.0806159685856,518.6777501709036,516.3575980267909,465.0806159685856
5480,8,15.579348383800621,16.84577610445677,59.80102830864387,931.6610537298861,965.9195997956385,949.7710185090577,931.6610537298861
5481,9,27.615725731859516,22.812973222508315,53.76249980509346,1484.6904492766118,1712.17499537529,1608.060325431445,1484.6904492766118
5482,10,26.14267753479995,26.151025268849278,72.63617220704616,1898.9040273710061,1620.846007157597,1620.6056323587234,1898.9040273710061
5483,11,35.44472447872146,29.59192732320628,21.282520499470714,754.353075316481,2197.572917680731,1928.1212006199112,961.5096436157945
5484,12,31.393399334209835,31.853594892446065,81.72732520284302,2565.698556609683,1946.39075872101,1927.9096932755608,2565.698556609683
5485,13,27.44438407475199,31.294929679683733,112.96594380435312,3100.280749133517,1701.5518126346235,1396.5599921118687,2898.545462871557
5486,14,35.82908841255042,33.646116335512296,74.76860955367394,2678.8911221820454,2221.403481578126,2208.4725529727393,2678.8911221820454
5487,15,23.24796388291771,22.42792628443822,80.07289068422841,1861.53167062776,1441.373760740898,1439.7785153701736,1861.53167062776
5488,16,19.410017622330425,24.333283913220907,84.96995360599023,1649.268296860869,1203.4210925844864,985.7514672110714,1649.2682968608692
5489,17,9.815859571808522,8.938374631721613,97.87066823361147,960.6847355801914,608.5832934521284,618.5892552551672,867.8408123192798
5490,18,2.9032409971370913e-15,2.5773073479246574e-15,110.36719122401377,3.2042255430042574e-13,1.8000094182249967e-13,1.8677234161305576e-13,-182.98891033463758
5491,19,0.0,0.0,80.11312030687868,0.0,0.0,0.0,0.0
5492,20,0.0,0.0,71.6623797915045,0.0,0.0,0.0,0.0
5493,21,0.0,0.0,41.05096521312687,0.0,0.0,0.0,64.55480662937873
5494,22,0.0,0.0,63.43856804499593,0.0,0.0,0.0,0.0
5495,23,0.0,0.0,33.28456847999265,0.0,0.0,0.0,120.57852888040125
5496,0,0.0,0.0,42.40281464624892,0.0,0.0,0.0,54.803098112697285
5497,1,0.0,0.0,68.40221730234617,0.0,0.0,0.0,0.0
5498,2,0.0,0.0,70.41762397096437,0.0,0.0,0.0,0.0
5499,3,0.0,0.0,60.11689323547612,0.0,0.0,0.0,0.0
5500,4,0.0,0.0,77.63841394047924,0.0,0.0,0.0,0.0
5501,5,0.0,0.0,24.322034825574498,0.0,0.0,0.0,185.2307110150538
5502,6,0.0,0.0,95.0611441959308,0.0,0.0,0.0,-72.57712518799451
5503,7,8.21713992323571,5.806967493532278,47.25060727035776,388.26485139838826,509.462675240614,445.4435677963219,408.0978859364392
5504,8,13.040061426840968,8.98343572160379,73.17422031924002,954.1963278240844,808.48380846414,779.6033320702232,954.1963278240844
5505,9,18.43587015610385,17.113730491328987,55.860342623147595,1029.8340234758225,1143.0239496784386,1116.4426714648803,1029.8340234758225
5506,10,9.01902588782104,8.647640922619962,88.84424250382685,801.2885231258648,559.1796050449045,560.9002991353875,773.5576742263835
5507,11,24.876128752228308,26.94864046742617,74.87701827080592,1862.6503470875195,1542.3199826381551,1476.8363370237605,1862.6503470875195
5508,12,38.97039727043899,36.7245828126887,86.85404872990524,3384.7367835504742,2416.164630767217,2423.2176931505264,3371.3624074204313
5509,13,31.759010338478145,36.22572908246627,123.50284360308956,3922.328086821971,1969.058640985645,1556.4296200407157,3644.583762135182
5510,14,30.32990119018686,30.854364093596853,94.14088890017567,2855.283858298687,1880.4538737915852,1851.2538189002753,2789.3450917808673
5511,15,19.774646506843318,17.923444960722783,83.2833058505206,1646.897933115361,1226.0280834242858,1226.8842259821974,1646.897933115361
5512,16,17.47462095846074,20.123862442666496,115.83463918466344,2024.1664136120576,1083.426499424566,864.0870571503028,1801.737490554075
5513,17,8.777900083775183,9.070054099865454,54.04902134181189,474.4369089642572,544.2298051940613,542.6050558782093,474.4369089642572
5514,18,4.650604833743129e-15,3.9259805862209664e-15,75.88867126803561,3.5292822142546967e-13,2.8833749969207397e-13,2.8465387483049267e-13,3.410605131648481e-13
5515,19,0.0,0.0,76.85306990100526,0.0,0.0,0.0,0.0
5516,20,0.0,0.0,69.45357000603438,0.0,0.0,0.0,0.0
5517,21,0.0,0.0,53.75049857966094,0.0,0.0,0.0,0.0
5518,22,0.0,0.0,76.41959557771052,0.0,0.0,0.0,0.0
5519,23,0.0,0.0,57.27904661526166,0.0,0.0,0.0,0.0
5520,0,0.0,0.0,50.61733698885167,0.0,0.0,0.0,0.0
5521,1,0.0,0.0,79.03850648539031,0.0,0.0,0.0,0.0
5522,2,0.0,0.0,41.07170397990555,0.0,0.0,0.0,64.40520534711607
5523,3,0.0,0.0,71.40475261691289,0.0,0.0,0.0,0.0
5524,4,0.0,0.0,47.868154874957575,0.0,0.0,0.0,15.378289736091574
5525,5,0.0,0.0,52.27373833378067,0.0,0.0,0.0,0.0
5526,6,0.0,0.0,47.28888602648756,0.0,0.0,0.0,19.556906691995778
5527,7,9.971521154848123,11.963962506204776,33.89054849060153,337.9403212234393,618.2343116005836,657.3595125936557,454.1475493616078
5528,8,13.293594558971645,11.86862251531475,53.73117538584758,714.2804607564545,824.202862656242,793.2786630477582,714.2804607564545
5529,9,22.305294233015484,23.28729947281831,30.188137194748073,673.3552824754944,1382.92824244696,1406.756431183324,816.270245130109
5530,10,27.98330973687739,30.273251733016895,71.45588336543003,1999.5721167370132,1734.9652036863984,1672.4043222098671,1999.5721167370134
5531,11,22.770237726391226,24.094791051029585,70.19271315756052,1598.3047652580424,1411.754739036256,1377.6595556910424,1598.3047652580422
5532,12,33.92155662756192,29.93416178635096,91.15822111273667,3092.2287595435073,2103.136510908839,2128.5308962029303,3047.8057818055277
5533,13,34.06002061010367,35.108970840837245,57.32725265858775,1952.5674070721193,2111.7212778264275,2101.589398502475,1952.5674070721193
5534,14,20.653622437809148,21.45042761403126,80.58890993880972,1664.452918550781,1280.524591144167,1249.6594363382617,1664.4529185507813
5535,15,20.597269096221595,19.044681662100086,109.29716428644329,2251.223104261813,1277.030683965739,1308.04031594239,2075.952946137683
5536,16,14.299733780177908,15.129186363044859,105.61052656738615,1510.202414298028,886.5834943710303,828.5108994597097,1361.526206329886
5537,17,9.587559516148005,9.827584395163786,90.14658829841643,864.2857804887589,594.4286900011763,582.2634525626387,827.1603227921772
5538,18,4.6892592590705e-15,3.928108429490415e-15,66.80485040734821,3.132652633234773e-13,2.9073407406237103e-13,2.8167914810905066e-13,2.8421709430404007e-13
5539,19,0.0,0.0,93.20616891233767,0.0,0.0,0.0,-59.19606526516543
5540,20,0.0,0.0,69.2353417578058,0.0,0.0,0.0,0.0
5541,21,0.0,0.0,58.13033837788551,0.0,0.0,0.0,0.0
5542,22,0.0,0.0,89.12558328314785,0.0,0.0,0.0,-29.760330294800838
5543,23,0.0,0.0,86.64922631872344,0.0,0.0,0.0,-11.896868056591074
5544,0,0.0,0.0,35.61660616652879,0.0,0.0,0.0,103.75612898006898
5545,1,0.0,0.0,85.17335408820873,0.0,0.0,0.0,-1.2505080055271947
5546,2,0.0,0.0,48.20652544711992,0.0,0.0,0.0,12.93741791301477
5547,3,0.0,0.0,66.50667255993447,0.0,0.0,0.0,0.0
5548,4,0.0,0.0,89.97477390946644,0.0,0.0,0.0,-35.88605647410782
5549,5,0.0,0.0,54.06449232217947,0.0,0.0,0.0,0.0
5550,6,0.0,0.0,67.73870023187114,0.0,0.0,0.0,0.0
5551,7,10.027881730346895,10.412764501247926,77.42511262981134,776.4098724105357,621.7286672815075,608.3419092195137,776.4098724105357
5552,8,17.332228968608586,17.36698662346191,95.25427496409282,1650.968903916457,1074.5981960537324,1072.6146516390065,1576.9986095554955
5553,9,28.60469416591847,30.048401111219256,60.09618873146353,1719.03309920083,1773.4910382869452,1754.549262573443,1719.03309920083
5554,10,29.08171241384009,33.648449066159294,81.44130472686474,2368.452602674596,1803.0661696580855,1621.302602965788,2368.452602674596
5555,11,38.530165631297976,31.905654017307658,45.1227966573209,1738.5888289539528,2388.8702691404746,2202.337916957184,1773.77104985007
5556,12,25.44702762625989,27.303435910072814,48.31807177725331,1229.551307363373,1577.715712828113,1580.6904405430637,1241.6840740549467
5557,13,33.37768154311499,34.7273408030528,58.96862154946188,1968.2358711144066,2069.4162556731294,2053.610697139274,1968.2358711144066
5558,14,28.062680856809536,24.999179537120174,65.13677414085652,1827.9125047569405,1739.8862131221913,1699.6090764570672,1827.9125047569405
5559,15,24.291030825371504,27.75614095158109,101.04580005196578,2454.506643836626,1506.0439111730332,1283.2122077842578,2338.758572202383
5560,16,13.03083449182901,13.125690526963405,87.34663225006037,1138.1995082691908,807.9117384933986,803.4361186497526,1121.271828945034
5561,17,9.280795324979382,8.453549061642185,75.42080543671209,699.965058503217,575.4093101487216,570.9137264283668,699.965058503217
5562,18,4.9925406492397214e-15,5.2493452467856064e-15,69.7540144105933,3.4824975239254037e-13,3.095375202528627e-13,3.0306796580330476e-13,3.979039320256561e-13
5563,19,0.0,0.0,73.11658932838574,0.0,0.0,0.0,0.0
5564,20,0.0,0.0,93.34487106833174,0.0,0.0,0.0,-60.196607901608104
5565,21,0.0,0.0,50.72871369226577,0.0,0.0,0.0,0.0
5566,22,0.0,0.0,59.953216416936876,0.0,0.0,0.0,0.0
5567,23,0.0,0.0,49.67822576267482,0.0,0.0,0.0,2.3211524106836805
5568,0,0.0,0.0,60.43363682014845,0.0,0.0,0.0,0.0
5569,1,0.0,0.0,87.6702419468378,0.0,0.0,0.0,-19.262072015254716
5570,2,0.0,0.0,36.9604023670756,0.0,0.0,0.0,94.06251330624906
5571,3,0.0,0.0,57.19957306257941,0.0,0.0,0.0,0.0
5572,4,0.0,0.0,53.04284495366348,0.0,0.0,0.0,0.0
5573,5,0.0,0.0,48.0002266026914,0.0,0.0,0.0,14.425576393467054
5574,6,0.0,0.0,63.50830169708003,0.0,0.0,0.0,0.0
5575,7,5.942489190603854,5.858856990165589,102.1025100018648,606.7430620196035,368.43432981743894,369.65342657656095,483.37230167046835
5576,8,10.873474017127567,10.823110714317513,67.42718545765348,733.1677491218368,674.1553890619091,673.5797561068109,733.1677491218368
5577,9,28.247641816074083,30.21547497785715,58.66669311597654,1657.1957336736446,1751.3537925965932,1729.051618369932,1657.1957336736446
5578,10,28.786491960662058,28.11461490007418,57.971414289075035,1668.793651380668,1784.7625015610477,1772.3183713775984,1668.793651380668
5579,11,32.583295469653706,34.95461293808139,75.19599898996762,2450.1334532258966,2020.1643191185299,1944.2940197100702,2450.1334532258966
5580,12,35.16593753848683,28.427078224852302,48.17499838622166,1694.1189841665746,2180.2881273861835,2005.9622523603314,1707.2838258597344
5581,13,23.20449427754087,21.466828937912208,84.98902584247263,1972.1273638154294,1438.678645207534,1441.705257492009,1972.1273638154294
5582,14,28.383396079899295,27.29235127578189,87.36212437924729,2479.633778637602,1759.7705569537563,1763.6127730089543,2462.594345205013
5583,15,22.161806414087756,21.483777964787365,66.5600629035214,1475.091228977345,1374.0319976734409,1365.841445993675,1475.091228977345
5584,16,19.63722603125483,15.316830361813826,115.25592489094572,2263.306648524831,1217.5080139377994,1323.1068815146518,2045.0523420835366
5585,17,7.692250945281713,8.51838311786425,119.95408875624977,922.7169526256688,476.91955860746623,404.26733836463467,670.5719454483897
5586,18,3.794281588888428e-15,3.125479490615146e-15,132.45360433082894,5.025662722943769e-13,2.3524545851108254e-13,2.6021866479337714e-13,-342.31158157270636
5587,19,0.0,0.0,92.89767027086357,0.0,0.0,0.0,-56.97067776583435
5588,20,0.0,0.0,83.3117828543175,0.0,0.0,0.0,0.0
5589,21,0.0,0.0,66.97067893960912,0.0,0.0,0.0,0.0
5590,22,0.0,0.0,63.86338421398077,0.0,0.0,0.0,0.0
5591,23,0.0,0.0,75.8626761179037,0.0,0.0,0.0,0.0
5592,0,0.0,0.0,53.69307539474268,0.0,0.0,0.0,0.0
5593,1,0.0,0.0,47.835378526209254,0.0,0.0,0.0,15.614725385952795
5594,2,0.0,0.0,61.1785073327825,0.0,0.0,0.0,0.0
5595,3,0.0,0.0,38.32506978787904,0.0,0.0,0.0,84.21834088302836
5596,4,0.0,0.0,84.95588704541073,0.0,0.0,0.0,0.0
5597,5,0.0,0.0,57.490543005961484,0.0,0.0,0.0,0.0
5598,6,0.0,0.0,77.79511668845124,0.0,0.0,0.0,0.0
5599,7,10.859756949600145,9.855497351300727,46.31541651737362,502.9741663981735,673.304930875209,645.9253619707509,529.5532981029301
5600,8,12.169981799314664,11.761737655336933,66.96231614779053,814.9301687585652,754.5388715575092,749.7304647067805,814.9301687585653
5601,9,24.87127060053144,17.711335567595597,55.44343656260272,1378.9487137718909,1542.018777232949,1395.8313580341282,1378.9487137718909
5602,10,22.847550183647947,22.653149417630484,64.21288171111733,1467.1070373314028,1416.5481113861726,1413.8575389377124,1467.1070373314028
5603,11,27.52432416195399,27.47873150545186,49.21809808036873,1354.6948861989144,1706.5080980411474,1705.3643412176152,1360.3352181930393
5604,12,25.864844943850706,25.26257494828487,98.67514181307892,2552.2172428077656,1603.6203865187438,1610.851454710328,2453.5701645030117
5605,13,21.93486993137291,27.108176269484797,93.4199885505794,2049.1552978473055,1359.9619357451204,1076.5941551142419,1988.4168220620127
5606,14,29.362087996079794,29.132281961096638,49.099086604290925,1441.6517014023327,1820.4494557569471,1814.6639313983617,1448.150535235801
5607,15,28.20541700721065,18.99072206664376,73.51946721589778,2073.647230972349,1748.7358544470603,1685.5193650725428,2073.647230972349
5608,16,11.213991342180764,9.57290245394354,85.85490147748958,962.7761218523506,695.2674632152074,699.1915957560568,956.6091998455815
5609,17,5.318033992102527,5.2905346044128,98.21213592819888,522.2954773031555,329.7181075103567,330.03872567488787,426.98834079978303
5610,18,4.62240619996647e-15,4.5782732927489005e-15,84.59730340047263,3.9104309973878924e-13,2.8658918439792117e-13,2.866530878568041e-13,4.547473508864641e-13
5611,19,0.0,0.0,103.21119514866487,0.0,0.0,0.0,-131.36837763066876
5612,20,0.0,0.0,94.28161806467162,0.0,0.0,0.0,-66.95393119395635
5613,21,0.0,0.0,112.66631480831317,0.0,0.0,0.0,-199.57388088578614
5614,22,0.0,0.0,17.964313587386677,0.0,0.0,0.0,231.0928039568239
5615,23,0.0,0.0,84.66971153677667,0.0,0.0,0.0,0.0
5616,0,0.0,0.0,69.24707593794412,0.0,0.0,0.0,0.0
5617,1,0.0,0.0,47.34929337599574,0.0,0.0,0.0,19.121151902863176
5618,2,0.0,0.0,44.86730576361819,0.0,0.0,0.0,37.025231414161
5619,3,0.0,0.0,49.086512769671316,0.0,0.0,0.0,6.58953651613632
5620,4,0.0,0.0,58.3066868282843,0.0,0.0,0.0,0.0
5621,5,0.0,0.0,46.504891794424736,0.0,0.0,0.0,25.212331802601227
5622,6,0.0,0.0,30.427287618641017,0.0,0.0,0.0,141.189825839593
5623,7,9.324763639795663,9.133193747861094,53.06591198342591,494.8270865756469,578.1353456673311,573.8823856354436,494.8270865756469
5624,8,20.168331000296646,17.439425125207045,55.86127610508676,1126.6287065863517,1250.436522018392,1195.574481177717,1126.6287065863517
5625,9,28.640942001544726,26.08255804966798,71.06437505385335,2035.3506442934358,1775.738404095773,1753.476066595361,2035.3506442934358
5626,10,28.064190981788723,29.809433193960313,42.50107410756738,1192.7582606859269,1739.979840870901,1755.46652228159,1246.8525538072495
5627,11,32.0342609363857,33.39729077560769,80.30393560361787,2572.477227345009,1986.1241780559133,1933.8112025443113,2572.477227345009
5628,12,23.623762397695085,28.13911531902683,55.57875490245043,1312.9793001752198,1464.6732686570954,1430.9280331387129,1312.9793001752198
5629,13,34.00031222843741,35.27487955342494,79.83588640399513,2714.4450647698955,2108.0193581631193,2059.847267097411,2714.4450647698955
5630,14,24.30498292439198,28.644884281725027,93.42935576187617,2270.7988964293436,1506.9089413123027,1269.1400906098033,2209.9928492770464
5631,15,25.150492710840275,20.78145113294866,78.12191875444273,1964.8047481904682,1559.3305480720971,1544.4384036299402,1964.8047481904682
5632,16,17.81862711868776,19.081689607982103,85.80586263997411,1528.9426709790396,1104.7548813586411,1047.5920476172728,1523.1294958006754
5633,17,9.429152565516768,10.286314004258822,101.48210752678338,956.890274540218,584.6074590620397,529.0182816462551,837.9948529024729
5634,18,4.4597874909989065e-15,4.719279876276589e-15,75.85850336234618,3.3831280438129e-13,2.765068244419322e-13,2.6798947235278566e-13,3.410605131648481e-13
5635,19,0.0,0.0,87.6468575031031,0.0,0.0,0.0,-19.093385863129924
5636,20,0.0,0.0,67.98499637272704,0.0,0.0,0.0,0.0
5637,21,0.0,0.0,99.5326463861958,0.0,0.0,0.0,-104.83277801647785
5638,22,0.0,0.0,73.36458707248968,0.0,0.0,0.0,0.0
5639,23,0.0,0.0,36.438020043186896,0.0,0.0,0.0,97.83077331510572
5640,0,0.0,0.0,89.7054113913569,0.0,0.0,0.0,-33.9429815298389
5641,1,0.0,0.0,70.88699199909959,0.0,0.0,0.0,0.0
5642,2,0.0,0.0,25.871115207717978,0.0,0.0,0.0,174.05625623817414
5643,3,0.0,0.0,20.326851515441156,0.0,0.0,0.0,214.0503873462813
5644,4,0.0,0.0,28.79135031770679,0.0,0.0,0.0,152.9908321642647
5645,5,0.0,0.0,37.68035546509523,0.0,0.0,0.0,88.86905567291262
5646,6,0.0,0.0,65.52564251100156,0.0,0.0,0.0,0.0
5647,7,9.405147703207543,10.379394235488888,65.04664059643267,611.7732624069052,583.1191575988677,564.3081125532792,611.7732624069052
5648,8,20.860152482375547,16.637926127889095,75.25298169574219,1569.788672926598,1293.329453907284,1269.852761856211,1569.7886729265979
5649,9,21.766070027356783,23.382666389282424,59.991573920753495,1305.7807990104716,1349.4963416961205,1328.497615952406,1305.7807990104716
5650,10,28.44182024329045,34.492710504856554,60.67535563964832,1725.7175583005971,1763.392855084008,1679.623153104846,1725.717558300597
5651,11,35.712725685830684,32.447033239564576,65.87285797850738,2352.4993071281174,2214.1889925215023,2173.0564318887823,2352.4993071281174
5652,12,33.951923576092376,28.340105783389255,91.96167196324619,3122.275658425812,2105.019261717727,2144.1406687976882,3072.056903207233
5653,13,29.95119979839248,28.865202759564685,38.18209489062977,1143.5995527904329,1856.9743875003337,1820.7418025836098,1228.8492581797564
5654,14,28.744761457629593,28.633863479086365,72.95965690462346,2097.2079337538994,1782.1752103730348,1781.3678445528024,2097.2079337538994
5655,15,16.241237408621103,16.302546859000625,115.09036301853138,1869.2099092283545,1006.9567193345084,1001.9377466322314,1652.1499008218143
5656,16,17.597801506919442,19.809235209836665,86.42787443286996,1520.9405789346033,1091.0636934290053,989.2606900194403,1510.6404560609988
5657,17,7.71323229429055,7.070874287294046,82.81758475508548,638.79126926807,478.2204022460141,478.29310982788644,638.79126926807
5658,18,2.4109738259524067e-15,2.564600803431956e-15,71.20726568562384,1.7167885378567803e-13,1.494803772090492e-13,1.4533105356044925e-13,2.2737367544323206e-13
5659,19,0.0,0.0,99.52075382801675,0.0,0.0,0.0,-104.746989793294
5660,20,0.0,0.0,65.37388055648145,0.0,0.0,0.0,0.0
5661,21,0.0,0.0,58.74512312825197,0.0,0.0,0.0,0.0
5662,22,0.0,0.0,89.77472937233799,0.0,0.0,0.0,-34.44301409924367
5663,23,0.0,0.0,36.38476133510983,0.0,0.0,0.0,98.21496062503644
5664,0,0.0,0.0,85.97691539220264,0.0,0.0,0.0,-7.047082253989174
5665,1,0.0,0.0,54.233240782198074,0.0,0.0,0.0,0.0
5666,2,0.0,0.0,50.490904188986775,0.0,0.0,0.0,0.0
5667,3,0.0,0.0,56.55993223906758,0.0,0.0,0.0,0.0
5668,4,0.0,0.0,53.76498572336178,0.0,0.0,0.0,0.0
5669,5,0.0,0.0,46.76110578857886,0.0,0.0,0.0,23.36410512315848
5670,6,0.0,0.0,69.38341348665834,0.0,0.0,0.0,0.0
5671,7,7.799319457989578,7.613909033157372,54.71222308304203,426.7181060814363,483.55780639535385,479.67052244976304,426.71810608143625
5672,8,16.461727886154062,17.698228014409555,72.94460631270447,1200.7942598823768,1020.6271289415519,984.5451180668855,1200.7942598823768
5673,9,25.809353534067704,26.772493990171956,108.67214529727394,2804.757817282916,1600.1799191121977,1529.0614529063564,2633.996299581628
5674,10,27.571352143913565,26.126929487121288,79.94708965911344,2204.2493618724475,1709.423832922641,1706.4776689376902,2204.2493618724475
5675,11,25.9575135207419,28.725176744440162,69.71328857975676,1809.5836308844182,1609.3658382859978,1539.782326898719,1809.5836308844182
5676,12,29.370195738209773,25.659051364899764,79.22833383478041,2326.951672739729,1820.952135769006,1811.3820236120398,2326.9516727397286
5677,13,32.201437649430524,32.86395448185756,67.35391971706545,2168.8930462138323,1996.4891342646924,1981.7862959470497,2168.8930462138323
5678,14,29.21548974954495,31.980820816652546,73.94401363660768,2160.3105724405236,1811.3603644717869,1727.2112929625341,2160.3105724405236
5679,15,25.798228937477475,24.63504304290008,77.87580506073199,2009.0578476471308,1599.4901941236035,1595.3106971414318,2009.0578476471308
5680,16,12.66055901705618,13.409447990172863,98.6098289944797,1248.455559646428,784.9546590574831,739.076008422108,1150.2796222496604
5681,17,8.35580592701643,8.22504458106672,106.416706178596,889.1973442206784,518.0599674750187,520.3891578247226,734.7056745687202
5682,18,4.679469393373365e-15,4.789420551376627e-15,129.6841632601559,6.068530727811343e-13,2.9012710238914867e-13,2.7912041927892815e-13,-322.33392621137045
5683,19,0.0,0.0,94.43946815372298,0.0,0.0,0.0,-68.09259946576685
5684,20,0.0,0.0,53.06313001893701,0.0,0.0,0.0,0.0
5685,21,0.0,0.0,42.91053249084547,0.0,0.0,0.0,51.14062187243371
5686,22,0.0,0.0,61.15724223737206,0.0,0.0,0.0,0.0
5687,23,0.0,0.0,77.33087023272448,0.0,0.0,0.0,0.0
5688,0,0.0,0.0,49.190283939978855,0.0,0.0,0.0,5.840972230440002
5689,1,0.0,0.0,47.002750807417016,0.0,0.0,0.0,21.620973284300078
5690,2,0.0,0.0,67.99775434401987,0.0,0.0,0.0,0.0
5691,3,0.0,0.0,50.316504776868555,0.0,0.0,0.0,0.0
5692,4,0.0,0.0,74.03756883547413,0.0,0.0,0.0,0.0
5693,5,0.0,0.0,27.225952139770687,0.0,0.0,0.0,164.28299708275154
5694,6,0.0,0.0,72.03405690526651,0.0,0.0,0.0,0.0
5695,7,9.833421729753507,8.6184889205277,27.571693333893812,271.1240883556113,609.6721472447174,559.4696292006624,432.91304485611283
5696,8,11.37810322916672,10.623760667071988,73.76472761012454,839.3026854193615,705.4424002083367,700.4060665716944,839.3026854193615
5697,9,18.58655212731364,17.648954478180432,87.05242194840369,1618.0043783529075,1152.3662318934457,1155.4502872748183,1603.1990160812754
5698,10,17.64911488254529,14.94731620794592,43.314649233357976,764.4652204166872,1094.245122717808,1014.5042013097145,812.69070352948
5699,11,22.174193032999423,22.125906469634334,31.135890967398254,690.413256565512,1374.7999680459643,1372.9337849964231,826.4914973855616
5700,12,29.269216752066708,26.938559926515072,91.2376722368511,2670.4552046544136,1814.691438628136,1829.6734931036294,2625.4590978499095
5701,13,26.64545851291506,27.369330473161433,88.28177944821567,2352.308491733748,1652.0184278007337,1617.0176084069865,2328.6350294302392
5702,14,34.440266541881854,41.57582882588169,50.31245055399769,1732.774207454932,2135.296525596675,2128.941856468774,1732.774207454932
5703,15,10.331105800756031,10.282420674169733,98.24179602410199,1014.9463887812908,640.528559646874,641.0972675051476,919.4252960467455
5704,16,18.905650672512397,19.99909246536374,73.11259323282093,1382.2411474212063,1172.1503416957687,1140.0132765719184,1382.2411474212063
5705,17,5.51053589066113,5.4977262040437544,86.5355442985028,476.85722267479576,341.65322522099007,341.69039455350867,465.7804118654226
5706,18,4.4721791609796e-15,4.302805982818735e-15,82.13325220118428,3.6731461891761814e-13,2.772751079807352e-13,2.7720734840326336e-13,3.410605131648481e-13
5707,19,0.0,0.0,54.85607367073251,0.0,0.0,0.0,0.0
5708,20,0.0,0.0,93.02191376154221,0.0,0.0,0.0,-57.86692129452001
5709,21,0.0,0.0,47.34819670096685,0.0,0.0,0.0,19.129062883892004
5710,22,0.0,0.0,64.3530861726142,0.0,0.0,0.0,0.0
5711,23,0.0,0.0,70.36347345680653,0.0,0.0,0.0,0.0
5712,0,0.0,0.0,36.74783761756069,0.0,0.0,0.0,95.59587155414476
5713,1,0.0,0.0,45.35437323285506,0.0,0.0,0.0,33.51171883533311
5714,2,0.0,0.0,39.82474270636476,0.0,0.0,0.0,73.40029205812397
5715,3,0.0,0.0,85.34173168985805,0.0,0.0,0.0,-2.4651176001993917
5716,4,0.0,0.0,71.6473516454648,0.0,0.0,0.0,0.0
5717,5,0.0,0.0,72.51976688267662,0.0,0.0,0.0,0.0
5718,6,0.0,0.0,106.7083271352414,0.0,0.0,0.0,-156.5953081910477
5719,7,6.182880276485129,5.746844907785712,72.59931219241554,448.8728554408724,383.338577142078,380.04628517707215,448.8728554408724
5720,8,20.364385887735143,23.480464247667797,54.2822667628654,1105.4250272199704,1262.5919250395789,1244.3540373705828,1105.4250272199704
5721,9,14.82503614765909,14.090315227915433,43.40891071654042,643.5386705032178,919.1522411548635,897.519620235802,691.0841884617384
5722,10,26.76554515956003,27.35056104181409,53.538396410930176,1432.9843669071784,1659.463799892722,1656.5837693289636,1432.9843669071784
5723,11,16.32598653307846,16.69948195958572,85.36033183144995,1393.5916279393605,1012.2111650508646,995.5157645640788,1390.9923362553254
5724,12,39.228652813284185,46.43454703791399,82.4510057138057,3234.4418772529943,2432.1764744236193,2136.275383990628,3234.4418772529943
5725,13,16.09578789597014,17.80387975344189,75.75987121224094,1219.4148180582445,997.9388495501487,942.0845207874759,1219.4148180582442
5726,14,32.718442887937094,31.920279064563204,105.74463156605992,3459.7996886000815,2028.5434590521,2042.358456576941,3310.156100074864
5727,15,16.311885930868954,21.078866527771158,57.86560858712928,943.8972065935639,1011.3369277138752,962.0844330183331,943.8972065935639
5728,16,16.631922829438608,16.518826052857918,78.382160262306,1303.6460406873628,1031.1792154251937,1030.8157925275143,1303.646040687363
5729,17,8.001705076368038,8.016418465730284,96.59738883942093,772.9438166402917,496.1057147348184,495.2413511335643,689.2848286304659
5730,18,3.1110120257159217e-15,3.2351265632193654e-15,90.12343269905469,2.803750829255587e-13,1.9288274559438714e-13,1.8659581171001827e-13,-36.95842233748567
5731,19,0.0,0.0,91.00498181326523,0.0,0.0,0.0,-43.317569883279134
5732,20,0.0,0.0,77.5702527358288,0.0,0.0,0.0,0.0
5733,21,0.0,0.0,81.49408329858335,0.0,0.0,0.0,0.0
5734,22,0.0,0.0,57.6215056059052,0.0,0.0,0.0,0.0
5735,23,0.0,0.0,51.310519086909785,0.0,0.0,0.0,0.0
5736,0,0.0,0.0,36.84976840554036,0.0,0.0,0.0,94.86058306054542
5737,1,0.0,0.0,94.32612240407926,0.0,0.0,0.0,-67.27496794183469
5738,2,0.0,0.0,48.43015803798875,0.0,0.0,0.0,11.324220623767417
5739,3,0.0,0.0,59.562397730845674,0.0,0.0,0.0,0.0
5740,4,0.0,0.0,49.12260176264816,0.0,0.0,0.0,6.329204757622392
5741,5,0.0,0.0,89.16006183299213,0.0,0.0,0.0,-30.009044951863416
5742,6,0.0,0.0,62.275799397300915,0.0,0.0,0.0,0.0
5743,7,7.131551144700593,7.642480318050115,71.50086398211948,509.9120683787656,442.1561709714368,428.16893305890596,509.91206837876564
5744,8,16.776378622964074,16.905736818602445,46.67186508348867,782.9848796805027,1040.1354746237726,1040.6089474355047,806.9927320454326
5745,9,21.39085819438424,23.025584323977363,101.75704219691653,2176.670459914215,1326.2332080518229,1219.6551083998347,2055.7917680256724
5746,10,24.974940885075142,27.901976305038286,73.58801937235313,1837.8564336742838,1548.4463348746588,1460.6791069276092,1837.8564336742838
5747,11,35.13767190388566,39.59257197553197,100.16662865972322,3519.6221335637047,2178.535658040911,1896.9490609920197,3410.21605752697
5748,12,39.3039007614765,37.501539105655496,51.72650371746251,2033.0533688492917,2436.8418472115427,2395.0178247181684,2033.053368849292
5749,13,31.3480343742267,29.85442840589376,65.78238782684706,2062.1485548147134,1943.5781312020554,1924.6642864674413,2062.1485548147134
5750,14,24.79456207101413,29.568433790354568,71.37638820516182,1769.7462877576856,1537.262848402876,1407.3157436503752,1769.7462877576854
5751,15,18.469558728053364,16.43509914554265,81.14530589335824,1498.7179927032348,1145.1126411393086,1142.7912808865237,1498.7179927032348
5752,16,15.896768184656043,15.095366565523271,99.91664706857811,1588.3517762372792,985.5996274486747,995.96774911675,1480.7489687833136
5753,17,10.002508139423275,9.80909380719755,46.15644619325603,461.6802287348959,620.155504644243,614.859304710034,489.40610964530686
5754,18,2.6604411469887815e-15,2.386861148570888e-15,86.53463189595767,2.3022029533553365e-13,1.6494735111330446e-13,1.6574099955428688e-13,-11.070229097348033
5755,19,0.0,0.0,65.85706336720949,0.0,0.0,0.0,0.0
5756,20,0.0,0.0,57.23897763453958,0.0,0.0,0.0,0.0
5757,21,0.0,0.0,77.89448894667561,0.0,0.0,0.0,0.0
5758,22,0.0,0.0,68.50032083174311,0.0,0.0,0.0,0.0
5759,23,0.0,0.0,74.58376742626137,0.0,0.0,0.0,0.0
5760,0,0.0,0.0,61.097036566637605,0.0,0.0,0.0,0.0
5761,1,0.0,0.0,54.44674102794918,0.0,0.0,0.0,0.0
5762,2,0.0,0.0,38.82849852349002,0.0,0.0,0.0,80.58680458296726
5763,3,0.0,0.0,32.31426543515981,0.0,0.0,0.0,127.57791226898314
5764,4,0.0,0.0,65.3316512270467,0.0,0.0,0.0,0.0
5765,5,0.0,0.0,52.205660212756,0.0,0.0,0.0,0.0
5766,6,0.0,0.0,70.4843261511614,0.0,0.0,0.0,0.0
5767,7,5.763064273970206,5.740492279462966,65.72658166814915,378.7865146618954,357.30998498615276,357.02320635699874,378.7865146618954
5768,8,16.66399615730809,16.933932911649823,23.341910414674302,388.96950545436226,1033.1677617531016,1042.0277911004482,581.270447318357
5769,9,25.278560628528737,25.88933583733929,72.59964376682093,1835.2144965691714,1567.2707589687816,1549.711243688471,1835.2144965691714
5770,10,23.052037621597695,20.040435042673042,58.53598188254662,1349.3736565736258,1429.226332539057,1374.7223081437517,1349.3736565736258
5771,11,27.859233578551503,28.400555801988233,88.92329732968676,2477.3349108827288,1727.2724818701931,1700.6642634409811,2449.0337916559947
5772,12,35.95605494811486,37.82908082754593,30.160542524740244,1084.454124284515,2229.2754067831215,2274.788665449698,1227.568144002688
5773,13,28.588311561434928,23.05267303302557,115.37248349452283,3298.3045037579273,1772.4753168089655,1908.2610016105002,3079.2093895318712
5774,14,29.321934419669386,32.363392230066836,65.59470772155696,1923.3637180888743,1817.959934019502,1757.1508981135596,1923.3637180888743
5775,15,20.217341797562398,22.437604256581075,94.70469772932839,1914.6772438286634,1253.4751914488686,1128.2948575816026,1844.6713828354395
5776,16,17.70481730412959,18.242307176680658,70.72908902046998,1252.2455991949394,1097.6986728560346,1083.5028336501189,1252.2455991949394
5777,17,9.58897554760345,8.041845413125625,75.88602936057407,727.6692799432623,594.5164839514139,586.6485877209986,727.6692799432623
5778,18,4.458995107209727e-15,4.111826110247779e-15,101.20594716264974,4.5127682321878137e-13,2.764576966470031e-13,2.812848942076431e-13,-116.90330971395406
5779,19,0.0,0.0,77.43010996357975,0.0,0.0,0.0,0.0
5780,20,0.0,0.0,72.34859529764516,0.0,0.0,0.0,0.0
5781,21,0.0,0.0,85.51877057013402,0.0,0.0,0.0,-3.7422062420785096
5782,22,0.0,0.0,66.27865264032174,0.0,0.0,0.0,0.0
5783,23,0.0,0.0,66.28750599975825,0.0,0.0,0.0,0.0
5784,0,0.0,0.0,40.85506803446579,0.0,0.0,0.0,65.96793159635922
5785,1,0.0,0.0,64.1828722927682,0.0,0.0,0.0,0.0
5786,2,0.0,0.0,52.23209002785792,0.0,0.0,0.0,0.0
5787,3,0.0,0.0,59.45984319015653,0.0,0.0,0.0,0.0
5788,4,0.0,0.0,60.62473830251992,0.0,0.0,0.0,0.0
5789,5,0.0,0.0,79.91341254274693,0.0,0.0,0.0,0.0
5790,6,0.0,0.0,72.59639289095836,0.0,0.0,0.0,0.0
5791,7,6.42337317700998,6.769058241095452,42.20672649281616,271.1095548433518,398.24913697461875,401.4438172572841,327.32715553969444
5792,8,13.889724359893192,13.54380331100305,54.597783732569916,758.3481667064566,861.1629103133779,853.8806972440749,758.3481667064566
5793,9,21.606350445944482,22.9352783802707,70.87848798064158,1531.4254503884058,1339.593727648558,1304.2467563014338,1531.4254503884058
5794,10,35.13023154630096,29.476588287590715,67.02781998870739,2354.7028362470705,2178.0743558706595,2111.762010799524,2354.7028362470705
5795,11,31.652676620834875,30.329555177432333,41.34369204498742,1308.63851461137,1962.4659504917622,1921.4594651214202,1371.0817053541164
5796,12,37.63178380295688,39.22911235373932,45.70210677261868,1719.8518014068375,2333.1705957833265,2340.953365958324,1750.8551076644346
5797,13,31.330817652335966,27.241395212167166,96.51107916889315,3023.7710228707515,1942.5106944448298,1984.9724328129987,2940.734638775634
5798,14,25.302057506705435,26.088348862607184,120.75284492667598,3055.295426433039,1568.727565415737,1498.7939817736583,2797.3885073452684
5799,15,21.400138817557046,20.54015946778863,51.131640327039555,1094.2242009680444,1326.8086066885369,1306.469003103675,1094.2242009680444
5800,16,13.423618214391459,13.4943522740586,93.6713679756365,1257.4086813247188,832.2643292922704,828.3676458272689,1194.8568535342501
5801,17,7.479359805237226,8.394415649730904,89.82836408746887,671.8586557260298,463.720307924708,417.70630833388554,637.0287419503009
5802,18,4.409576266325876e-15,5.8417188257481786e-15,107.7281601672803,4.750355382885917e-13,2.733937285122043e-13,1.6933396341660633e-13,-163.95198136814713
5803,19,0.0,0.0,91.39787125115453,0.0,0.0,0.0,-46.15171929645078
5804,20,0.0,0.0,91.58198674967082,0.0,0.0,0.0,-47.479855870645906
5805,21,0.0,0.0,22.91286412466964,0.0,0.0,0.0,195.3959125447357
5806,22,0.0,0.0,62.35729128338988,0.0,0.0,0.0,0.0
5807,23,0.0,0.0,39.19882154609506,0.0,0.0,0.0,77.9154403873847
5808,0,0.0,0.0,35.73782710578042,0.0,0.0,0.0,102.88168894500518
5809,1,0.0,0.0,26.330911711485477,0.0,0.0,0.0,170.7394656460631
5810,2,0.0,0.0,54.56757959493812,0.0,0.0,0.0,0.0
5811,3,0.0,0.0,57.52052325889686,0.0,0.0,0.0,0.0
5812,4,0.0,0.0,65.96824583484766,0.0,0.0,0.0,0.0
5813,5,0.0,0.0,49.26086793665321,0.0,0.0,0.0,5.331807123257079
5814,6,0.0,0.0,90.18282241985406,0.0,0.0,0.0,-37.386836354559705
5815,7,9.881906716986787,11.528556077789334,44.42033153500847,438.9575725665802,612.6782164531808,623.3395886619901,479.20709973814974
5816,8,17.967322257509753,19.20823991352102,34.45307403281139,619.0294839093633,1113.9739799656047,1137.4690897993296,731.1788746978871
5817,9,22.498148316822796,23.042026167325105,69.91175584638238,1572.885052121414,1394.8851956430133,1381.0763030059409,1572.885052121414
5818,10,35.321126044535966,36.00486335544188,45.16839700566934,1595.3986438668876,2189.90981476123,2193.697380154163,1630.2519218389946
5819,11,15.030101193230072,14.263272620214675,93.88167035646174,1411.0510056470878,931.8662739802645,938.3162629371205,1346.9821394439643
5820,12,18.909969828315944,16.44860532595289,70.7827409656237,1338.4994960254471,1172.4181293555885,1150.4801247036382,1338.4994960254471
5821,13,28.413542953673424,31.826089669978916,65.98552164025571,1874.882453445953,1761.6396631277523,1691.7442155422432,1874.882453445953
5822,14,27.836508144906624,31.163357522088436,65.78086764897182,1831.1096580896287,1725.8635049842107,1658.5743681589067,1831.1096580896287
5823,15,19.738049202267817,17.11606070052972,71.0668134144499,1402.7202598227987,1223.7590505406047,1200.9480391537334,1402.7202598227987
5824,16,16.564101765769387,14.40680251725013,85.90976827554995,1423.0181443898757,1026.974309477702,1032.2215649754885,1416.4554349464152
5825,17,4.886501527132013,5.296969960109979,95.27209090859088,465.5472177178893,302.96309468218476,279.5294051995892,391.4484061615671
5826,18,3.0162766219954158e-15,2.900372545003733e-15,72.82334253875005,2.1965534563519607e-13,1.8700915056371578e-13,1.861534895155337e-13,2.2737367544323206e-13
5827,19,0.0,0.0,58.05755128248899,0.0,0.0,0.0,0.0
5828,20,0.0,0.0,84.97363917824082,0.0,0.0,0.0,0.0
5829,21,0.0,0.0,76.28762751565257,0.0,0.0,0.0,0.0
5830,22,0.0,0.0,76.79265508057655,0.0,0.0,0.0,0.0
5831,23,0.0,0.0,36.45519783559224,0.0,0.0,0.0,97.7068594971962
5832,0,0.0,0.0,36.81334290168638,0.0,0.0,0.0,95.12334227577617
5833,1,0.0,0.0,67.31667535446394,0.0,0.0,0.0,0.0
5834,2,0.0,0.0,67.92094364588773,0.0,0.0,0.0,0.0
5835,3,0.0,0.0,42.66969584158334,0.0,0.0,0.0,52.877922452066
5836,4,0.0,0.0,34.297100647666625,0.0,0.0,0.0,113.27452125869684
5837,5,0.0,0.0,43.292267086990165,0.0,0.0,0.0,48.386939087111216
5838,6,0.0,0.0,43.19019132934227,0.0,0.0,0.0,49.12327333470773
5839,7,9.859596584635758,9.1723998371033,79.03581429248405,779.2612446620818,611.294988247417,609.4236557906854,779.2612446620818
5840,8,12.729250507557733,14.161480456936964,81.65833295241866,1039.4493761808935,789.2135314685795,731.819900741548,1039.4493761808935
5841,9,16.738055906826084,18.996304394398315,72.24811496338322,1209.2929874199065,1037.7594662232173,973.8281270201895,1209.2929874199065
5842,10,25.342573979490957,23.87017553621036,55.341814269843866,1402.5040222927664,1571.2395867284395,1541.064784129474,1402.5040222927664
5843,11,31.239927526282408,31.306313687488842,50.63858719759083,1581.9457940860698,1936.8755066295093,1936.7893218581016,1581.9457940860698
5844,12,32.28644936606369,30.09659201514792,58.85357427084699,1900.1729457075703,2001.7598606959489,1962.6494041226822,1900.1729457075703
5845,13,24.352809182236975,20.67938106137268,63.712927921779055,1551.5887761207034,1509.8741692986923,1457.6552716229535,1551.5887761207034
5846,14,27.793871962594253,31.206262439080888,83.55805341793285,2322.4018381416367,1723.2200616808436,1578.3723890766205,2322.4018381416367
5847,15,20.277951167115187,24.178071912831793,100.47415551400466,2037.4100190701238,1257.2329723611417,1009.2137856849135,1925.7855656235033
5848,16,9.9794784764384,9.905861528214686,106.99002966536786,1067.7046982390445,618.7276655391809,620.0706243550572,909.0772991250747
5849,17,10.01530406950848,9.37295478708294,69.4266328991781,695.3288390074098,620.9488523095257,614.5703076671485,695.3288390074097
5850,18,3.652467073403142e-15,4.120558264483161e-15,75.54533994522052,2.7592686669896506e-13,2.2645295855099477e-13,2.11271977203577e-13,2.2737367544323206e-13
5851,19,0.0,0.0,70.40663296752871,0.0,0.0,0.0,0.0
5852,20,0.0,0.0,95.38220308939205,0.0,0.0,0.0,-74.89311739024129
5853,21,0.0,0.0,41.845641038478874,0.0,0.0,0.0,58.822328718588835
5854,22,0.0,0.0,62.44078238293107,0.0,0.0,0.0,0.0
5855,23,0.0,0.0,39.824849501017994,0.0,0.0,0.0,73.39952168362515
5856,0,0.0,0.0,49.519299988163894,0.0,0.0,0.0,3.46758025305013
5857,1,0.0,0.0,64.72884768334823,0.0,0.0,0.0,0.0
5858,2,0.0,0.0,43.537402547100726,0.0,0.0,0.0,46.61862858186504
5859,3,0.0,0.0,35.7849900893257,0.0,0.0,0.0,102.54147378713179
5860,4,0.0,0.0,68.30216420324322,0.0,0.0,0.0,0.0
5861,5,0.0,0.0,59.92064842451733,0.0,0.0,0.0,0.0
5862,6,0.0,0.0,72.14574529785347,0.0,0.0,0.0,0.0
5863,7,9.061664862564387,8.600122419506386,68.93716526687889,624.6854882236705,561.823221478992,557.0706607654723,624.6854882236705
5864,8,13.772590699896591,12.726113797452031,42.28518399833776,582.3765318789227,853.9006233935887,822.206906719435,638.0281710812951
5865,9,21.26782649362654,23.319944305011695,92.76241959598612,1972.8550450964153,1318.6052426048454,1207.8872800605918,1916.86001234383
5866,10,30.341725118372047,27.773698888098966,60.0144156249522,1820.940902032032,1881.1869573390668,1837.5582762016768,1820.940902032032
5867,11,30.130070141394484,24.10155423891603,86.23226101586542,2598.1840728590623,1868.064348766458,1884.1857804434069,2589.29502800779
5868,12,34.33827557199102,34.931216358093465,62.03841896886334,2130.2923266034645,2128.973085463443,2119.7540280618564,2130.2923266034645
5869,13,31.876202425631114,32.968687621065314,85.39836331405839,2722.175515816515,1976.324550389129,1927.4380729623995,2719.3018800200603
5870,14,24.947894819911994,30.706938747929286,101.99014184880687,2544.4393315119382,1546.7694788345436,1169.623068456624,2421.8791506906196
5871,15,20.58973706326142,20.672519187600514,102.59667584155588,2112.4385791423006,1276.5636979222081,1271.0797261608652,1985.5031013701318
5872,16,15.711187054365912,13.210469514949235,88.76699399628268,1394.634846929373,974.0935973706866,985.5349940327018,1367.461238289393
5873,17,7.803131518009336,8.944910495352431,81.86477039420436,638.8015700776136,483.79415411657885,437.7451084354484,638.8015700776136
5874,18,3.1136708575398136e-15,3.0952484143303705e-15,59.33322927997534,1.847441468927872e-13,1.9304759316746845e-13,1.9272519897361538e-13,1.7053025658242404e-13
5875,19,0.0,0.0,56.714567854831245,0.0,0.0,0.0,0.0
5876,20,0.0,0.0,97.32849670985277,0.0,0.0,0.0,-88.93291177087485
5877,21,0.0,0.0,52.05403496727786,0.0,0.0,0.0,0.0
5878,22,0.0,0.0,78.58443725889985,0.0,0.0,0.0,0.0
5879,23,0.0,0.0,75.60972678515216,0.0,0.0,0.0,0.0
5880,0,0.0,0.0,62.455932744573474,0.0,0.0,0.0,0.0
5881,1,0.0,0.0,58.67633095243417,0.0,0.0,0.0,0.0
5882,2,0.0,0.0,26.689890993220313,0.0,0.0,0.0,168.14993072210257
5883,3,0.0,0.0,23.864007870950736,0.0,0.0,0.0,188.534736777715
5884,4,0.0,0.0,40.17504370210552,0.0,0.0,0.0,70.87335886580979
5885,5,0.0,0.0,90.37870026075376,0.0,0.0,0.0,-38.79982182655806
5886,6,0.0,0.0,89.99535683814544,0.0,0.0,0.0,-36.034533601796284
5887,7,9.029390644925817,7.852998725394657,64.41015504358582,581.5844513887752,559.8222199854007,543.7146104212363,581.5844513887752
5888,8,10.883910344562016,9.331713070388197,94.68776715204994,1030.5731684096759,674.802441362845,688.796780917331,960.6894379219605
5889,9,25.113036474878218,26.67200740811736,44.3879743428607,1114.7168187182192,1557.0082614424496,1567.1650070709206,1155.1997579092877
5890,10,24.397818463817256,24.065864850289923,62.40600000655822,1522.570259212986,1512.66474475667,1507.620543623948,1522.570259212986
5891,11,37.25048458739866,32.30544775741926,93.73077193133585,3491.516675193205,2309.530044418717,2350.5643504371355,3428.53633070071
5892,12,26.136155358290143,25.529363737393066,119.33151168222713,3118.8669284663033,1620.441632213989,1637.127572766688,2871.212946699314
5893,13,27.32018359580144,34.392998195932456,94.0698239007188,2570.004859792348,1693.8513829396893,1300.6928582518651,2504.578728146032
5894,14,30.941252733647516,32.52845593835719,44.09847534423614,1364.4620707945342,1918.357669486146,1929.272716441668,1407.0333415566251
5895,15,15.243094855317546,17.941029191847157,116.53284365743124,1776.321189630114,945.0718810296878,719.3463595984979,1548.8556949417018
5896,16,16.338376216661793,13.783127760882277,80.78134261253366,1319.8359668906278,1012.9793254330311,1009.3662218995556,1319.8359668906278
5897,17,9.049056540779386,9.36616253581048,102.25235778021958,925.28736698121,561.041505528322,540.1710326475348,800.8356638727814
5898,18,3.063451207934953e-15,3.2519341231038825e-15,89.48226417318648,2.741245502701027e-13,1.8993397489196708e-13,1.8053756812334265e-13,-32.33328552776197
5899,19,0.0,0.0,101.60137437537864,0.0,0.0,0.0,-119.75576563368713
5900,20,0.0,0.0,75.93423921219707,0.0,0.0,0.0,0.0
5901,21,0.0,0.0,123.10811137657382,0.0,0.0,0.0,-274.8968821234316
5902,22,0.0,0.0,81.80277989876095,0.0,0.0,0.0,0.0
5903,23,0.0,0.0,32.1622422815419,0.0,0.0,0.0,128.67454732725645
5904,0,0.0,0.0,19.781367743149367,0.0,0.0,0.0,217.98529209057992
5905,1,0.0,0.0,17.533663478547197,0.0,0.0,0.0,234.19934395394546
5906,2,0.0,0.0,61.89921871191028,0.0,0.0,0.0,0.0
5907,3,0.0,0.0,70.09926683269298,0.0,0.0,0.0,0.0
5908,4,0.0,0.0,1.1064820780930873,0.0,0.0,0.0,352.69855018427165
5909,5,0.0,0.0,81.74305711250963,0.0,0.0,0.0,0.0
5910,6,0.0,0.0,69.50864306348412,0.0,0.0,0.0,0.0
5911,7,6.697569689447001,7.358986509543919,97.57697103628122,653.528563600645,415.2493207457141,375.5833512198403,562.8032560600631
5912,8,16.333124858444293,13.881978610423078,45.13082492260858,737.1273984255555,1012.6537412235461,943.6493629805966,772.2517065829743
5913,9,14.233491841738408,15.171490449454572,78.49636472528296,1117.2773669234375,882.4764941877813,848.595556837314,1117.2773669234375
5914,10,33.177847463594986,33.07153312637207,66.75785346868678,2214.881879381115,2057.026542742889,2055.7580415445295,2214.881879381115
5915,11,23.75382402754753,18.841497673507508,60.10376728222654,1427.694311414678,1472.7370897079468,1389.6098457556427,1427.694311414678
5916,12,27.24945145187346,30.220089474448834,50.82835020163161,1385.044661198183,1689.4659900161544,1684.9047602486482,1385.0446611981831
5917,13,26.689280706240023,23.692985781027083,97.87810951692822,2612.2963398934003,1654.7354037868815,1688.9188805499355,2519.398738150169
5918,14,20.488897272153565,26.808216539025178,90.47258849916993,1853.6835717053148,1270.3116308735212,947.4529608863716,1814.2064771649866
5919,15,25.569388884641143,29.152140206727797,88.20838179895259,2255.4344171023204,1585.3021108477508,1412.3968221804712,2232.290416485806
5920,16,16.610566825076774,16.326616586703654,113.16419158544716,1879.7213665358606,1029.8551431547598,1036.3499777576183,1676.5559989882631
5921,17,6.919714338251251,6.918345609056557,88.44250151420177,611.99684583863,429.02228897157755,429.02821813691224,587.1639979546753
5922,18,3.619159671195642e-15,3.0148947712229915e-15,93.79764659726303,3.394686598178755e-13,2.243878996141298e-13,2.2943244496989936e-13,-63.462751950969164
5923,19,0.0,0.0,88.51883447880394,0.0,0.0,0.0,-25.38348377784655
5924,20,0.0,0.0,82.58027593432581,0.0,0.0,0.0,0.0
5925,21,0.0,0.0,40.35396678318281,0.0,0.0,0.0,69.58267834265217
5926,22,0.0,0.0,62.101643384464545,0.0,0.0,0.0,0.0
5927,23,0.0,0.0,80.49030515262501,0.0,0.0,0.0,0.0
5928,0,0.0,0.0,50.78927985546297,0.0,0.0,0.0,0.0
5929,1,0.0,0.0,41.398521554555835,0.0,0.0,0.0,62.047672290525554
5930,2,0.0,0.0,69.37039612183247,0.0,0.0,0.0,0.0
5931,3,0.0,0.0,51.125635280413796,0.0,0.0,0.0,0.0
5932,4,0.0,0.0,40.7566464583268,0.0,0.0,0.0,66.67790602009603
5933,5,0.0,0.0,40.094615725917876,0.0,0.0,0.0,71.45353455782987
5934,6,0.0,0.0,61.422880237258475,0.0,0.0,0.0,0.0
5935,7,4.662421677259063,3.836263660567409,53.238810573630275,248.2217844899828,289.0701439900619,270.83609957107916,248.2217844899828
5936,8,12.285295174627791,10.266377382142005,85.77263771844885,1053.7421722775573,761.6883008269231,766.3913259914647,1048.1686685761088
5937,9,16.086202385827725,13.242141637505435,55.9502997302031,900.0278450077694,997.344547921319,940.3573200149904,900.0278450077694
5938,10,21.224568114878323,23.023332611080384,78.29364342727027,1661.7487678840935,1315.923223122456,1251.4068392928868,1661.7487678840935
5939,11,35.358214772456364,29.196062361785142,72.39408359355306,2559.725555956009,2192.2093158922944,2144.7333989814388,2559.725555956009
5940,12,35.237002709144846,39.41159658606754,80.75619815279735,2845.6063730903584,2184.6941679669803,2022.1135754209079,2845.6063730903584
5941,13,31.17848164794904,34.212470995518665,106.18864805914316,3310.8008147325145,1933.0658621728405,1718.454167916832,3157.954266387173
5942,14,26.062032652249666,23.363279748978506,53.657186271436494,1398.4153406340204,1615.8460244394794,1557.128959860218,1398.4153406340204
5943,15,13.347833728645679,14.115260120978467,103.2229298790598,1377.8025050093422,827.565691176032,776.1261266467809,1246.3494776628622
5944,16,12.071089985513353,13.777643298849494,102.01740830732871,1231.4613157666224,748.4075791018279,636.5912018226214,1108.7044454699283
5945,17,9.096247531863328,8.460586898886046,66.03997488996443,600.7159585971551,563.9673469755263,556.0406469112038,600.7159585971551
5946,18,3.0693202736420153e-15,3.523128239972417e-15,92.71224827809287,2.845635832548825e-13,1.9029785696580494e-13,1.6584200482203908e-13,-55.63311665748927
5947,19,0.0,0.0,73.07929244166945,0.0,0.0,0.0,0.0
5948,20,0.0,0.0,103.03932814894176,0.0,0.0,0.0,-130.12859689483219
5949,21,0.0,0.0,57.15952076107663,0.0,0.0,0.0,0.0
5950,22,0.0,0.0,58.19560052411182,0.0,0.0,0.0,0.0
5951,23,0.0,0.0,49.71492527030889,0.0,0.0,0.0,2.0564166402756996
5952,0,0.0,0.0,36.586290018907626,0.0,0.0,0.0,96.76121220158376
5953,1,0.0,0.0,19.86361446214593,0.0,0.0,0.0,217.39199670541595
5954,2,0.0,0.0,33.344882254972596,0.0,0.0,0.0,120.14344910100095
5955,3,0.0,0.0,53.7291218853446,0.0,0.0,0.0,0.0
5956,4,0.0,0.0,58.99711025241903,0.0,0.0,0.0,0.0
5957,5,0.0,0.0,73.56974325176479,0.0,0.0,0.0,0.0
5958,6,0.0,0.0,83.49660800293165,0.0,0.0,0.0,0.0
5959,7,8.657151794258034,8.88415681389788,71.93841969557583,622.7818191436418,536.7434112439981,530.4047444918515,622.7818191436418
5960,8,14.487589312616077,12.20437260431821,81.94107359549628,1187.1286220863992,898.2305373821968,896.9880227145557,1187.1286220863994
5961,9,23.202357524322647,25.28515322519555,75.36544501384157,1748.6560001908315,1438.546166508004,1371.465968875621,1748.6560001908315
5962,10,26.2404779319788,24.556404260560353,46.01143516902887,1207.3620491715753,1626.9096317826854,1580.6120490689955,1236.133982405064
5963,11,30.015746117700086,28.05549994742486,77.1257283047202,2314.9862799371967,1860.9762592974052,1852.8300568946029,2314.9862799371967
5964,12,27.489910563171474,23.649968424154533,76.21159647635815,2095.0499710116,1704.3744549166313,1685.784132891073,2095.0499710116
5965,13,22.088944298115727,22.57678774022082,72.29264027939148,1596.8681042951957,1369.514546483175,1355.6764768027365,1596.8681042951957
5966,14,26.146980977092785,23.489265389633093,80.87079497074821,2114.527137702524,1621.1128205797527,1617.5331334302623,2114.527137702524
5967,15,27.133430544441826,26.961598392272915,85.96484110078514,2332.5210452721317,1682.2726937553932,1682.6977430638256,2325.561062193216
5968,16,17.511642468146555,16.824736419777608,81.10898313882808,1420.3515136820847,1085.7218330250864,1084.9193463475485,1420.3515136820847
5969,17,6.018389038587177,5.278419891095069,109.64357729597948,659.8777037496088,373.140120392405,388.1116815626625,482.10865883186466
5970,18,2.5834749469353744e-15,2.4630060048837614e-15,94.32368203441428,2.4368286943860753e-13,1.6017544670999322e-13,1.6122867794161716e-13,-67.25736407777765
5971,19,0.0,0.0,98.95427501180117,0.0,0.0,0.0,-100.66063508450713
5972,20,0.0,0.0,100.12975375266423,0.0,0.0,0.0,-109.1400750040691
5973,21,0.0,0.0,60.61403287660089,0.0,0.0,0.0,0.0
5974,22,0.0,0.0,53.605797023610876,0.0,0.0,0.0,0.0
5975,23,0.0,0.0,80.45772821920401,0.0,0.0,0.0,0.0
5976,0,0.0,0.0,37.95814520090329,0.0,0.0,0.0,86.86519010463707
5977,1,0.0,0.0,48.88579580484369,0.0,0.0,0.0,8.037429519154898
5978,2,0.0,0.0,40.252227405208856,0.0,0.0,0.0,70.31658607997997
5979,3,0.0,0.0,31.03701268159717,0.0,0.0,0.0,136.79150976712043
5980,4,0.0,0.0,63.30797282250167,0.0,0.0,0.0,0.0
5981,5,0.0,0.0,51.97143452594351,0.0,0.0,0.0,0.0
5982,6,0.0,0.0,43.95095052150339,0.0,0.0,0.0,43.63545663591452
5983,7,7.2343360402730985,7.2114912591792875,83.38767912682997,603.2544924219548,448.5288344969321,448.54118802579586,603.2544924219549
5984,8,10.724269315000168,9.594561495751709,42.4288183601161,455.0180748111088,664.9046975300104,630.8119386337778,509.6335923902268
5985,9,9.335054185676613,9.883312608347259,73.4372756829647,685.5409477489469,578.77335951195,562.4371255535656,685.5409477489469
5986,10,26.44510816566386,24.366864948575408,85.64571658087914,2264.9102389071395,1639.5967062711593,1644.2400989793443,2260.2522942227383
5987,11,23.71602600902617,27.330168422917648,93.91342643566827,2227.2532639450747,1470.3936125596224,1270.1998200771118,2162.955321914076
5988,12,25.454338503708453,28.19695000882647,86.4925303029988,2201.6101443747925,1578.1689872299241,1451.6916396525246,2190.843619560306
5989,13,27.30516154363993,27.369259805670865,61.050565552269866,1666.9955547353077,1692.9200157056757,1692.002564016711,1666.9955547353077
5990,14,23.554683189484333,21.278538898409828,86.29666852260515,2032.6906873579092,1460.3903577480287,1466.587163748767,2023.337032161266
5991,15,24.10805037486651,25.543615533451497,88.82822538811729,2141.475332366728,1494.6991232417238,1424.3057812413485,2113.8600246213505
5992,16,9.949132533868108,10.894914158824601,82.29714756904329,818.7852283237132,616.8462170998226,578.1907654007077,818.7852283237132
5993,17,5.15605908799954,4.949263184720237,97.8622824700979,504.58371090232635,319.67566345597146,322.03245677793836,411.80027923128466
5994,18,2.148558822036008e-15,2.254626856709632e-15,57.9450554762671,1.2449836013689957e-13,1.332106469662325e-13,1.3210421742421997e-13,1.1368683772161603e-13
5995,19,0.0,0.0,46.40240542891907,0.0,0.0,0.0,25.951628013302184
5996,20,0.0,0.0,62.15591460522518,0.0,0.0,0.0,0.0
5997,21,0.0,0.0,82.3916341832591,0.0,0.0,0.0,0.0
5998,22,0.0,0.0,79.70453951398167,0.0,0.0,0.0,0.0
5999,23,0.0,0.0,31.738286665153762,0.0,0.0,0.0,131.73279589675812
6000,0,0.0,0.0,82.70691045000896,0.0,0.0,0.0,0.0
6001,1,0.0,0.0,52.651574553260424,0.0,0.0,0.0,0.0
6002,2,0.0,0.0,19.02935491373935,0.0,0.0,0.0,223.41001597885727
6003,3,0.0,0.0,56.923322455315315,0.0,0.0,0.0,0.0
6004,4,0.0,0.0,78.7942626397921,0.0,0.0,0.0,0.0
6005,5,0.0,0.0,47.627233360398165,0.0,0.0,0.0,17.116202500499753
6006,6,0.0,0.0,82.0416732672399,0.0,0.0,0.0,0.0
6007,7,8.199828852606117,8.334460016965183,93.08651917410843,763.2935257125268,508.3893888615793,501.07108797366294,704.9605664580761
6008,8,14.649140982228255,12.668337792642891,66.68785422953951,976.9197784108111,908.2467408981519,884.508578917216,976.9197784108111
6009,9,23.881971904361468,22.683392970937895,49.34603825577571,1178.4806992159818,1480.682258070411,1450.7292056241142,1183.1981212561031
6010,10,29.67821781198367,34.17300631305547,88.06557839264624,2613.6294172752782,1840.0495043429876,1623.93120503506,2591.5155440970484
6011,11,31.81027570527255,33.609595135009144,91.01664314458137,2895.264512197538,1972.237093726898,1879.0848803212577,2851.862822070447
6012,12,35.119526321586704,36.295537949208935,43.053804050585114,1512.0292045989602,2177.4106319383754,2187.0336351298824,1562.136321958924
6013,13,19.872218517285088,17.791792937238117,83.55278639807065,1660.3792290305053,1232.0775480716754,1233.4601776888233,1660.3792290305053
6014,14,17.124417300394175,15.47168126966545,103.24133326193014,1767.947673426357,1061.7138726244389,1087.2172422261058,1636.3618913358387
6015,15,19.706373218314894,17.165767907608412,101.25797241490304,1995.4273957379135,1221.7951395355235,1257.2200171232264,1878.1487963777522
6016,16,10.37336680382166,8.08893986525889,85.04240544142532,882.1760655232239,643.1487418369429,647.219143078978,881.8701693973915
6017,17,8.773126918827888,8.489805982317087,68.82074588715213,603.773138316388,543.9338689673291,540.9917395357493,603.773138316388
6018,18,3.319983935593151e-15,3.164789956625714e-15,118.91356773005786,3.947911345878602e-13,2.0583900400677536e-13,2.1005797960772537e-13,-244.6390989716083
6019,19,0.0,0.0,83.2579314519769,0.0,0.0,0.0,0.0
6020,20,0.0,0.0,71.42714542740941,0.0,0.0,0.0,0.0
6021,21,0.0,0.0,56.76483315023543,0.0,0.0,0.0,0.0
6022,22,0.0,0.0,58.46970492516577,0.0,0.0,0.0,0.0
6023,23,0.0,0.0,25.82951811262477,0.0,0.0,0.0,174.35632127245304
6024,0,0.0,0.0,73.3292317190658,0.0,0.0,0.0,0.0
6025,1,0.0,0.0,45.43442486142511,0.0,0.0,0.0,32.93425796656027
6026,2,0.0,0.0,7.985791278554075,0.0,0.0,0.0,303.0739274449701
6027,3,0.0,0.0,31.155022952766018,0.0,0.0,0.0,135.94023022502276
6028,4,0.0,0.0,72.50067250591316,0.0,0.0,0.0,0.0
6029,5,0.0,0.0,54.47725970730668,0.0,0.0,0.0,0.0
6030,6,0.0,0.0,46.72428178138316,0.0,0.0,0.0,23.62973898428993
6031,7,7.2249864948779745,7.597134634074878,67.53786748107755,487.96018044364365,447.9491626824344,439.60473267712985,487.96018044364365
6032,8,13.764938511301832,15.154222278873164,60.612870602017836,834.33243683027,853.4261877007136,834.30118474853,834.3324368302699
6033,9,20.03120210095398,21.21836726574276,69.9784372671928,1401.7522196080688,1241.9345302591466,1211.6938167135906,1401.7522196080688
6034,10,29.853713886830867,29.651943396859775,70.87452789764647,2115.86787772055,1850.9302609835138,1849.1457817705896,2115.8678777205505
6035,11,29.151894376491043,33.278057754032936,54.03451749728973,1575.2085467656473,1807.4174513424446,1784.5455217244626,1575.2085467656473
6036,12,30.42303605204559,31.986959459166147,61.54001844840267,1872.2341998993052,1886.2282352268264,1862.886642310691,1872.234199899305
6037,13,37.40555565025715,36.753889731595905,53.601845076230134,2005.0067989553884,2319.1444503159432,2304.9390350691006,2005.0067989553884
6038,14,29.041000945057085,28.59624172694385,63.69547375467036,1849.7803135052407,1800.5420585935392,1794.213848898878,1849.7803135052407
6039,15,14.55857581665895,13.013792842594057,77.53946506706203,1128.8641809620005,902.6317006328549,896.6913903311042,1128.8641809620008
6040,16,15.446029720346504,13.659100918059979,81.07095988964447,1252.2244559124679,957.6538426614832,955.5152818615846,1252.2244559124679
6041,17,7.507710196919568,7.0978515369137725,76.69541986177195,575.8069857532529,465.47803220901324,463.6425067984997,575.8069857532528
6042,18,3.3931335961685922e-15,2.964471502308446e-15,90.69776310383068,3.077496270849481e-13,2.1037428296245273e-13,2.1295625292351333e-13,-41.10141530875808
6043,19,0.0,0.0,75.19773266396831,0.0,0.0,0.0,0.0
6044,20,0.0,0.0,60.86853051624493,0.0,0.0,0.0,0.0
6045,21,0.0,0.0,30.01894234046658,0.0,0.0,0.0,144.13546758737542
6046,22,0.0,0.0,44.437587607540024,0.0,0.0,0.0,40.125048671710374
6047,23,0.0,0.0,50.031774244101435,0.0,0.0,0.0,0.0
6048,0,0.0,0.0,72.50124619569236,0.0,0.0,0.0,0.0
6049,1,0.0,0.0,49.452689007563265,0.0,0.0,0.0,3.948085589600396
6050,2,0.0,0.0,19.733508402542963,0.0,0.0,0.0,218.3305304935849
6051,3,0.0,0.0,52.811358684055115,0.0,0.0,0.0,0.0
6052,4,0.0,0.0,44.298847786245034,0.0,0.0,0.0,41.12586301077522
6053,5,0.0,0.0,68.74184629724662,0.0,0.0,0.0,0.0
6054,6,0.0,0.0,33.25120136502455,0.0,0.0,0.0,120.81922608471936
6055,7,6.724606209981516,5.766306761002899,89.43779691856048,601.4339645656175,416.925585018854,421.7921628108682,569.4214482707487
6056,8,13.670007240436355,15.47360028131171,75.60237686143134,1033.4850390899644,847.540448907054,788.9183164651843,1033.4850390899644
6057,9,20.910416759008527,24.069710320762926,62.805319665160724,1313.2854088812646,1296.4458390585287,1244.2964873097148,1313.2854088812646
6058,10,25.692706748679857,22.81903615810349,37.686394774378314,968.265489353083,1592.9478184181512,1496.0039550484028,1057.0909798312869
6059,11,22.89311033310508,22.46135977351543,47.15967208209581,1079.6315762484749,1419.3728406525152,1407.8752170665884,1100.1205813614383
6060,12,29.53188290094089,31.0228518349547,87.66318831798878,2588.859012129974,1830.9767398583351,1760.0379507187868,2569.6478222106357
6061,13,29.67051205153131,29.909683811516352,92.37840113488677,2740.9144641738517,1839.5717471949413,1826.78251533397,2687.6895891074055
6062,14,25.953691265926757,23.072413586903195,101.64469226682165,2638.054961913222,1609.128858487459,1650.1395796527072,2517.986718099229
6063,15,17.05773848193069,15.079180611144112,121.37496822533538,2070.382466240418,1057.579785879703,1115.0197469149662,1807.987795098817
6064,16,13.012747362335846,11.089310189327064,103.81320325805605,1350.894986871904,806.7903364648224,837.295862385024,1215.1839602275033
6065,17,8.977473641611558,10.08110735185735,96.00087256314114,861.8453030073099,556.6033657799167,492.5914068480397,782.4893480936347
6066,18,1.783264787204987e-15,1.92524445907447e-15,135.26919136319734,2.4122078575168275e-13,1.105624168067092e-13,9.535831220787083e-14,-362.6221156974975
6067,19,0.0,0.0,70.56128102178242,0.0,0.0,0.0,0.0
6068,20,0.0,0.0,72.98621807058977,0.0,0.0,0.0,0.0
6069,21,0.0,0.0,37.704201381147115,0.0,0.0,0.0,88.69704064153876
6070,22,0.0,0.0,74.98962923191746,0.0,0.0,0.0,0.0
6071,23,0.0,0.0,53.25328883192291,0.0,0.0,0.0,0.0
6072,0,0.0,0.0,40.94616706309112,0.0,0.0,0.0,65.31077914169907
6073,1,0.0,0.0,38.86383581234,0.0,0.0,0.0,80.33189532148322
6074,2,0.0,0.0,34.10026076580833,0.0,0.0,0.0,114.69444651465307
6075,3,0.0,0.0,47.47316816832508,0.0,0.0,0.0,18.22756801862073
6076,4,0.0,0.0,24.512756862479144,0.0,0.0,0.0,183.85491747915196
6077,5,0.0,0.0,30.287183989770913,0.0,0.0,0.0,142.20047814849346
6078,6,0.0,0.0,40.35686166316755,0.0,0.0,0.0,69.56179582044945
6079,7,4.9464461486989535,4.473156719841508,53.903387471653986,266.63020336099027,306.6796612193351,296.469644232629,266.63020336099027
6080,8,12.416963979978972,12.79262366331212,58.362450641604504,724.6844474001037,769.8517667586963,765.7371424671369,724.6844474001037
6081,9,16.48849566624916,17.528842787220256,29.854470750988952,492.2553115958437,1022.286731307448,1047.964486940272,637.5772123469753
6082,10,25.030974558445887,31.937476640546077,58.891725347514274,1474.1172788766125,1551.920422623645,1471.703772050007,1474.1172788766125
6083,11,27.37823279975641,24.31835498325034,55.28514777337926,1513.6096461085122,1697.4504335848974,1634.6123569020385,1513.6096461085122
6084,12,22.649659276490016,26.254089296812953,96.2316431846343,2179.6139297487293,1404.278875142381,1194.1782569027769,2098.593286608779
6085,13,12.480438951960677,11.861299594106203,73.74130433613036,920.323847005028,773.787215021562,769.6426826951019,920.323847005028
6086,14,30.360192876142538,28.326786763755678,96.55353794948864,2931.384035020423,1882.3319583208374,1903.5101950321523,2848.0413700317413
6087,15,23.12870379064137,22.475068874955742,117.46815857749161,2716.886244570892,1433.979635019765,1451.0402376929146,2482.673757023469
6088,16,16.910340875187494,20.929624155254142,108.9931460719741,1843.1112531361848,1048.4411342616247,750.0437855645725,1670.034162478465
6089,17,5.306086886662859,4.0574352637024145,70.60632046477059,374.6432711336347,328.9773869730973,317.6830088292505,374.6432711336347
6090,18,2.3400677248578735e-15,2.467056231306959e-15,97.88902165940372,2.2906694020308397e-13,1.4508419894118817e-13,1.3741901051816915e-13,-92.97631763429592
6091,19,0.0,0.0,62.17970034812625,0.0,0.0,0.0,0.0
6092,20,0.0,0.0,58.48985736747781,0.0,0.0,0.0,0.0
6093,21,0.0,0.0,53.3619661582281,0.0,0.0,0.0,0.0
6094,22,0.0,0.0,65.22282294316348,0.0,0.0,0.0,0.0
6095,23,0.0,0.0,39.84366652749971,0.0,0.0,0.0,73.26378307775354
6096,0,0.0,0.0,54.122874895366465,0.0,0.0,0.0,0.0
6097,1,0.0,0.0,76.10123404799894,0.0,0.0,0.0,0.0
6098,2,0.0,0.0,27.964108638124973,0.0,0.0,0.0,158.9582273004977
6099,3,0.0,0.0,18.68849981755676,0.0,0.0,0.0,225.8688101780911
6100,4,0.0,0.0,40.54659313950238,0.0,0.0,0.0,68.19314779772998
6101,5,0.0,0.0,85.88208887630508,0.0,0.0,0.0,-6.363041176611205
6102,6,0.0,0.0,76.27144535596767,0.0,0.0,0.0,0.0
6103,7,8.951469437617385,7.441281038629009,46.630061363447226,417.40756916912113,554.9911051322779,514.1745576813942,441.71697707919463
6104,8,14.351719274904035,15.008661500430316,45.20857651571595,648.8207989715744,889.8065950440501,893.4127344402925,683.3842378087026
6105,9,13.976169976385695,14.448750255279034,79.36234565671978,1109.1816326229907,866.5225385359131,848.9411665221974,1109.1816326229907
6106,10,21.947493156274614,24.71828047030376,74.02258180817215,1624.610107644636,1360.744575689026,1276.1573508766232,1624.6101076446357
6107,11,28.595483055530273,29.79117100581275,83.36918587670485,2383.9821420906674,1772.919949442877,1722.4481886383455,2383.9821420906674
6108,12,18.338521511846746,15.019864241847094,61.32988499929159,1124.6994153785959,1136.9883337344984,1083.881234535376,1124.6994153785959
6109,13,21.778604998837917,24.885849900995446,82.19659719786581,1790.127222620907,1350.273509927951,1223.666496839512,1790.127222620907
6110,14,26.027645913366875,29.633574677349525,98.6611716243307,2567.918040435999,1613.7140466287462,1392.575184185167,2469.371737561746
6111,15,24.825040712831353,26.422207569977452,103.61117346972566,2572.151599690171,1539.152524195544,1431.3214539687756,2437.89793623964
6112,16,12.126074041361278,12.567674680782215,64.74029635935396,785.0456271131982,751.8165905643992,743.4591348727578,785.0456271131982
6113,17,9.36738201811539,9.80305810390698,85.8697581169679,804.3748280848031,580.7776851231541,561.0253523118936,798.1007361416637
6114,18,3.1146489546031714e-15,3.5515634814834622e-15,81.7805479615709,2.5471769821538134e-13,1.9310823518539662e-13,1.755330490761738e-13,3.410605131648481e-13
6115,19,0.0,0.0,64.73439131587129,0.0,0.0,0.0,0.0
6116,20,0.0,0.0,60.29089890274871,0.0,0.0,0.0,0.0
6117,21,0.0,0.0,79.86993866825527,0.0,0.0,0.0,0.0
6118,22,0.0,0.0,47.18062006296739,0.0,0.0,0.0,20.33789464276782
6119,23,0.0,0.0,54.85758138503375,0.0,0.0,0.0,0.0
6120,0,0.0,0.0,63.08392262624958,0.0,0.0,0.0,0.0
6121,1,0.0,0.0,85.9006976539502,0.0,0.0,0.0,-6.497277557528264
6122,2,0.0,0.0,55.98725678833174,0.0,0.0,0.0,0.0
6123,3,0.0,0.0,65.26790539277997,0.0,0.0,0.0,0.0
6124,4,0.0,0.0,58.60838009326917,0.0,0.0,0.0,0.0
6125,5,0.0,0.0,53.210447788339636,0.0,0.0,0.0,0.0
6126,6,0.0,0.0,58.031144991940245,0.0,0.0,0.0,0.0
6127,7,5.387381947914919,5.75908511780486,63.71859679040933,343.27641809512073,334.017680770725,327.4577717939836,343.2764180951208
6128,8,16.318487171935775,16.416968397375733,21.71242347048816,354.3139038747983,1011.7462046600181,1015.1792080489893,558.3693217344985
6129,9,15.44069235657681,15.286289323075955,65.16164070247322,1006.1408475366826,957.3229261077622,955.2958042749751,1006.1408475366825
6130,10,15.062498584914097,15.467137440062894,86.8073110413118,1307.5349997199569,933.874912264674,915.055507586022,1294.4977708377805
6131,11,28.62903924848742,32.61802226515757,56.14112283673179,1607.2664091469478,1775.00043340622,1742.3848985241245,1607.2664091469478
6132,12,8.915354360430076,9.923835432947676,120.92346539995691,1078.0755445318212,552.7519703466647,462.84151424388904,818.9378366582231
6133,13,35.18184351750815,31.821958469778043,73.15724819570744,2573.8068581928846,2181.274298085505,2157.311383385617,2573.8068581928846
6134,14,19.26573903466931,19.99513925694726,84.3516186722455,1625.0962724914205,1194.4758201494972,1162.791022169429,1625.0962724914207
6135,15,17.32276197376997,20.5871412261271,104.52174641045367,1810.6053341510349,1074.0112423737382,849.9044805168577,1669.7831567198823
6136,16,15.049792062808372,15.47506940647221,98.48406224879646,1482.1646583450627,933.0871078941191,907.1005027182867,1384.8959526376723
6137,17,6.90639510671873,6.432681039195315,111.90182360369866,772.8382069694869,428.19649661656126,438.5833254470564,578.7790640480835
6138,18,3.3295266069436907e-15,2.8793856171297553e-15,114.05196930802826,3.797390663854053e-13,2.0643064963050882e-13,2.1702650802795312e-13,-209.5694458170392
6139,19,0.0,0.0,110.77659536776304,0.0,0.0,0.0,-185.94219032096305
6140,20,0.0,0.0,84.13713625377613,0.0,0.0,0.0,0.0
6141,21,0.0,0.0,47.7903842575119,0.0,0.0,0.0,15.939296290453967
6142,22,0.0,0.0,57.73335448638155,0.0,0.0,0.0,0.0
6143,23,0.0,0.0,90.10228971724015,0.0,0.0,0.0,-36.8059052074143
6144,0,0.0,0.0,58.5371543733367,0.0,0.0,0.0,0.0
6145,1,0.0,0.0,42.16825906187769,0.0,0.0,0.0,56.49508956803686
6146,2,0.0,0.0,39.102135592552926,0.0,0.0,0.0,78.61289471439716
6147,3,0.0,0.0,29.302855335504194,0.0,0.0,0.0,149.30103675053988
6148,4,0.0,0.0,71.73607465039781,0.0,0.0,0.0,0.0
6149,5,0.0,0.0,48.28847726386549,0.0,0.0,0.0,12.346249836352854
6150,6,0.0,0.0,42.8439612143807,0.0,0.0,0.0,51.62084079901092
6151,7,5.092867050488824,5.3819013220978125,48.82195060799978,248.64370359207487,315.7577571303071,316.0388608044228,257.1416871748388
6152,8,8.090533052381735,7.410621317882845,18.598460335810657,150.47145807028681,501.61304924766756,468.9425052781838,376.9897775498341
6153,9,16.472817476746798,14.206625290186977,84.96734709485183,1399.6516001768864,1021.3146835583015,1025.2250215658946,1399.6516001768864
6154,10,19.96042873510266,19.928764155625263,69.11355973239884,1379.536283667808,1237.5465815763648,1237.2247165026006,1379.536283667808
6155,11,15.658803900966081,16.098654668812394,58.15571220799046,910.6488931859418,970.8458418598971,966.1417961297012,910.6488931859418
6156,12,18.49359532083493,18.848903883586335,112.043303603216,2072.0835152473232,1146.6029098917656,1118.8696093208805,1877.003791422137
6157,13,30.395864397648833,30.407744772554235,76.51651316088511,2325.785558219176,1884.5435926542277,1884.1438698198558,2325.785558219176
6158,14,24.22561467276435,27.70001117503689,37.62729352392571,911.5443140896257,1501.9881097113898,1553.9855215904001,1000.796137673621
6159,15,18.944158929716153,17.499383958084355,100.8414191275331,1910.3558706501055,1174.5378536424014,1194.231674245699,1796.0821223780686
6160,16,14.666213757415566,18.002199967778015,67.2992999004273,987.0259180640829,909.3052529597651,835.4994774586464,987.0259180640829
6161,17,4.391057459797676,3.5128291673652816,102.6814345629258,450.8800792202623,272.24556250745593,285.42871408217775,323.33318546877297
6162,18,3.9640007101985164e-15,3.6174502499445095e-15,97.6023277947848,3.8689569669555536e-13,2.45768044032308e-13,2.4965001421091845e-13,-90.90822119338668
6163,19,0.0,0.0,84.21777598092405,0.0,0.0,0.0,0.0
6164,20,0.0,0.0,49.965822178792834,0.0,0.0,0.0,0.24654531930957546
6165,21,0.0,0.0,43.876922129073904,0.0,0.0,0.0,44.169468255288166
6166,22,0.0,0.0,61.521978808337984,0.0,0.0,0.0,0.0
6167,23,0.0,0.0,38.494818656867125,0.0,0.0,0.0,82.99383950672848
6168,0,0.0,0.0,77.73588829210573,0.0,0.0,0.0,0.0
6169,1,0.0,0.0,48.822481504983145,0.0,0.0,0.0,8.494153901360619
6170,2,0.0,0.0,29.902730557290944,0.0,0.0,0.0,144.97377354657928
6171,3,0.0,0.0,70.82299742909797,0.0,0.0,0.0,0.0
6172,4,0.0,0.0,15.13466304363157,0.0,0.0,0.0,251.5047867048151
6173,5,0.0,0.0,54.68565090022857,0.0,0.0,0.0,0.0
6174,6,0.0,0.0,73.62342381786937,0.0,0.0,0.0,0.0
6175,7,7.642036504326035,9.871159138059918,44.03509160727468,336.5177775341341,473.8062632682142,489.31234233431377,379.54627357028437
6176,8,9.622192303748806,10.579182371135397,61.069403014158254,587.6215396773677,596.5759228324259,582.8557918781719,587.6215396773678
6177,9,15.65772694573743,14.35873854387863,58.03537504164317,908.7020555955138,970.7790706357207,946.7822490279401,908.7020555955138
6178,10,24.233972404290647,24.38752444576206,47.459908594696934,1150.142115194042,1502.5062890660201,1502.9170583212947,1168.46533254602
6179,11,35.226479661782435,29.060778924338432,65.6651384070166,2313.151662582899,2184.041739030511,2105.421987534361,2313.151662582899
6180,12,24.863012095771342,25.226371995603813,95.52550313275435,2375.051739844315,1541.5067499378233,1520.6473921652314,2299.124912471986
6181,13,31.086887560020365,29.354157961903468,114.96240443126351,3573.823340184276,1927.3870287212626,1969.3568642595667,3357.68637454764
6182,14,30.18324677860899,38.83018839857804,91.89123916895181,2773.575948628653,1871.3613002737573,1414.2489551111642,2723.8652678029366
6183,15,25.171791734320994,27.47327125864989,75.32220712466285,1895.9949107114023,1560.6510875279016,1486.6521712554536,1895.994910711402
6184,16,17.93350623018556,12.491085581743857,107.07731896084168,1920.2717666958208,1111.8773862715047,1211.5171648373166,1761.0146970392361
6185,17,9.288699912630223,11.340349466939367,65.04969287041902,604.227076482084,575.8993945830738,536.2777002183134,604.227076482084
6186,18,3.657937093890243e-15,3.83514569759936e-15,76.77420337770515,2.8083520638918127e-13,2.2679209982119508e-13,2.2077272152435671e-13,2.2737367544323206e-13
6187,19,0.0,0.0,100.52305864587626,0.0,0.0,0.0,-111.97722134804508
6188,20,0.0,0.0,61.838957572648624,0.0,0.0,0.0,0.0
6189,21,0.0,0.0,69.68487356430172,0.0,0.0,0.0,0.0
6190,22,0.0,0.0,48.47742673614077,0.0,0.0,0.0,10.983242882424577
6191,23,0.0,0.0,53.009579691627245,0.0,0.0,0.0,0.0
6192,0,0.0,0.0,51.96468911978541,0.0,0.0,0.0,0.0
6193,1,0.0,0.0,60.27857682673089,0.0,0.0,0.0,0.0
6194,2,0.0,0.0,53.31408127963514,0.0,0.0,0.0,0.0
6195,3,0.0,0.0,65.15169358342268,0.0,0.0,0.0,0.0
6196,4,0.0,0.0,61.19178964217558,0.0,0.0,0.0,0.0
6197,5,0.0,0.0,53.32512529296934,0.0,0.0,0.0,0.0
6198,6,0.0,0.0,50.31426399586689,0.0,0.0,0.0,0.0
6199,7,6.204990491234427,7.005875264792318,47.25162767505983,293.1959004190957,384.70941045653444,387.0603800036462,313.0215741601675
6200,8,16.66900108505546,13.932291372346876,9.657379863578072,160.97887542477562,1033.4780672734385,883.6241490394841,451.9946222457987
6201,9,21.960942083131194,22.763673856131586,63.72692943852735,1399.5034065352875,1361.578409154134,1347.4032402600833,1399.5034065352875
6202,10,23.91228564941873,26.592729088302892,47.39019496460084,1133.2078789751804,1482.5617102639612,1489.9657820243974,1152.0339829531981
6203,11,28.825581407992743,26.95533001256615,53.162875995770705,1532.4508098991116,1787.18604729555,1745.8014180410871,1532.4508098991118
6204,12,23.420225867791416,23.396640841748223,73.85108499592788,1729.6090911860927,1452.0540038030679,1451.8980670106002,1729.6090911860924
6205,13,24.954907941823823,26.461315170912865,70.49388768356776,1759.1684776047018,1547.204292393077,1507.8609130802008,1759.1684776047018
6206,14,31.188602037495077,35.50703948292093,86.58830847766691,2700.5682942098147,1933.6933263246947,1734.028705858546,2689.110863427001
6207,15,19.960104199813802,16.305954156453044,82.17727288595823,1640.2669296602598,1237.5264603884557,1236.1852216597085,1640.2669296602598
6208,16,13.866286201536878,13.582155840567582,120.69284658012056,1673.5615531581332,859.7097444952865,867.8130386641063,1416.0874384735423
6209,17,6.408138974954378,5.70115459208914,133.4449121033253,855.13354225868,397.30461644717144,424.22918633193314,505.67105747822484
6210,18,2.7299120415956888e-15,2.909211232099939e-15,81.37788806871663,2.2215447655841565e-13,1.692545465789327e-13,1.6213235957061326e-13,2.2737367544323206e-13
6211,19,0.0,0.0,64.53066884916815,0.0,0.0,0.0,0.0
6212,20,0.0,0.0,39.735199664017834,0.0,0.0,0.0,74.04622024159585
6213,21,0.0,0.0,105.08561867271843,0.0,0.0,0.0,-144.88972948800313
6214,22,0.0,0.0,48.02132737171646,0.0,0.0,0.0,14.273363769805997
6215,23,0.0,0.0,46.51663833000235,0.0,0.0,0.0,25.127596928859248
6216,0,0.0,0.0,39.35639724309377,0.0,0.0,0.0,76.77875147159659
6217,1,0.0,0.0,44.31854823630037,0.0,0.0,0.0,40.983751735747035
6218,2,0.0,0.0,40.46111464080204,0.0,0.0,0.0,68.80975596676564
6219,3,0.0,0.0,67.38776764677081,0.0,0.0,0.0,0.0
6220,4,0.0,0.0,-1.567134835109485,-0.0,0.0,0.0,371.9849678754845
6221,5,0.0,0.0,53.56972522454582,0.0,0.0,0.0,0.0
6222,6,0.0,0.0,76.85986763692857,0.0,0.0,0.0,0.0
6223,7,5.430529910596904,6.4954343357196045,52.21065121351464,283.53150306673376,336.692854457008,333.2177369198534,283.53150306673376
6224,8,16.27988174294602,15.066422018094663,76.30242700850323,1242.194488398203,1009.3526680626533,1003.560606684291,1242.1944883982032
6225,9,21.103988155853298,18.93511476658133,68.59742164671579,1447.6791739543646,1308.4472656629046,1285.5614573147154,1447.6791739543646
6226,10,23.473902389564557,23.517456675797398,56.30519613041031,1321.7026779905395,1455.3819481530027,1455.0168981136137,1321.7026779905395
6227,11,30.886254762231598,29.883657469895056,32.37628068485521,999.9820534859562,1914.947795258359,1877.1320416464162,1127.11261220816
6228,12,18.36901036365754,15.812458770767739,92.538955427146,1699.8490312832882,1138.8786425467674,1157.807904213821,1645.4659808898764
6229,13,25.705662034680568,25.343542933162432,86.56512709313215,2225.213901045225,1593.7510461501952,1594.809826390397,2213.9236916255736
6230,14,9.393658869000959,9.67799428814157,80.06783221524341,752.129902210402,582.4068498780595,571.5779950740256,752.129902210402
6231,15,19.792956117672134,21.764196393083658,100.85577595063641,1996.233947604719,1227.1632792956723,1100.8664669189673,1881.8566348744675
6232,16,14.13121775958023,18.639103602224047,78.2440664423124,1105.6839412913805,876.1355010939742,714.7302741051631,1105.6839412913805
6233,17,4.2498520696178135,4.874340053548488,111.54060765866143,474.0310823045908,263.49082831630443,215.13937181605644,282.57760871386546
6234,18,3.22135770884422e-15,2.8118434156106814e-15,93.5600341140164,3.0139033713291496e-13,1.9972417794834165e-13,2.0306992020169265e-13,-61.7487092330648
6235,19,0.0,0.0,111.07041848805261,0.0,0.0,0.0,-188.06171439984553
6236,20,0.0,0.0,82.26027857662899,0.0,0.0,0.0,0.0
6237,21,0.0,0.0,69.09001680312136,0.0,0.0,0.0,0.0
6238,22,0.0,0.0,24.808463682555995,0.0,0.0,0.0,181.72180513310872
6239,23,0.0,0.0,58.39585024703987,0.0,0.0,0.0,0.0
6240,0,0.0,0.0,48.564811235526314,0.0,0.0,0.0,10.352885576348058
6241,1,0.0,0.0,83.1551057726511,0.0,0.0,0.0,0.0
6242,2,0.0,0.0,54.26935408981693,0.0,0.0,0.0,0.0
6243,3,0.0,0.0,66.50202518979536,0.0,0.0,0.0,0.0
6244,4,0.0,0.0,81.42712825025458,0.0,0.0,0.0,0.0
6245,5,0.0,0.0,84.11277119177737,0.0,0.0,0.0,0.0
6246,6,0.0,0.0,60.75996367026346,0.0,0.0,0.0,0.0
6247,7,4.093541255221701,3.7705595664653684,109.3691137728149,447.7069792760537,253.79955782374546,260.26785891894826,271.9178059407396
6248,8,15.771891437549202,13.626733755894708,54.83667291407236,864.8780519971441,977.8572691280506,933.0824754689698,864.8780519971441
6249,9,8.406073044308178,8.10585337379996,103.6490122199066,871.2811676909257,521.176528747107,525.9010133984694,736.7545504236753
6250,10,22.983008265527946,22.302861827882698,56.186065776941064,1291.3248141589333,1424.9465124627327,1411.4384976913434,1291.3248141589333
6251,11,18.75116826314851,16.53532641007556,97.30383509639296,1824.5605845421198,1162.5724323152076,1186.897670128007,1735.8055719219337
6252,12,27.88557612921069,26.616416186076496,56.31037878983869,1570.2473546087376,1728.9057200110628,1703.817961393825,1570.2473546087376
6253,13,25.70261301593133,24.030890188193013,92.57667164337114,2379.462365552512,1593.5620069877425,1605.9870931446605,2324.807245254
6254,14,24.89228708104719,24.90040253408299,64.74806018034616,1611.7273019500967,1543.3217990249257,1543.1681323112043,1611.7273019500965
6255,15,23.71348113188848,25.271323863507057,61.350629538382115,1454.8369959879042,1470.2358301770857,1447.3537891541966,1454.8369959879042
6256,16,10.308092314316912,10.206557001640071,71.54768936256005,737.5201868253391,639.1017234876485,638.2549968597342,737.5201868253391
6257,17,6.881695622128515,6.110162972950953,99.22094699062812,682.8083565288509,426.6651285719679,436.24425438714843,580.2240549890631
6258,18,3.780477171059152e-15,3.615370982423885e-15,97.38976682307958,3.6817979016942637e-13,2.3438958460566746e-13,2.3621274081945795e-13,-89.37489019711984
6259,19,0.0,0.0,91.2744013264734,0.0,0.0,0.0,-45.261055967705374
6260,20,0.0,0.0,79.4266485218003,0.0,0.0,0.0,0.0
6261,21,0.0,0.0,58.848713911111886,0.0,0.0,0.0,0.0
6262,22,0.0,0.0,48.071603230492684,0.0,0.0,0.0,13.910693558021137
6263,23,0.0,0.0,36.62129465928085,0.0,0.0,0.0,96.50870253498385
6264,0,0.0,0.0,31.449916697523985,0.0,0.0,0.0,133.8129830835782
6265,1,0.0,0.0,75.112456245657,0.0,0.0,0.0,0.0
6266,2,0.0,0.0,28.82308002086413,0.0,0.0,0.0,152.76194660280345
6267,3,0.0,0.0,32.20905231293423,0.0,0.0,0.0,128.33687822697766
6268,4,0.0,0.0,33.38601676932407,0.0,0.0,0.0,119.8467209417085
6269,5,0.0,0.0,30.78834076121092,0.0,0.0,0.0,138.5853309016899
6270,6,0.0,0.0,68.59305002033005,0.0,0.0,0.0,0.0
6271,7,4.002421530269688,3.399851316080708,56.122419568960474,224.62558041363624,248.15013487672064,236.1540553823581,224.62558041363621
6272,8,15.111809986029082,12.342181050759372,62.22534229910558,940.3375491397014,936.9322191338031,894.4710565510798,940.3375491397014
6273,9,22.22515993348707,19.40368142900736,63.45606073322124,1410.321098544911,1377.9599158761985,1337.3081821017634,1410.321098544911
6274,10,25.788978976656395,22.159690501619554,74.24429707791595,1914.684616479006,1598.9166965526965,1575.991289891981,1914.684616479006
6275,11,23.138757882748433,25.53020564646289,78.17613157420013,1808.8985807053018,1434.6029887304028,1349.180081294489,1808.8985807053018
6276,12,26.185141595343904,25.53130133044383,100.91671827293848,2642.5185573143235,1623.478778911322,1632.4282428438355,2527.701630712247
6277,13,33.708074283359835,33.973774805719835,58.83704367142438,1983.2834386896598,2089.90060556831,2086.8327464076106,1983.2834386896598
6278,14,20.814407312411443,20.188054184342516,73.75539993191796,1535.1749356727437,1290.4932533695096,1286.3070535237348,1535.1749356727437
6279,15,23.02079747155012,22.46343631430815,80.95205501852537,1863.580863487255,1427.2894432361074,1426.572699786786,1863.580863487255
6280,16,13.806914361017983,15.367554402734694,86.73842676088849,1197.5900300970177,856.028690383115,783.5790455213573,1185.0497052395137
6281,17,4.7211440764846575,5.296764463658319,60.92583657749597,287.6396524627174,292.7109327420488,284.561704697294,287.6396524627174
6282,18,3.0086836762874154e-15,3.6545448069557364e-15,55.96694493366145,1.6838683363358388e-13,1.8653838792981975e-13,1.8139818511262284e-13,1.7053025658242404e-13
6283,19,0.0,0.0,78.6549511705897,0.0,0.0,0.0,0.0
6284,20,0.0,0.0,102.71595424297233,0.0,0.0,0.0,-127.79590510560547
6285,21,0.0,0.0,98.22462942753137,0.0,0.0,0.0,-95.39725967897084
6286,22,0.0,0.0,40.15584631667353,0.0,0.0,0.0,71.0118412311001
6287,23,0.0,0.0,48.71226695701594,0.0,0.0,0.0,9.28919817163245
6288,0,0.0,0.0,56.5998076140115,0.0,0.0,0.0,0.0
6289,1,0.0,0.0,56.93019612817446,0.0,0.0,0.0,0.0
6290,2,0.0,0.0,30.52792038308068,0.0,0.0,0.0,140.4639007757513
6291,3,0.0,0.0,84.90156010915302,0.0,0.0,0.0,0.0
6292,4,0.0,0.0,41.944168735434864,0.0,0.0,0.0,58.11158878114196
6293,5,0.0,0.0,64.70018003352293,0.0,0.0,0.0,0.0
6294,6,0.0,0.0,55.91473348140323,0.0,0.0,0.0,0.0
6295,7,7.683750907733373,5.027904108091559,58.09976228078598,446.42410116408246,476.3925562794691,427.4581054867084,446.42410116408246
6296,8,9.49389138244653,10.530586992387954,84.94331415111675,806.4425982157356,588.6212657116848,542.8209424351305,806.4425982157356
6297,9,24.048903213671398,19.819535649026808,83.79303508821158,2015.1305908161717,1491.0319992476266,1494.6048687985683,2015.1305908161717
6298,10,19.858533527621372,19.338111320530626,87.56660230802177,1738.9443078337374,1231.229078712525,1233.1416052033326,1720.4298512878872
6299,11,33.748574526039434,33.3069155892164,48.0192169237632,1620.5801210336765,2092.411620614445,2080.934853751635,1634.8687087424623
6300,12,20.03845673894399,13.478958598462286,56.03079530853236,1122.7706678386514,1242.3843178145273,1111.3458563316835,1122.7706678386517
6301,13,30.144386482704032,27.92125493110429,129.04565305160534,3890.0020395005263,1868.95196192765,1946.281902900329,3572.274074046435
6302,14,18.69607882873834,19.63346609974545,93.61302813828509,1750.1965534702783,1159.156887381777,1107.5853219626442,1688.0655662518602
6303,15,18.14117241598135,22.196647515995508,69.14561857704304,1254.382588415821,1124.7526897908438,1025.6692279738786,1254.382588415821
6304,16,13.773862825637401,15.133418941294059,107.07473570093893,1474.8327216361126,853.9794951895188,756.304334667067,1315.5942865973911
6305,17,7.080052154060983,7.849270506560583,71.01492991999962,502.789407550583,438.96323355178095,418.37228716183535,502.78940755058306
6306,18,3.712419614376634e-15,2.7508636650455023e-15,126.8684207773238,4.70988813738725e-13,2.301700160913513e-13,2.620468608183319e-13,-302.0222707282584
6307,19,0.0,0.0,73.31612526388294,0.0,0.0,0.0,0.0
6308,20,0.0,0.0,92.17772244234993,0.0,0.0,0.0,-51.77725814463531
6309,21,0.0,0.0,67.63173110982126,0.0,0.0,0.0,0.0
6310,22,0.0,0.0,32.01762298972808,0.0,0.0,0.0,129.7177738472397
6311,23,0.0,0.0,37.64344002810721,0.0,0.0,0.0,89.13534907249766
6312,0,0.0,0.0,37.99815756411799,0.0,0.0,0.0,86.57655670096563
6313,1,0.0,0.0,37.15545055163386,0.0,0.0,0.0,92.65551264780493
6314,2,0.0,0.0,53.749366432009026,0.0,0.0,0.0,0.0
6315,3,0.0,0.0,2.2156066894558606,0.0,0.0,0.0,344.69776277874786
6316,4,0.0,0.0,57.23484400140882,0.0,0.0,0.0,0.0
6317,5,0.0,0.0,17.806735994743292,0.0,0.0,0.0,232.2295065470449
6318,6,0.0,0.0,69.65871596548153,0.0,0.0,0.0,0.0
6319,7,4.931665783358523,3.836840442304739,50.30319452467754,248.07854323098,305.76327856822843,279.189016499075,248.07854323098
6320,8,11.159878143465892,11.05263688788691,71.28753988915454,795.5602583104288,691.9124448948853,690.9972110126257,795.5602583104288
6321,9,19.032581189688763,16.14779989175626,41.970989619326986,798.8162675414251,1180.0200337607032,1091.9714377210535,856.734381046795
6322,10,20.886621356489876,25.732461151766806,60.44643122904152,1262.5217214320953,1294.9705241023723,1229.2704389943426,1262.5217214320953
6323,11,25.709416556662923,22.768483206000113,32.796492768968285,843.178694194989,1593.9838265131011,1483.9851832987797,967.2780087127298
6324,12,24.27303413778806,23.929853396266527,54.138566689586405,1314.1072774272463,1504.9281165428597,1497.5853956646085,1314.1072774272463
6325,13,21.759793673644673,19.90514293000137,111.91860349360174,2435.3257202632217,1349.1072077659696,1389.7963025577812,2241.1455338355904
6326,14,16.16085914901383,15.156283130724391,118.19206124968488,1910.085254387773,1001.9732672388575,1028.7392368176347,1670.6508185370008
6327,15,19.476857347087083,21.426375699114264,61.05372496276641,1189.134691608091,1207.5651555193992,1179.653596751918,1189.134691608091
6328,16,13.494134537552565,15.1991846224647,81.6807858003479,1102.2115127229079,836.636341328259,768.262158137095,1102.2115127229076
6329,17,4.603211780822598,4.965488762656176,99.81869394061722,459.48658789377447,285.39913041100107,262.65778432046227,352.59037566318796
6330,18,2.3521328834230387e-15,2.625355148486182e-15,89.10951371833292,2.0959741744272723e-13,1.458322387722284e-13,1.323386402351456e-13,-29.644410793541283
6331,19,0.0,0.0,69.95233458418403,0.0,0.0,0.0,0.0
6332,20,0.0,0.0,43.858199189988,0.0,0.0,0.0,44.30452815180314
6333,21,0.0,0.0,86.07009424648857,0.0,0.0,0.0,-7.719237750490038
6334,22,0.0,0.0,52.34324168060563,0.0,0.0,0.0,0.0
6335,23,0.0,0.0,24.413003370516584,0.0,0.0,0.0,184.57449981820983
6336,0,0.0,0.0,52.44554526473875,0.0,0.0,0.0,0.0
6337,1,0.0,0.0,43.98038984825149,0.0,0.0,0.0,43.423092946334236
6338,2,0.0,0.0,39.82726103212926,0.0,0.0,0.0,73.38212584951833
6339,3,0.0,0.0,53.38308935969502,0.0,0.0,0.0,0.0
6340,4,0.0,0.0,49.092350014470334,0.0,0.0,0.0,6.547428934902939
6341,5,0.0,0.0,79.74837025328358,0.0,0.0,0.0,0.0
6342,6,0.0,0.0,44.23534477536621,0.0,0.0,0.0,41.58394867982179
6343,7,5.032419265042903,6.22505902034063,50.8388882483402,255.84260063431046,312.00999443266,310.16306021098285,255.84260063431046
6344,8,11.3660498697414,12.443622844720867,83.87220581133329,953.2956739368285,704.6950919239667,658.531588454933,953.2956739368285
6345,9,8.061777974405016,7.617026151341472,127.18035817995037,1025.2998103520647,499.83023441311104,514.6783935019769,721.027346258085
6346,10,18.420597846976847,19.983324287858792,121.99018358051833,2247.132113015606,1142.0770665125644,1000.669499085597,1980.2995209992855
6347,11,28.797646095239248,22.041962863450912,85.35140047267512,2457.919424545134,1785.4540579048335,1799.0569662711334,2455.3845601599505
6348,12,28.656913332540313,30.93094026673418,67.81477608449094,1943.3621609188845,1776.7286266174995,1724.9525123469462,1943.3621609188845
6349,13,18.772616922036725,19.59634056539443,75.8742137415994,1424.3575488317804,1163.902249166277,1136.8488853292902,1424.3575488317806
6350,14,24.942191067288526,25.17243142461489,74.03757895749425,1846.659440517282,1546.4158461718887,1539.3827000326828,1846.6594405172818
6351,15,22.51508175897401,20.403393625362654,48.37342502102466,1089.1316193099692,1395.9350690563886,1341.6225954717618,1100.8650895373912
6352,16,7.969186712668259,8.72838523220477,106.17532567216082,846.1309945598091,494.08957618543207,440.39969681968154,693.3805486585823
6353,17,8.048057583505365,7.092284120113575,114.9172533667295,924.8606724337147,498.9795701773326,522.0977613873848,709.049408764891
6354,18,4.0006277414398196e-15,4.507215434635175e-15,84.79914018635911,3.392497926797925e-13,2.480389199692688e-13,2.2574960593243433e-13,3.410605131648481e-13
6355,19,0.0,0.0,123.32855921754714,0.0,0.0,0.0,-276.4871058832913
6356,20,0.0,0.0,129.52155773651663,0.0,0.0,0.0,-321.1609541104243
6357,21,0.0,0.0,86.2312492612847,0.0,0.0,0.0,-8.881746452856419
6358,22,0.0,0.0,49.09265602517928,0.0,0.0,0.0,6.545221494367354
6359,23,0.0,0.0,40.158307915122066,0.0,0.0,0.0,70.99408423097344
6360,0,0.0,0.0,68.83075344103824,0.0,0.0,0.0,0.0
6361,1,0.0,0.0,71.91738117330915,0.0,0.0,0.0,0.0
6362,2,0.0,0.0,36.863031015510444,0.0,0.0,0.0,94.76491182421552
6363,3,0.0,0.0,27.661000464470344,0.0,0.0,0.0,161.14473009147585
6364,4,0.0,0.0,19.13500856582357,0.0,0.0,0.0,222.64787221224807
6365,5,0.0,0.0,36.44948144397695,0.0,0.0,0.0,97.7480952912378
6366,6,0.0,0.0,54.13600991908882,0.0,0.0,0.0,0.0
6367,7,6.459059222834613,5.234640968712729,87.19289424449147,563.1840677355257,400.461671815746,404.6181685671949,547.3653937351213
6368,8,10.504479142629279,9.17816327414312,57.62530971273272,605.3238639649533,651.2777068430153,626.3681450206936,605.3238639649533
6369,9,18.39677962781581,17.84300680351742,7.8527537998381405,144.4653811271155,1140.6003369245802,1109.5279030557722,448.49898846131396
6370,10,30.129773103969956,34.04995625549868,51.10138636421691,1539.6731764521596,1868.0459324461374,1860.6887955349646,1539.6731764521596
6371,11,22.468642166621603,24.199088303517012,70.10720964927279,1575.2138069098314,1393.0558143305393,1348.697537185429,1575.2138069098314
6372,12,17.21442459299111,19.258568388298333,78.29763917923664,1347.8488054601955,1067.294324765449,993.9666984301964,1347.8488054601958
6373,13,26.93984122859683,29.084026924516447,27.338692283595307,736.5000295175229,1670.2701561730034,1729.9356281454784,899.9697636778146
6374,14,14.383937802751765,12.725575231214009,84.2687740500677,1212.1168046503158,891.8041437706095,893.7967999607719,1212.1168046503158
6375,15,21.19164507848052,25.50138002513519,110.80653537916453,2348.1727701313494,1313.8819948657922,984.152064256741,2162.014604379233
6376,16,14.973224331378272,16.30639198529181,77.9418670006766,1167.04105940758,928.3399085454529,881.1093331244259,1167.0410594075802
6377,17,7.037452812216407,8.554779618826135,75.66451568807247,532.485458714018,436.32207435741725,386.88658891390196,532.485458714018
6378,18,1.3881530549352498e-15,1.666978594354389e-15,72.05686803245993,1.000259614883254e-13,8.606548940598549e-14,7.823855397746666e-14,1.1368683772161603e-13
6379,19,0.0,0.0,84.53489840559526,0.0,0.0,0.0,0.0
6380,20,0.0,0.0,44.533615726631794,0.0,0.0,0.0,39.43233970291237
6381,21,0.0,0.0,45.85965412173623,0.0,0.0,0.0,29.86682183224059
6382,22,0.0,0.0,84.94188261601543,0.0,0.0,0.0,0.0
6383,23,0.0,0.0,70.74363198820117,0.0,0.0,0.0,0.0
6384,0,0.0,0.0,42.50089410889237,0.0,0.0,0.0,54.09559156075625
6385,1,0.0,0.0,60.57840005095287,0.0,0.0,0.0,0.0
6386,2,0.0,0.0,31.606693006047568,0.0,0.0,0.0,132.6820606408972
6387,3,0.0,0.0,32.20957738701235,0.0,0.0,0.0,128.33309054971565
6388,4,0.0,0.0,34.30078013995768,0.0,0.0,0.0,113.24797885283965
6389,5,0.0,0.0,25.92676181408393,0.0,0.0,0.0,173.65484357199426
6390,6,0.0,0.0,60.60562316210747,0.0,0.0,0.0,0.0
6391,7,7.269303571331923,7.203000400628148,104.6642876760161,760.8364801941756,450.6968214225792,451.7907054382241,618.9860663046524
6392,8,12.606768916560286,13.08715031482672,27.543606907800097,347.23588741520945,781.6196728267378,794.8640240196692,509.227448313679
6393,9,23.00933394284394,25.259443984723713,98.78368749830842,2272.9468537541165,1426.5787044563244,1288.242818035549,2173.5167696965273
6394,10,13.36972426197799,16.62463022530296,25.098370124580896,335.55828799071276,828.9229042426354,928.6110307334889,515.188822416842
6395,11,28.15668373444305,26.37895561801455,81.32854417544051,2289.942096930559,1745.714391535469,1743.9302780535606,2289.942096930559
6396,12,29.04150746925299,33.794836821792515,37.30047315710709,1083.2619697987964,1800.5734630936854,1873.6530905495235,1174.871346580983
6397,13,19.836572313781463,19.30913191379642,95.84277495346338,1901.192136117859,1229.8674834544506,1235.0796923232265,1822.9766349921483
6398,14,24.000854444701506,22.85469129523144,66.40988237937599,1593.8939206771504,1488.0529755714933,1474.078280262261,1593.8939206771502
6399,15,17.710838715037685,17.16253467559205,101.83591766391913,1803.599513143529,1098.0720003323365,1105.954933648542,1682.1518447517747
6400,16,7.527088637458066,8.505251020779191,76.7171200413566,577.4565625618017,466.6794955224001,433.523312061827,577.4565625618017
6401,17,8.364655419854246,7.79041821810189,98.1401004155297,820.9081228458004,518.6086360309632,525.272702004049,726.120622113386
6402,18,3.2973368233074112e-15,3.3395638458714482e-15,83.1714255536859,2.742442041251395e-13,2.0443488304505949e-13,2.0266285636460652e-13,3.410605131648481e-13
6403,19,0.0,0.0,105.63299236074076,0.0,0.0,0.0,-148.83826733882506
6404,20,0.0,0.0,71.11545385990405,0.0,0.0,0.0,0.0
6405,21,0.0,0.0,72.66498289087137,0.0,0.0,0.0,0.0
6406,22,0.0,0.0,63.610237191045115,0.0,0.0,0.0,0.0
6407,23,0.0,0.0,74.78243285661819,0.0,0.0,0.0,0.0
6408,0,0.0,0.0,71.96114463654958,0.0,0.0,0.0,0.0
6409,1,0.0,0.0,51.56968214350917,0.0,0.0,0.0,0.0
6410,2,0.0,0.0,15.268645317361418,0.0,0.0,0.0,250.53829143707048
6411,3,0.0,0.0,31.267184249260097,0.0,0.0,0.0,135.13114287885483
6412,4,0.0,0.0,68.96183317557036,0.0,0.0,0.0,0.0
6413,5,0.0,0.0,26.26488866016355,0.0,0.0,0.0,171.21572989273028
6414,6,0.0,0.0,47.69300243955081,0.0,0.0,0.0,16.6417703088718
6415,7,8.035063153352723,7.818469357305251,52.06343490190268,418.3329874172564,498.17391550786886,493.20256290343076,418.3329874172564
6416,8,13.889677970369661,14.106272435446247,61.7251718516938,857.3427596857529,861.1600341629189,857.8772277739448,857.342759685753
6417,9,17.593081429153578,15.873073937777464,62.2778838109403,1095.6598811212382,1090.7710486075218,1064.4694041686041,1095.6598811212382
6418,10,20.07592478884927,19.898266541121973,74.39805876202023,1493.6098321427066,1244.7073369086547,1243.6055971150422,1493.6098321427066
6419,11,29.605603166831653,27.15320879681929,48.41622658816715,1433.3915912046803,1835.5473963435625,1772.5507065293439,1444.8163078116145
6420,12,19.91765175395841,20.385175721110876,65.54186168458972,1305.439976339768,1234.8944087454215,1225.5779057222023,1305.4399763397678
6421,13,28.56203197955303,28.207393358488623,112.82546091977314,3222.524422898371,1770.845982732288,1778.867587637453,3021.8025247463893
6422,14,24.769370715419218,24.05337096005944,109.87233727527688,2721.4686533409063,1535.7009843559915,1550.3104244811143,2542.049424176505
6423,15,19.223990167957613,19.55361012875374,96.30710466043098,1851.40683309659,1191.887390413372,1172.6428979045322,1769.8418406391952
6424,16,10.390005889355775,10.76228764624166,102.99856051766324,1070.1556503736883,644.180365140058,619.331227734192,940.3211350883927
6425,17,6.02727559364356,6.815914290404926,94.91549662319069,572.0818562555149,373.6910868059007,329.01914405589173,500.55537520045726
6426,18,2.8831714224710575e-15,3.1525416556332362e-15,86.08117794740488,2.4818679227060357e-13,1.7875662819320556e-13,1.6647294893105132e-13,-7.7991911964682
6427,19,0.0,0.0,63.713338123514006,0.0,0.0,0.0,0.0
6428,20,0.0,0.0,103.61216870372164,0.0,0.0,0.0,-134.2608426759665
6429,21,0.0,0.0,105.51631025134944,0.0,0.0,0.0,-147.99656863184123
6430,22,0.0,0.0,51.04598405647003,0.0,0.0,0.0,0.0
6431,23,0.0,0.0,78.87513412906203,0.0,0.0,0.0,0.0
6432,0,0.0,0.0,44.1818952103442,0.0,0.0,0.0,41.969512756461825
6433,1,0.0,0.0,34.46840353718754,0.0,0.0,0.0,112.03880979132188
6434,2,0.0,0.0,40.621391610770786,0.0,0.0,0.0,67.65358113340233
6435,3,0.0,0.0,42.647317472947506,0.0,0.0,0.0,53.039351175316256
6436,4,0.0,0.0,64.62387144879702,0.0,0.0,0.0,0.0
6437,5,0.0,0.0,47.64247708650797,0.0,0.0,0.0,17.006240273872493
6438,6,0.0,0.0,78.81536389918143,0.0,0.0,0.0,0.0
6439,7,4.018994292351167,3.989682702049856,51.43772423101668,206.72792009598933,249.17764612577233,248.4911186511096,206.72792009598933
6440,8,13.414377004035332,12.752685034617944,64.88452917555468,870.3855360902202,831.6913742501906,822.866651067482,870.3855360902203
6441,9,20.479682563735473,20.399310699890588,43.92863894944251,899.6445811415286,1269.7403189515994,1267.405233334618,943.4409846565525
6442,10,13.273673195073098,15.120119186821597,52.60702817518893,698.2884997614606,822.967738094532,816.0273441930915,698.2884997614606
6443,11,10.865317378421414,12.269395214715736,93.03835467246138,1010.8912518824299,673.6496774621277,597.411138661259,952.9057323423476
6444,12,32.99673448410699,36.164266148830244,71.80539821771474,2369.343659515502,2045.7975380146331,1957.8771605366323,2369.3436595155026
6445,13,16.280799738462456,16.111946472797367,78.67991110176503,1280.9718760878654,1009.4095837846722,1008.9047012622657,1280.9718760878654
6446,14,12.792259358289805,12.859143339344644,73.01555469051206,934.033912790424,793.1200802139679,791.1624233185819,934.033912790424
6447,15,10.6719995736103,11.474092257819985,69.08695058248918,737.2959071583604,661.6639735638386,642.1260479391259,737.2959071583604
6448,16,11.169607965316064,10.852141184426067,96.60540222846817,1079.0444702236603,692.515693849596,695.8345079809576,995.3276767864661
6449,17,6.414000819194677,7.058671621811373,74.97246939071462,480.87348008909146,397.66805079006997,377.2219380319705,480.87348008909146
6450,18,2.5680381824781424e-15,2.6147939400653596e-15,119.40513809309167,3.066369538071347e-13,1.5921836731364484e-13,1.551386271698663e-13,-248.18509364993145
6451,19,0.0,0.0,84.32751577925066,0.0,0.0,0.0,0.0
6452,20,0.0,0.0,84.8901711448759,0.0,0.0,0.0,0.0
6453,21,0.0,0.0,96.07983853892874,0.0,0.0,0.0,-79.9255843115568
6454,22,0.0,0.0,45.31261289899621,0.0,0.0,0.0,33.81296140967095
6455,23,0.0,0.0,65.67905904061485,0.0,0.0,0.0,0.0
6456,0,0.0,0.0,62.770565262572916,0.0,0.0,0.0,0.0
6457,1,0.0,0.0,39.89487178730009,0.0,0.0,0.0,72.89440853362174
6458,2,0.0,0.0,18.68837200304514,0.0,0.0,0.0,225.86973218155615
6459,3,0.0,0.0,7.111477560928989,0.0,0.0,0.0,309.3808816941022
6460,4,0.0,0.0,34.60872078596536,0.0,0.0,0.0,111.02661651267852
6461,5,0.0,0.0,79.04040603869186,0.0,0.0,0.0,0.0
6462,6,0.0,0.0,46.247913881169396,0.0,0.0,0.0,27.06606909308016
6463,7,4.940948774508923,4.929575676914331,84.92494834388117,419.6098194449333,306.3388240195533,306.3580867629865,419.6098194449333
6464,8,14.547958413244372,15.974343473543753,50.12069451899637,729.1537795052843,901.973421621151,901.0450330175559,729.1537795052843
6465,9,13.087217982446493,10.576717055758579,73.90336962091551,967.1895078662353,811.4075149116826,794.9073158960327,967.1895078662353
6466,10,12.997993853145807,12.008638003075959,89.69595485708182,1165.8674698843934,805.87561889504,811.0914694398007,1131.9927040622872
6467,11,26.883242448772943,25.149001512452514,92.62229889502879,2489.9877173577734,1666.7610318239224,1679.7101305419549,2435.003460065391
6468,12,23.902095986789337,25.46420117638876,69.61288420929115,1663.8938402877288,1481.9299511809388,1442.8521633282064,1663.8938402877288
6469,13,30.121650931376223,34.05788069204211,62.460017126812886,1881.3988330616382,1867.5423577453257,1804.2673800737834,1881.3988330616382
6470,14,21.44964495236417,26.54860935464702,44.853974316002414,962.1018237807134,1329.8779870465785,1360.1277570653583,999.2232229988243
6471,15,19.523880653962042,15.156118812181335,76.72711517713182,1498.0110396411214,1210.4806005456467,1191.023690780685,1498.0110396411214
6472,16,12.025184619512194,10.542100286583532,155.43619966282995,1869.1489975008892,745.5614464097561,826.5039621356148,1361.0500396543905
6473,17,4.081220722231161,3.913663122136076,86.01217564466008,351.0346736051731,253.03568477833198,253.45610886991886,343.7332377998455
6474,18,3.765046260138002e-15,4.0163087076895465e-15,58.498197839611,2.2024842100084038e-13,2.3343286812855617e-13,2.30638139418583e-13,2.2737367544323206e-13
6475,19,0.0,0.0,77.87180521142315,0.0,0.0,0.0,0.0
6476,20,0.0,0.0,89.23482327553447,0.0,0.0,0.0,-30.54834450556882
6477,21,0.0,0.0,55.97966674641233,0.0,0.0,0.0,0.0
6478,22,0.0,0.0,40.184188599666385,0.0,0.0,0.0,70.80739118239518
6479,23,0.0,0.0,107.57385274528203,0.0,0.0,0.0,-162.83886849890405
6480,0,0.0,0.0,60.78864343956657,0.0,0.0,0.0,0.0
6481,1,0.0,0.0,81.48449901587199,0.0,0.0,0.0,0.0
6482,2,0.0,0.0,41.99395809444711,0.0,0.0,0.0,57.75242798673423
6483,3,0.0,0.0,86.31979707691625,0.0,0.0,0.0,-9.520495463412658
6484,4,0.0,0.0,71.49793555238138,0.0,0.0,0.0,0.0
6485,5,0.0,0.0,67.54582692454566,0.0,0.0,0.0,0.0
6486,6,0.0,0.0,37.92512474289312,0.0,0.0,0.0,87.1033866624141
6487,7,7.385966664047535,7.144111125491614,50.06996099387932,369.81506277095303,457.92993317094715,452.01716281671656,369.81506277095303
6488,8,10.977255329057975,11.68971227752883,77.73219276676106,853.2861272882897,680.5898304015944,655.536110136094,853.2861272882897
6489,9,21.982330658546278,21.823241459651147,59.063481571628856,1298.3529817525,1362.9045008298692,1360.0882419737618,1298.3529817525
6490,10,20.36270146481102,20.666063760998565,80.95372652250191,1648.4365656416605,1262.4874908182833,1250.5980677284053,1648.4365656416605
6491,11,25.125118341968946,23.356452230981365,64.74735638872703,1626.7849915964057,1557.7573372020747,1533.987379586427,1626.7849915964057
6492,12,15.907063019795292,17.482569082811597,94.92700426609834,1510.0098391412027,986.237907227308,896.9716946778033,1438.4003464898828
6493,13,25.61942136725339,18.940878323525073,67.17661680186008,1721.0260518733674,1588.4041247697103,1510.8159011910036,1721.0260518733671
6494,14,20.227919015792487,17.81832450733156,95.12847965298019,1924.2511825159468,1254.1309789791342,1276.6519160821003,1851.1883259041006
6495,15,16.423941002425607,20.277912922910307,68.39336141453633,1123.2885328299167,1018.2843421503876,927.7479831714581,1123.2885328299167
6496,16,8.529123766369343,7.271394456849374,85.27894429667114,727.3546705716252,528.8056735148992,531.2698271197943,725.3424764567485
6497,17,5.763918595901381,5.160754519331134,85.66433622776042,493.76226058873664,357.36295294588564,358.7190178903955,488.97000111703676
6498,18,3.595083329845437e-15,3.2552749124144288e-15,69.46357767267502,2.4972735012245764e-13,2.228951664504171e-13,2.195302758682303e-13,2.8421709430404007e-13
6499,19,0.0,0.0,68.63572701573027,0.0,0.0,0.0,0.0
6500,20,0.0,0.0,80.60115280185805,0.0,0.0,0.0,0.0
6501,21,0.0,0.0,82.68638842465809,0.0,0.0,0.0,0.0
6502,22,0.0,0.0,67.51433519816285,0.0,0.0,0.0,0.0
6503,23,0.0,0.0,67.45752861861281,0.0,0.0,0.0,0.0
6504,0,0.0,0.0,55.065468677723516,0.0,0.0,0.0,0.0
6505,1,0.0,0.0,36.953936792138876,0.0,0.0,0.0,94.10915341322465
6506,2,0.0,0.0,15.462833793548754,0.0,0.0,0.0,249.13749237566606
6507,3,0.0,0.0,40.26089408779726,0.0,0.0,0.0,70.25406805072464
6508,4,0.0,0.0,50.91693381007167,0.0,0.0,0.0,0.0
6509,5,0.0,0.0,44.76642342314566,0.0,0.0,0.0,37.75295682104803
6510,6,0.0,0.0,93.55716996683337,0.0,0.0,0.0,-61.72804840517006
6511,7,7.291188027135468,8.115996359091417,70.37455317360798,513.1140995144189,452.05365768239903,430.6348769945818,513.1140995144189
6512,8,12.388200586308079,15.041445848985827,65.83354486614388,815.5591591095028,768.0684363511009,714.2289663353972,815.5591591095028
6513,9,8.795231493986364,8.410958460521465,87.71216038861523,771.4487554555319,545.3043526271546,546.7584880105505,751.8843003377871
6514,10,12.648174229551314,10.733206301047279,120.41232380363428,1522.9960508535153,784.1868022321814,838.3980943753833,1267.54551681449
6515,11,23.373055336723418,20.035125003830423,70.30191781726663,1643.170615420755,1449.129430876852,1418.1749281945897,1643.170615420755
6516,12,26.39263221082874,29.67442690762882,57.755723440934275,1524.3255668469185,1636.3431970713818,1602.886434650099,1524.3255668469185
6517,13,25.44909567652907,20.298517302405994,86.88145494355135,2211.0544593744876,1577.8439319448023,1594.1253799576245,2197.4823856307357
6518,14,25.205010700189025,25.398064359876212,58.54344330548406,1475.5881149406353,1562.7106634117195,1560.5524578363088,1475.5881149406353
6519,15,16.76534274890313,16.410803752137436,69.20951764236051,1160.321284760432,1039.4512504319941,1035.872937346191,1160.321284760432
6520,16,10.24172164759422,9.411627416152355,119.40229174788233,1222.885036166647,634.9867421508417,657.8572650020878,974.7204749281949
6521,17,7.490129713425523,6.718623120818439,114.77976585104675,859.7153347009494,464.3880422323824,482.9696430297282,644.8958517325284
6522,18,3.729339554407728e-15,4.0408852405329995e-15,100.50483590281108,3.748166599416113e-13,2.3121905237327913e-13,2.1139507483773462e-13,-111.84576966829991
6523,19,0.0,0.0,89.26791285319669,0.0,0.0,0.0,-30.787039665248585
6524,20,0.0,0.0,50.57984641550198,0.0,0.0,0.0,0.0
6525,21,0.0,0.0,52.35657388722805,0.0,0.0,0.0,0.0
6526,22,0.0,0.0,88.96050854747338,0.0,0.0,0.0,-28.56954627231687
6527,23,0.0,0.0,47.183888852619006,0.0,0.0,0.0,20.314314883732607
6528,0,0.0,0.0,37.35090767223004,0.0,0.0,0.0,91.24556208610528
6529,1,0.0,0.0,47.0530635153308,0.0,0.0,0.0,21.258037257373587
6530,2,0.0,0.0,61.54076792996966,0.0,0.0,0.0,0.0
6531,3,0.0,0.0,46.701841997487655,0.0,0.0,0.0,23.79161073299565
6532,4,0.0,0.0,49.78965125957464,0.0,0.0,0.0,1.5173728325216302
6533,5,0.0,0.0,13.760896630074228,0.0,0.0,0.0,261.4145956722821
6534,6,0.0,0.0,61.08374992337903,0.0,0.0,0.0,0.0
6535,7,3.6135418410603477,3.8683276926668055,86.99918734784916,314.375203619701,224.03959414574155,212.12861439847754,299.9538547558425
6536,8,15.00615697532099,13.735925002774614,64.21564065208636,963.6299838960118,930.3817324699013,912.8039200923978,963.6299838960119
6537,9,20.206960796210012,19.07439670459674,109.01114162861727,2202.7838652395662,1252.8315693650206,1275.2091741307534,2029.5769617353271
6538,10,17.580314433981123,16.40103997453878,61.49029718682689,1081.0187591833617,1089.9794949068296,1071.2499311533625,1081.0187591833617
6539,11,20.917599133093912,21.061250448334373,68.39235122727392,1430.6037867418793,1296.8911462518226,1293.5167137889994,1430.6037867418793
6540,12,31.058467204423717,38.623454201089295,59.00830326483194,1832.7074517394717,1925.6249666742706,1836.6578518503457,1832.7074517394717
6541,13,24.646411841845033,19.27043803315515,67.23841106656164,1657.185570737749,1528.077534194392,1465.8711106794387,1657.185570737749
6542,14,21.606299133813827,22.450726137480352,95.62007671588623,2065.995980721664,1339.5905462964572,1291.014801934333,1989.3869368291498
6543,15,18.323298700261006,19.270496046000297,81.44729897030768,1492.3831873624083,1136.0445194161823,1098.337423099131,1492.3831873624083
6544,16,11.054657553073682,10.350313677167305,129.21102907564833,1428.3836785115388,685.3887682905682,709.9761957561182,1109.4627556595287
6545,17,6.80782739337316,5.440620882615795,94.2525437830556,641.6550494613891,422.0852983891359,433.96551335890723,574.9108486654376
6546,18,3.4550167732587466e-15,3.3716723986537814e-15,70.06042470784293,2.4205994250722883e-13,2.142110399420423e-13,2.1342304542790952e-13,2.2737367544323206e-13
6547,19,0.0,0.0,61.61822211794889,0.0,0.0,0.0,0.0
6548,20,0.0,0.0,108.3338323055577,0.0,0.0,0.0,-168.3210612408343
6549,21,0.0,0.0,72.94391253466094,0.0,0.0,0.0,0.0
6550,22,0.0,0.0,88.60479357867804,0.0,0.0,0.0,-26.00355881415635
6551,23,0.0,0.0,58.712466695174214,0.0,0.0,0.0,0.0
6552,0,0.0,0.0,53.66690847242701,0.0,0.0,0.0,0.0
6553,1,0.0,0.0,77.64744476991133,0.0,0.0,0.0,0.0
6554,2,0.0,0.0,57.455851938849456,0.0,0.0,0.0,0.0
6555,3,0.0,0.0,58.08754607956123,0.0,0.0,0.0,0.0
6556,4,0.0,0.0,45.24387206150902,0.0,0.0,0.0,34.30883069358924
6557,5,0.0,0.0,74.75072354273264,0.0,0.0,0.0,0.0
6558,6,0.0,0.0,61.014740724726614,0.0,0.0,0.0,0.0
6559,7,5.561886093928046,5.480930540649071,54.83789011147133,305.0020984313467,344.83693782353885,343.14726732121176,305.0020984313467
6560,8,9.917408080352288,9.672710466893122,112.55597832883126,1116.2635689703081,614.8793009818419,620.3646834055935,917.4856119206399
6561,9,21.121371670158105,19.872217564512212,60.79951198100317,1284.1690899149987,1309.5250435498026,1289.0384590090098,1284.1690899149985
6562,10,19.891259478656085,15.382290906277904,58.11546735058599,1155.9898407938717,1233.2580876766772,1150.232648078877,1155.9898407938717
6563,11,24.52923847083822,29.731871004728895,97.59668110521227,2393.972264792102,1520.8127851919696,1208.676416896028,2303.1047765897174
6564,12,22.7664598769509,23.307324795723364,94.04299981964184,2141.0261821019767,1411.5205123709559,1381.4734380116367,2075.7935487946634
6565,13,28.832630354887716,28.550633787353043,63.89156126435246,1842.1617687317369,1787.6230820030385,1783.6521955441226,1842.1617687317369
6566,14,21.56137808863165,23.962790491962714,83.34541846329907,1797.0420794424122,1336.8054414951623,1235.509608428458,1797.0420794424124
6567,15,12.158651503609425,11.34232340345369,105.36681187832578,1281.1183456749372,753.8363932237844,767.7344680342042,1134.2001993301683
6568,16,7.383232002324083,7.710771176458612,97.13323084169926,717.1571784395666,457.7603841440931,438.29914017679795,629.6328376107176
6569,17,7.733300472072896,7.019120047403201,104.42176420566388,807.5248784263451,479.46462926851956,491.11742786786834,667.4239331783606
6570,18,1.2815475748837179e-15,1.2284895733636832e-15,87.36830196142525,1.119666355003729e-13,7.945594964279051e-14,7.964304417225247e-14,-17.0839960734138
6571,19,0.0,0.0,97.83206918983912,0.0,0.0,0.0,-92.56548498615382
6572,20,0.0,0.0,68.82154224504183,0.0,0.0,0.0,0.0
6573,21,0.0,0.0,55.61068914265115,0.0,0.0,0.0,0.0
6574,22,0.0,0.0,83.56010512958213,0.0,0.0,0.0,0.0
6575,23,0.0,0.0,63.144011452085394,0.0,0.0,0.0,0.0
6576,0,0.0,0.0,67.0886070300839,0.0,0.0,0.0,0.0
6577,1,0.0,0.0,75.33847298634137,0.0,0.0,0.0,0.0
6578,2,0.0,0.0,38.5486299572398,0.0,0.0,0.0,82.6056660139705
6579,3,0.0,0.0,61.49940490848612,0.0,0.0,0.0,0.0
6580,4,0.0,0.0,99.74920533044079,0.0,0.0,0.0,-106.39494880947836
6581,5,0.0,0.0,54.119684757344686,0.0,0.0,0.0,0.0
6582,6,0.0,0.0,38.37215673098542,0.0,0.0,0.0,83.87867425088393
6583,7,5.089386171410208,5.0096610923754294,82.66246269248867,420.70119452186407,315.5419426274329,315.5416912558027,420.70119452186407
6584,8,10.300480398040898,11.032053741210683,35.93312898411746,370.12849074117713,638.6297846785357,651.1276828282349,471.60134898089825
6585,9,13.985470669364284,12.7517325548738,50.92878015540718,712.2629610899489,867.0991815005856,837.73200130385,712.2629610899489
6586,10,22.015839337665987,21.765724576869786,72.13233624910822,1588.053925910867,1364.9820389352913,1363.0059452858893,1588.0539259108668
6587,11,11.131428402624659,11.75048838314969,85.71897776735801,954.1746637635206,690.1485609627289,662.1987938711729,948.9882417808169
6588,12,27.533299888830225,24.754263819434737,79.69608962698459,2194.2963356668583,1707.064593107474,1700.873087552328,2194.2963356668583
6589,13,27.460988318560258,29.93221295582309,122.6375794579524,3367.7491369113363,1702.581275750736,1476.965943497569,3096.2464864277363
6590,14,21.392475547972825,19.525948842864736,86.76806791461001,1856.1837712081401,1326.3334839743152,1332.0750151925527,1843.4296267608888
6591,15,16.705244071519143,18.752627953645213,76.77998724456346,1282.6284267285591,1035.725132434187,966.1652976830477,1282.6284267285591
6592,16,15.050109476662024,16.584444670985327,74.37952360495804,1119.4199730765856,933.1067875530455,885.5816685959803,1119.4199730765858
6593,17,7.118553186968012,8.07151999977407,79.98572546011053,569.3826408860183,441.3502975920168,405.15456265886496,569.3826408860183
6594,18,3.46475024146435e-15,3.890429690167849e-15,63.22599750220968,2.1906229011260537e-13,2.148145149707897e-13,2.0756413108981985e-13,1.7053025658242404e-13
6595,19,0.0,0.0,92.67158681621281,0.0,0.0,0.0,-55.33980091211038
6596,20,0.0,0.0,81.0340390377614,0.0,0.0,0.0,0.0
6597,21,0.0,0.0,77.86481073125604,0.0,0.0,0.0,0.0
6598,22,0.0,0.0,78.5136257474052,0.0,0.0,0.0,0.0
6599,23,0.0,0.0,69.70774982544768,0.0,0.0,0.0,0.0
6600,0,0.0,0.0,25.71991894510021,0.0,0.0,0.0,175.14692643097436
6601,1,0.0,0.0,45.22729807833316,0.0,0.0,0.0,34.42838886991524
6602,2,0.0,0.0,45.19914361656167,0.0,0.0,0.0,34.631484050423296
6603,3,0.0,0.0,78.39700948917184,0.0,0.0,0.0,0.0
6604,4,0.0,0.0,82.6515772718505,0.0,0.0,0.0,0.0
6605,5,0.0,0.0,48.80194994811475,0.0,0.0,0.0,8.642260453073106
6606,6,0.0,0.0,42.674396127843686,0.0,0.0,0.0,52.844016441209476
6607,7,3.8102856759115507,4.143833435294595,70.11593266731771,267.1617338954594,236.23771190651615,227.6839076904696,267.1617338954594
6608,8,10.53717257198496,11.334759369966505,62.68158466362484,660.4866746861009,653.3046994630675,640.2625754325863,660.4866746861009
6609,9,20.38635635430833,18.17630043091765,65.78106168487848,1341.0361648726705,1263.9540939671165,1235.9654954845894,1341.0361648726705
6610,10,23.159820080391086,20.439779703941447,95.26548507764008,2206.331494269326,1435.9088449842473,1461.610816064301,2132.280334571535
6611,11,27.071423787219587,28.884196719740125,77.78693459397923,2105.8030715023433,1678.4282748076143,1614.557634704249,2105.8030715023433
6612,12,19.324245578325034,23.007738695169426,73.97731951948384,1429.5558896207237,1198.103225856152,1085.861115034733,1429.5558896207237
6613,13,23.6701610960685,20.7830376746722,68.94932359559732,1632.0415969727455,1467.5499879562472,1437.8472411113876,1632.0415969727458
6614,14,20.322873189463554,20.087400200025854,57.31788480645338,1164.8641044098317,1260.0181377467404,1255.5414226643188,1164.8641044098317
6615,15,19.83405503723856,20.391591931638736,96.86972243887902,1921.3194062947496,1229.7114123087906,1196.7681444991272,1835.6959111318743
6616,16,8.163194623805078,7.691562602369172,98.02883772564736,800.2284810998649,506.1180666759148,511.5520355185582,706.2435855200144
6617,17,4.936028687660674,4.831853036061762,101.72978776501098,502.141150797726,306.0337786349618,307.52321343140846,381.45906162929316
6618,18,2.627506363433899e-15,2.303199786135612e-15,87.16427288918861,2.29024681680432e-13,1.6290539453290174e-13,1.6399934699294792e-13,-15.612210834146595
6619,19,0.0,0.0,60.34601589607888,0.0,0.0,0.0,0.0
6620,20,0.0,0.0,76.11380908478431,0.0,0.0,0.0,0.0
6621,21,0.0,0.0,91.31931487344062,0.0,0.0,0.0,-45.5850445774895
6622,22,0.0,0.0,63.664916637876665,0.0,0.0,0.0,0.0
6623,23,0.0,0.0,90.17607845434512,0.0,0.0,0.0,-37.33818804781902
6624,0,0.0,0.0,58.39436282962588,0.0,0.0,0.0,0.0
6625,1,0.0,0.0,90.20568506062281,0.0,0.0,0.0,-37.551758425935304
6626,2,0.0,0.0,90.97999684299896,0.0,0.0,0.0,-43.13733816415049
6627,3,0.0,0.0,32.90003104027408,0.0,0.0,0.0,123.35243027356617
6628,4,0.0,0.0,40.41523979658094,0.0,0.0,0.0,69.14067899571506
6629,5,0.0,0.0,48.181271088877345,0.0,0.0,0.0,13.119592890733031
6630,6,0.0,0.0,28.341034965369303,0.0,0.0,0.0,156.23922947019855
6631,7,6.098751768208814,6.958598041652725,74.8889355013741,456.72902780828116,378.12260962894646,350.94186344117156,456.7290278082811
6632,8,10.340068533333996,10.087106589483126,77.93202633893833,805.8224932862124,641.0842490667078,640.1859862011551,805.8224932862124
6633,9,21.182907562590756,19.846747541091016,70.57826140503391,1495.0527872712003,1313.3402688806268,1301.2262360049165,1495.0527872712003
6634,10,15.563309866290876,17.376999206297143,53.16059275294113,827.3547776897199,964.9252117100343,956.8529503098932,827.3547776897199
6635,11,19.599857111250486,18.533230973118336,111.12819777176269,2178.0967973573333,1215.1911408975302,1237.9595006534978,1989.6182859982719
6636,12,18.572344149368718,20.778425824807943,46.62343523382954,865.9064845884853,1151.4853372608604,1159.6935184938689,890.2636907836653
6637,13,18.786614425673744,16.09251352122505,60.083279999260554,1128.761414775903,1164.770094391772,1119.138652557142,1128.7614147759032
6638,14,20.794553656403274,21.97672431729065,103.33928101680448,2148.894223918077,1289.262326697003,1209.8510750029427,2016.6018853635064
6639,15,17.44921347076922,16.678169329342325,94.01507716859321,1640.4891509856243,1081.8512351876916,1088.413829261705,1575.4579406677117
6640,16,14.573823989345119,11.660324138968058,75.30708163073822,1097.512152837624,903.5770873393974,887.4954749136363,1097.512152837624
6641,17,4.999124054903853,4.534751067858147,91.5224456950404,457.53205983770806,309.9456914040389,313.0299798240559,410.48170964669293
6642,18,2.516105291950127e-15,2.3992593297463922e-15,90.08347967578621,2.266595199295274e-13,1.5599852810090789e-13,1.566484965903097e-13,-36.67021698877727
6643,19,0.0,0.0,105.02264051710367,0.0,0.0,0.0,-144.4354299177802
6644,20,0.0,0.0,50.67411636754377,0.0,0.0,0.0,0.0
6645,21,0.0,0.0,74.36743181204109,0.0,0.0,0.0,0.0
6646,22,0.0,0.0,84.07539514252842,0.0,0.0,0.0,0.0
6647,23,0.0,0.0,37.36122017989873,0.0,0.0,0.0,91.17117172398571
6648,0,0.0,0.0,52.31815544853596,0.0,0.0,0.0,0.0
6649,1,0.0,0.0,49.6726079296703,0.0,0.0,0.0,2.3616772417877883
6650,2,0.0,0.0,17.728501589631975,0.0,0.0,0.0,232.79385868266672
6651,3,0.0,0.0,56.69524087686315,0.0,0.0,0.0,0.0
6652,4,0.0,0.0,60.386844558521744,0.0,0.0,0.0,0.0
6653,5,0.0,0.0,87.24773248759199,0.0,0.0,0.0,-16.214255452880252
6654,6,0.0,0.0,62.073538504240844,0.0,0.0,0.0,0.0
6655,7,6.254446972815375,6.171952300571736,74.2675099238053,464.5022026214799,387.77571231455323,387.2560480525842,464.5022026214799
6656,8,11.016235987333431,10.556285254902287,98.14616850040377,1081.2013534530388,683.0066312146728,688.3464873692452,986.3700799501541
6657,9,14.60567450597938,16.527953631228073,59.54776541286549,869.7352791787301,905.5518193707215,881.6488421256936,869.7352791787301
6658,10,16.543494167574075,15.621871610291212,53.1977039767599,880.0759054678595,1025.6966383895926,1005.3271928235337,880.0759054678595
6659,11,21.013041193117097,22.24211690519574,80.53813266825827,1692.3510993748407,1302.80855397326,1255.276919673731,1692.351099374841
6660,12,26.88447922003255,27.816566586540343,72.61952879646861,1952.3382128972157,1666.8377116420181,1640.0174466743294,1952.3382128972157
6661,13,23.71993426843211,24.02367833687949,80.26338018302415,1903.8421021035092,1470.6359246427908,1458.993649831365,1903.8421021035092
6662,14,21.755045370213075,18.78902889661847,76.286159989758,1659.608871696519,1348.8128129532106,1334.619297018017,1659.6088716965187
6663,15,18.28822256438444,16.94008361637691,70.17895141649788,1283.448282840036,1133.8697989918353,1121.2434175165502,1283.448282840036
6664,16,10.32908142328008,10.093209263698043,109.54367291034805,1131.4855168961453,640.403048243365,645.1577013727127,954.4371428048601
6665,17,6.877877632596419,5.895195996847969,88.85566497736308,611.1383906772865,426.428413220978,430.98977445867763,583.3251445597898
6666,18,1.4700826512122228e-15,1.2972483857606122e-15,132.409461086296,1.9465285159932366e-13,9.114512437515781e-14,9.759306887642815e-14,-341.9931496208053
6667,19,0.0,0.0,60.67078511989713,0.0,0.0,0.0,0.0
6668,20,0.0,0.0,115.12704196509945,0.0,0.0,0.0,-217.3245958575293
6669,21,0.0,0.0,74.37958114852816,0.0,0.0,0.0,0.0
6670,22,0.0,0.0,62.8708782767673,0.0,0.0,0.0,0.0
6671,23,0.0,0.0,35.30897929150319,0.0,0.0,0.0,105.97522790014554
6672,0,0.0,0.0,40.09797073520332,0.0,0.0,0.0,71.42933284436918
6673,1,0.0,0.0,76.02452819483324,0.0,0.0,0.0,0.0
6674,2,0.0,0.0,-3.31025376203349,-0.0,0.0,0.0,384.5591401677465
6675,3,0.0,0.0,14.947443173278025,0.0,0.0,0.0,252.85531699279414
6676,4,0.0,0.0,21.111757597398316,0.0,0.0,0.0,208.38838451025566
6677,5,0.0,0.0,80.74308208939568,0.0,0.0,0.0,0.0
6678,6,0.0,0.0,76.11473266049451,0.0,0.0,0.0,0.0
6679,7,6.194256412191263,5.97529065941686,45.28958148271143,280.5352805047439,384.0438975558583,377.905671360495,314.51438146578255
6680,8,10.549958791017882,11.176048605486052,59.61407067395346,628.9259889750366,654.0974450431087,646.2603104802004,628.9259889750366
6681,9,14.109300540027663,14.719568993484737,75.37934774546508,1063.5498718520234,874.7766334817151,855.1112301320187,1063.5498718520234
6682,10,17.84640351827279,17.564233722576706,96.10203620849474,1715.0757171044595,1106.477018132913,1109.3203097419523,1634.990007561458
6683,11,26.37766533353988,28.041478907283825,52.82060050743604,1393.2841229017547,1635.4152506794726,1628.7171521296243,1393.2841229017547
6684,12,15.017658331516447,15.531631577948591,89.89286875257012,1349.9803893659491,931.0948165540198,905.2079958529913,1314.6851643827576
6685,13,24.690143162377737,24.57855403115602,74.28047071865059,1833.9954562122905,1530.7888760674198,1530.087019827349,1833.9954562122907
6686,14,14.923003521206438,14.72720223664998,88.59564234670519,1322.1130827034278,925.2262183147991,926.0968941054907,1296.1755372666353
6687,15,19.68884768019265,17.356279961385756,67.82044067094017,1335.3063259736837,1220.7085561719443,1194.7361855441368,1335.3063259736837
6688,16,7.765329777803752,7.778689511999066,96.84988739270389,752.0713145475038,481.45044622383267,480.66138880342635,666.5909015829678
6689,17,7.105628517417921,5.408081049519433,73.46721760157449,522.0307564850956,440.5489680799111,428.8365919800299,522.0307564850956
6690,18,1.8812352748488533e-15,1.946230337275835e-15,89.40964609092369,1.6820058013799752e-13,1.166365870406289e-13,1.1340229899953438e-13,-31.80944732957471
6691,19,0.0,0.0,112.72043099858412,0.0,0.0,0.0,-199.9642537339937
6692,20,0.0,0.0,95.87443917297848,0.0,0.0,0.0,-78.44391431400959
6693,21,0.0,0.0,96.32571174424146,0.0,0.0,0.0,-81.69921661965668
6694,22,0.0,0.0,68.82842788339195,0.0,0.0,0.0,0.0
6695,23,0.0,0.0,79.97907080153881,0.0,0.0,0.0,0.0
6696,0,0.0,0.0,17.30492752114403,0.0,0.0,0.0,235.849354916134
6697,1,0.0,0.0,16.96007291383529,0.0,0.0,0.0,238.3370000108565
6698,2,0.0,0.0,29.899762154137687,0.0,0.0,0.0,144.99518643591543
6699,3,0.0,0.0,32.131750359858486,0.0,0.0,0.0,128.89450402145977
6700,4,0.0,0.0,74.30764087798549,0.0,0.0,0.0,0.0
6701,5,0.0,0.0,27.147781056389938,0.0,0.0,0.0,164.84689244038893
6702,6,0.0,0.0,35.3651354198621,0.0,0.0,0.0,105.57013974331085
6703,7,4.76756354768018,4.914674469085355,63.97154790660253,304.9884198881946,295.5889399561712,292.9461753879725,304.9884198881946
6704,8,7.140230957414066,6.810476789497255,74.15574286511922,529.4891308755615,442.6943193596721,440.5894349123851,529.4891308755616
6705,9,17.602130525644476,15.236513837786422,87.38937913365754,1538.239258065672,1091.3320925899575,1099.7111881578592,1521.003219586551
6706,10,17.113735250573335,14.814477095644305,70.98604372672351,1214.8363588247682,1061.0515855355468,1040.9090098735603,1214.8363588247682
6707,11,25.60472215263704,25.26658417800221,70.1709292308539,1796.707146148371,1587.4927734634966,1584.323810952411,1796.7071461483708
6708,12,27.45069316020592,29.515377708626083,93.75646962552425,2573.6800794744327,1701.942975932767,1587.9815002470118,2510.5143619535984
6709,13,17.21668124601892,18.396599465924492,69.89679104239231,1203.3907714964587,1067.434237253173,1037.4985453075042,1203.390771496459
6710,14,21.041797363552377,24.086261346572066,87.84642895516285,1848.4467571862367,1304.5914365402473,1159.041592248854,1827.9137415973
6711,15,14.794418555533328,13.450705454373772,101.30720014630921,1498.7811216536857,917.2539504430663,936.0395972299657,1381.1474128591094
6712,16,13.86776776595769,13.252323594853806,80.74794940985305,1119.7938099931425,859.8016014893768,858.9159539756,1119.7938099931425
6713,17,3.4417055398620007,3.7041556570065954,108.50330233343904,373.4364167343187,213.38574347144404,194.06177022442586,203.89286556692804
6714,18,3.0804668303397497e-15,3.3469039613985594e-15,70.36479155951739,2.1675640642286368e-13,1.909889434810645e-13,1.8407330411837448e-13,1.7053025658242404e-13
6715,19,0.0,0.0,112.7175645359016,0.0,0.0,0.0,-199.94357620299877
6716,20,0.0,0.0,68.70528653379256,0.0,0.0,0.0,0.0
6717,21,0.0,0.0,59.74914043531035,0.0,0.0,0.0,0.0
6718,22,0.0,0.0,33.2830515032108,0.0,0.0,0.0,120.58947175247022
6719,23,0.0,0.0,34.92047156839993,0.0,0.0,0.0,108.77776935140236
6720,0,0.0,0.0,37.11733730994528,0.0,0.0,0.0,92.93044653797534
6721,1,0.0,0.0,28.29265028481467,0.0,0.0,0.0,156.58825746834762
6722,2,0.0,0.0,26.349547874219166,0.0,0.0,0.0,170.6050317199204
6723,3,0.0,0.0,51.729199272641615,0.0,0.0,0.0,0.0
6724,4,0.0,0.0,65.37222829398527,0.0,0.0,0.0,0.0
6725,5,0.0,0.0,62.91377034380243,0.0,0.0,0.0,0.0
6726,6,0.0,0.0,-1.4380556881509534,-0.0,0.0,0.0,371.05384183002354
6727,7,3.620566128589299,2.6434327237277895,46.217352017563506,167.33297926787873,224.47509997253653,197.76321777657654,194.61950958859936
6728,8,12.257823343905017,16.235216117509495,90.50600612583793,1109.4066346529066,759.9850473221111,556.6109808697007,1069.6884785367836
6729,9,14.400458266909165,16.645453268973434,45.675351540191684,657.7459936809356,892.8284125483683,903.8419327697793,688.9423016305344
6730,10,19.8190441023535,16.680889424022734,71.5657569597756,1418.3648934041046,1228.7807343459172,1202.6534555481112,1418.3648934041048
6731,11,14.650054274989913,13.613152970999966,61.63133493084247,902.9024017769239,908.3033650493746,891.9446928693217,902.9024017769239
6732,12,20.72913791467891,21.2888427639789,108.43331737626326,2247.7291904387102,1285.2065507100924,1244.0449344152173,2078.690483143876
6733,13,20.66337890127808,24.629623914133806,68.99058614839596,1425.5786222055729,1281.129491879241,1184.9947223699598,1425.5786222055729
6734,14,21.117466010831887,22.952736363577927,99.08020273256172,2092.3228135512045,1309.282892671577,1195.7709562679092,1990.7537855666164
6735,15,14.416569962501782,14.798535476284842,75.72554479713676,1091.702614516485,893.8273376751105,881.3535162484847,1091.702614516485
6736,16,7.079810011897827,6.579878978161923,44.58876263367471,315.67996811202596,438.9482207376653,424.6709762933826,354.7144997825474
6737,17,7.687407927099008,8.128606270865383,98.15188558388861,754.5335832973002,476.6192914801385,449.84302709720566,659.6610690094998
6738,18,3.561027729690167e-15,3.748184506269501e-15,49.116680942088976,1.749058628251234e-13,2.2078371924079035e-13,2.208967897869628e-13,6.37191522141984
6739,19,0.0,0.0,63.20533312828873,0.0,0.0,0.0,0.0
6740,20,0.0,0.0,112.31771651002072,0.0,0.0,0.0,-197.05923028116342
6741,21,0.0,0.0,131.12420008532192,0.0,0.0,0.0,-332.721783785032
6742,22,0.0,0.0,62.90231316921969,0.0,0.0,0.0,0.0
6743,23,0.0,0.0,39.4937146979291,0.0,0.0,0.0,75.78819752305947
6744,0,0.0,0.0,53.86771553702849,0.0,0.0,0.0,0.0
6745,1,0.0,0.0,24.57088375333967,0.0,0.0,0.0,183.43561301908076
6746,2,0.0,0.0,41.555866053307355,0.0,0.0,0.0,60.9126511476868
6747,3,0.0,0.0,82.89962429879107,0.0,0.0,0.0,0.0
6748,4,0.0,0.0,57.53868001564529,0.0,0.0,0.0,0.0
6749,5,0.0,0.0,28.87429664707136,0.0,0.0,0.0,152.39249006589662
6750,6,0.0,0.0,70.62870796305847,0.0,0.0,0.0,0.0
6751,7,4.8883815480366675,5.61875010991838,32.106548888173776,156.94906115608586,303.07965597827337,319.0504893918891,286.02535865249877
6752,8,7.180012195878403,7.128979735177463,33.852692295748284,243.06274354679152,445.160756144461,443.2924332229055,359.5430513406632
6753,9,12.321162697053534,13.422806114072946,89.50111961394703,1102.7578563318905,763.9120872173191,708.966080024308,1070.2885550928033
6754,10,18.62247398759361,15.935780350138463,59.76278750885796,1112.9309558097918,1154.593387230804,1108.4416074260591,1112.9309558097916
6755,11,14.44005405075605,13.366901529677593,115.19405854140291,1663.4084316638146,895.2833511468751,921.4634905927352,1445.600404662339
6756,12,27.87288523850674,26.450269213123207,54.51142557294467,1519.3907091820881,1728.1188847874178,1698.0783119035684,1519.3907091820881
6757,13,26.062257044824744,26.562064101136915,104.40696651260143,2721.081198521828,1615.8599367791342,1581.6188010315552,2581.0869979940235
6758,14,18.345810029721726,19.516456393075515,120.60922521932254,2212.6739337056138,1137.440221842747,1033.5318577582843,1955.8030305298576
6759,15,6.175210365986792,6.375956214840868,99.29287232708448,613.1543744628152,382.8630426911811,370.39349539455884,510.05123191980493
6760,16,12.491224685492753,11.28075743541439,83.18320141389155,1039.0600589195178,774.4559305005507,774.9248667968332,1039.0600589195178
6761,17,4.5774247013390195,4.9839979602535145,78.65786675072346,360.0504622193947,283.8003314830192,269.03264200558823,360.0504622193947
6762,18,1.9233673604510304e-15,1.782749961634639e-15,76.74252031459719,1.4760405873184637e-13,1.1924877634796388e-13,1.1862399781028718e-13,1.1368683772161603e-13
6763,19,0.0,0.0,49.43185815250163,0.0,0.0,0.0,4.098351160408242
6764,20,0.0,0.0,87.81427591064354,0.0,0.0,0.0,-20.301076209894973
6765,21,0.0,0.0,80.64205926974911,0.0,0.0,0.0,0.0
6766,22,0.0,0.0,57.91110987081639,0.0,0.0,0.0,0.0
6767,23,0.0,0.0,57.92137367238256,0.0,0.0,0.0,0.0
6768,0,0.0,0.0,44.27046614406413,0.0,0.0,0.0,41.3305969811359
6769,1,0.0,0.0,26.523437412169926,0.0,0.0,0.0,169.3506611911848
6770,2,0.0,0.0,23.919309883466894,0.0,0.0,0.0,188.135809875628
6771,3,0.0,0.0,39.483983454525514,0.0,0.0,0.0,75.85839487407469
6772,4,0.0,0.0,45.4981323443628,0.0,0.0,0.0,32.47469731674357
6773,5,0.0,0.0,80.4322977862747,0.0,0.0,0.0,0.0
6774,6,0.0,0.0,75.86934578780934,0.0,0.0,0.0,0.0
6775,7,4.975015454847763,4.833531583319377,97.09561757616295,483.0521980393988,308.45095820056133,309.98205607813776,395.79918446999426
6776,8,7.094672864934177,7.6442262294417915,85.24874957282867,604.8119903639166,439.86971762591895,415.38110479062226,603.0176090752608
6777,9,16.368043907188277,14.82603630432845,39.23337714967814,642.1736398132091,1014.8187222456731,964.5878752563669,719.8398097082566
6778,10,14.04875619085553,15.490036173823848,49.169573599823195,690.7713515122427,871.0228838330428,871.7983400264377,696.761719966501
6779,11,15.157436618886925,14.16586626549858,61.938039660735015,938.8219104556956,939.7610703709893,924.3456513668442,938.8219104556956
6780,12,23.202304411189,22.439922171938353,73.01063392024503,1694.0149534714064,1438.5428734937182,1433.021682593097,1694.0149534714064
6781,13,24.235795193009544,17.96689713405322,66.07125426198158,1601.2893864386444,1502.6193019665918,1424.5930905081093,1601.2893864386447
6782,14,23.868138688124755,19.22727909152551,96.63275550171683,2306.4440101306277,1479.8245986637348,1528.43559171156,2222.5299009708665
6783,15,11.711702177096022,12.777115268925312,115.89863305865173,1357.3702731154644,726.1255349799534,637.8312454411113,1134.4797234956052
6784,16,13.141119263942464,12.090011096959783,64.56379130758829,848.4404817053095,814.7493943644328,800.4783342625852,848.4404817053095
6785,17,6.065164012558945,4.637487086608098,56.92050865520627,345.232220672107,376.0401687786546,348.4722719850197,345.232220672107
6786,18,3.0752884178921856e-15,2.844992046451266e-15,120.38788228000968,3.7022746003028166e-13,1.906678819093155e-13,1.971831762208856e-13,-255.2742225295841
6787,19,0.0,0.0,86.09900192425684,0.0,0.0,0.0,-7.927766334061175
6788,20,0.0,0.0,64.29329695307615,0.0,0.0,0.0,0.0
6789,21,0.0,0.0,100.16096086859477,0.0,0.0,0.0,-109.36519082743268
6790,22,0.0,0.0,87.40390640284608,0.0,0.0,0.0,-17.34083246815453
6791,23,0.0,0.0,45.4896187867862,0.0,0.0,0.0,32.53611076257033
6792,0,0.0,0.0,70.75823685552662,0.0,0.0,0.0,0.0
6793,1,0.0,0.0,73.8978543921017,0.0,0.0,0.0,0.0
6794,2,0.0,0.0,66.77112217424286,0.0,0.0,0.0,0.0
6795,3,0.0,0.0,76.21437341561978,0.0,0.0,0.0,0.0
6796,4,0.0,0.0,34.3585947655126,0.0,0.0,0.0,112.8309269514969
6797,5,0.0,0.0,57.84455547988911,0.0,0.0,0.0,0.0
6798,6,0.0,0.0,95.40953075305352,0.0,0.0,0.0,-75.09024837534889
6799,7,4.33200542785317,5.212154893558292,58.86169295896358,254.98917339085696,268.58433652689655,258.3947438902007,254.989173390857
6800,8,8.993130301121003,9.165846226858,57.2596495132359,514.9434890690502,557.5740786695021,555.9203993488778,514.9434890690502
6801,9,14.80950578099023,14.632922615669754,74.43905405167934,1102.4056013097893,918.1893584213943,917.0997150124554,1102.4056013097893
6802,10,21.59497364595595,24.2600965507134,40.7311119477728,879.5872890826352,1338.8883660492688,1368.4342119089195,946.4493909887062
6803,11,25.12062804124503,22.10990147631491,80.81470667292217,2030.1161865928007,1557.478938557192,1553.297129694426,2030.1161865928004
6804,12,21.93861027714801,18.878635789576766,47.911177820501564,1051.1046581231212,1360.1938371831766,1280.4306553039276,1066.1725973022687
6805,13,18.677963070505907,20.039323409091047,111.97276435619597,2091.4231575474882,1158.0337103713662,1051.8939508683136,1896.8522760231326
6806,14,17.8300544572135,21.618590236020534,55.79956460437133,994.9092755847436,1105.463376347237,1076.1042859513789,994.9092755847436
6807,15,13.696246831309033,11.33041513962315,107.77412832490785,1476.1010635671123,849.16730354116,893.7173249078014,1311.8174860439124
6808,16,3.521352611054758,3.4937132729683635,80.6266821783046,283.91497780925505,218.32386188539502,218.28157401967138,283.914977809255
6809,17,3.0716465007617475,3.1834467840058993,70.32609985477865,216.01691853115207,190.44208304722835,187.54560325433982,216.0169185311521
6810,18,3.0558506527794907e-15,3.204452621129205e-15,88.02482842066992,2.689907293901068e-13,1.8946274047232843e-13,1.8232523405131393e-13,-21.81991895593262
6811,19,0.0,0.0,87.45694649643818,0.0,0.0,0.0,-17.72344277943239
6812,20,0.0,0.0,76.8408437068548,0.0,0.0,0.0,0.0
6813,21,0.0,0.0,75.32819082830059,0.0,0.0,0.0,0.0
6814,22,0.0,0.0,76.32039641328099,0.0,0.0,0.0,0.0
6815,23,0.0,0.0,17.100440013309935,0.0,0.0,0.0,237.32444712895193
6816,0,0.0,0.0,56.0539334057881,0.0,0.0,0.0,0.0
6817,1,0.0,0.0,23.572870625646868,0.0,0.0,0.0,190.6348860140069
6818,2,0.0,0.0,24.629544315494808,0.0,0.0,0.0,183.0124588648193
6819,3,0.0,0.0,28.845816454400754,0.0,0.0,0.0,152.59793494061265
6820,4,0.0,0.0,13.898930279909067,0.0,0.0,0.0,260.41887537555175
6821,5,0.0,0.0,57.101429485530424,0.0,0.0,0.0,0.0
6822,6,0.0,0.0,27.156639959437335,0.0,0.0,0.0,164.78298780857187
6823,7,6.834448357219598,6.8749507189443895,73.24479133269165,500.58774379860665,423.73579814761507,422.53871078328524,500.5877437986067
6824,8,11.865156506667798,9.439531086333435,98.43919396412917,1167.9964427746206,735.6397034134035,764.3333857801356,1071.0513991726384
6825,9,16.849998763184587,15.26401840854504,101.82382921047174,1715.7313962591675,1044.6999233174445,1067.4870859012779,1594.3709292017838
6826,10,18.375587643558514,15.134260749368055,53.43193661543031,981.8432342419029,1139.2864339006278,1068.216946331025,981.8432342419029
6827,11,20.654683709906795,17.89916486469298,54.675443488901934,1129.3039919621524,1280.5903900142214,1222.742632789034,1129.3039919621524
6828,12,14.902314149336116,14.363523471174577,102.94872734272951,1534.1742761357038,923.9434772588392,932.1393161784662,1404.6992377155884
6829,13,24.644329357486694,23.999530593785448,82.34321534722466,2029.2933193714575,1527.948420164175,1527.7919994060046,2029.2933193714575
6830,14,19.606218794278412,19.111124244506616,85.19380467793711,1670.3283744326548,1215.5855652452615,1216.5239444371873,1668.930343940422
6831,15,17.237690797689822,21.438091374194023,61.71916518746625,1063.895885793085,1068.736829456769,1005.1051439065402,1063.8958857930852
6832,16,12.949509950368066,13.34196769398033,91.28790276349332,1182.1336051840892,802.8696169228201,782.41869160471,1136.7751551759316
6833,17,4.787016192580094,4.9751221303451825,107.84826292010966,516.2713809402003,296.7950039399658,283.0989487902475,351.4530256927234
6834,18,2.5602348105692985e-15,2.5793380670953725e-15,72.0486770269285,1.8446153097980686e-13,1.5873455825529651e-13,1.58198504710401e-13,1.1368683772161603e-13
6835,19,0.0,0.0,90.74590617159345,0.0,0.0,0.0,-41.448700407541196
6836,20,0.0,0.0,78.19356258074484,0.0,0.0,0.0,0.0
6837,21,0.0,0.0,55.4742736922916,0.0,0.0,0.0,0.0
6838,22,0.0,0.0,61.478100478579705,0.0,0.0,0.0,0.0
6839,23,0.0,0.0,36.39059092893428,0.0,0.0,0.0,98.17290823491533
6840,0,0.0,0.0,70.46639204583626,0.0,0.0,0.0,0.0
6841,1,0.0,0.0,30.258070433848296,0.0,0.0,0.0,142.4104918558527
6842,2,0.0,0.0,38.04193050582706,0.0,0.0,0.0,86.26079596755409
6843,3,0.0,0.0,68.90331554767297,0.0,0.0,0.0,0.0
6844,4,0.0,0.0,42.88138431800683,0.0,0.0,0.0,51.350885292569046
6845,5,0.0,0.0,38.60512798389577,0.0,0.0,0.0,82.19811153769695
6846,6,0.0,0.0,66.17371680955647,0.0,0.0,0.0,0.0
6847,7,5.9503767690497025,6.406843903951976,101.60765170126454,604.603810240898,368.92335968108154,339.24862997474213,484.80276245462517
6848,8,6.558243299462279,6.167898798428776,95.07272816944476,623.5100824788598,406.6110845666613,410.2430629819809,550.8493950757211
6849,9,18.261107301660058,17.123422089257453,81.52484399757965,1488.7339239908988,1132.1886527029235,1131.2143766285687,1488.7339239908988
6850,10,14.741800799486757,16.172119296027468,98.18649321356338,1447.4457241545097,913.9916495681789,827.1239496614172,1352.3235640786706
6851,11,14.182106894696846,15.189577899248013,94.25925558710833,1336.7948385509212,879.2906274712044,823.0494961101401,1270.0022214482867
6852,12,23.547849553096853,24.734049745554675,84.31697917510668,1985.4835403870125,1459.966672292005,1408.4900630681727,1985.4835403870125
6853,13,13.038385131867464,10.278152562896457,109.58801561432665,1428.850753416696,808.3798781757828,864.111766300256,1251.4825085517537
6854,14,18.62741403491227,21.286494000705325,94.47492207410008,1759.8234893903348,1154.8996701645608,1005.7421623473556,1691.4751393292577
6855,15,11.439611312281302,13.410033304543008,91.46874749712467,1046.3669185883093,709.2559013614407,606.1320252904575,999.7039260135459
6856,16,13.131870034165626,12.665366857370792,92.46382003807032,1214.2228676024188,814.1759421182688,817.6037444967484,1160.381814265485
6857,17,5.835776142574633,5.137729315369796,96.56229726263176,563.5159506374662,361.8181208396272,369.0929714767702,480.1100994192492
6858,18,2.020896398828646e-15,1.7190840964552113e-15,93.62695576421828,1.8921037773719767e-13,1.2529557672737605e-13,1.2777653929278393e-13,-62.231455617562006
6859,19,0.0,0.0,88.77040534267688,0.0,0.0,0.0,-27.198216747118863
6860,20,0.0,0.0,55.261542899921956,0.0,0.0,0.0,0.0
6861,21,0.0,0.0,64.39255140024885,0.0,0.0,0.0,0.0
6862,22,0.0,0.0,37.16308522378152,0.0,0.0,0.0,92.6004391347492
6863,23,0.0,0.0,62.57571667304302,0.0,0.0,0.0,0.0
6864,0,0.0,0.0,60.232480523077115,0.0,0.0,0.0,0.0
6865,1,0.0,0.0,77.21401695490844,0.0,0.0,0.0,0.0
6866,2,0.0,0.0,56.006625064940195,0.0,0.0,0.0,0.0
6867,3,0.0,0.0,43.44594341550388,0.0,0.0,0.0,47.27837867730386
6868,4,0.0,0.0,44.921663266119864,0.0,0.0,0.0,36.63311783471676
6869,5,0.0,0.0,70.23652778056201,0.0,0.0,0.0,0.0
6870,6,0.0,0.0,48.878286673683775,0.0,0.0,0.0,8.091597429049955
6871,7,5.366019313079988,5.421863174548499,69.12267668779354,370.91361807848403,332.69319741095927,331.3304203453997,370.913618078484
6872,8,8.915705284147695,10.123209812885008,89.28949383568204,796.0788120096634,552.7737276171571,492.86717317980987,765.1360956502916
6873,9,11.713073351977666,12.27434259832112,115.14638361183019,1348.718037460326,726.2105478226154,680.2240861596767,1131.253918593407
6874,10,20.053394130297967,18.35767197525811,96.8897309841897,1942.9679626044988,1243.310436078474,1261.3992100353096,1857.2001336889643
6875,11,15.519845947881453,14.201125472243499,72.33612666722057,1122.6455423417026,962.2304487686501,952.0131278024003,1122.6455423417028
6876,12,15.324254968910475,14.365792831074037,72.05102763402444,1104.128318235805,950.1038080724495,942.4727920111549,1104.128318235805
6877,13,14.419445009674345,13.79287470322242,102.81512354848881,1482.537020170308,894.0055905998094,903.4739092020419,1354.02574681621
6878,14,17.406562073659984,22.55228131246653,84.30801758167492,1467.5127413426417,1079.206848566919,855.9597063033434,1467.5127413426417
6879,15,14.589473410817856,14.751125447965315,60.49607590275185,882.605890842017,904.5473514707071,902.3456353874657,882.6058908420168
6880,16,7.125420333996897,8.654226500099735,144.92273953846683,1032.6354351659277,441.77606070780763,259.6135707375289,600.3764311800941
6881,17,4.540593790693961,4.987152276671539,94.14816136756275,427.4885569108085,281.51681502302563,256.65011565629607,361.4973296821889
6882,18,3.0575989631785853e-15,2.128657351374911e-15,112.48610099929446,3.4393738578744437e-13,1.895711357170723e-13,2.103465207610911e-13,-198.2738895604408
6883,19,0.0,0.0,74.80116249707928,0.0,0.0,0.0,0.0
6884,20,0.0,0.0,74.37283277755512,0.0,0.0,0.0,0.0
6885,21,0.0,0.0,71.56043162825796,0.0,0.0,0.0,0.0
6886,22,0.0,0.0,57.043323352997355,0.0,0.0,0.0,0.0
6887,23,0.0,0.0,42.13688114204511,0.0,0.0,0.0,56.721437503368975
6888,0,0.0,0.0,97.29991030434851,0.0,0.0,0.0,-88.72670071867697
6889,1,0.0,0.0,57.95098992473119,0.0,0.0,0.0,0.0
6890,2,0.0,0.0,18.440530064822443,0.0,0.0,0.0,227.65756615221912
6891,3,0.0,0.0,52.88594650154225,0.0,0.0,0.0,0.0
6892,4,0.0,0.0,24.574076111792245,0.0,0.0,0.0,183.41258460456393
6893,5,0.0,0.0,40.40924992795246,0.0,0.0,0.0,69.18388754504531
6894,6,0.0,0.0,64.63611864555291,0.0,0.0,0.0,0.0
6895,7,4.729877001011079,4.68920795423161,77.21665869265382,365.2252980453056,293.2523740626869,293.0861390907542,365.2252980453055
6896,8,11.248260385384977,12.735237975559839,18.0656510550384,203.20714709857677,697.3921438938686,756.0057316462589,433.568942540587
6897,9,10.51329160163074,9.92434101125674,109.86064933180748,1154.9970419697913,651.8240793011059,663.8360134100471,975.6621250187777
6898,10,17.79286050346512,17.675224503851727,62.57763729294188,1113.4351709897517,1103.1573512148375,1101.3849564261068,1113.4351709897517
6899,11,15.254333868790471,15.376003200280305,78.57097805575471,1198.547931659892,945.7686998650092,941.3626004491963,1198.547931659892
6900,12,18.22287339183042,16.36938757057144,115.20545166787603,2099.3743597923435,1129.818150293486,1175.0507827740378,1881.4841472709886
6901,13,19.590404520414662,16.858940598247568,120.06698605195038,2352.160826304693,1214.6050802657091,1291.2232975745308,2099.2014225733155
6902,14,13.559539257226636,11.460104228983099,79.3587543343123,1076.068144800712,840.6914339480514,835.4828736823738,1076.068144800712
6903,15,15.81698268076599,13.82796774307017,110.3332695512315,1745.1394136041142,980.6529262074914,1021.9248910170147,1562.395200835097
6904,16,5.799072632640715,5.703184586992176,97.09035682937659,563.0340311825593,359.54250322372434,360.57979781928105,475.8189665651488
6905,17,4.110097145052199,4.260701254941059,144.01973763884604,591.9351125005878,254.82602299323636,237.0510223144388,166.1900079915436
6906,18,1.4388746304502986e-15,1.2213311643393064e-15,74.03319722353517,1.0652448929606823e-13,8.92102270879185e-14,8.780161093750189e-14,1.1368683772161603e-13
6907,19,0.0,0.0,114.46438059441493,0.0,0.0,0.0,-212.5444181440572
6908,20,0.0,0.0,63.296140576992634,0.0,0.0,0.0,0.0
6909,21,0.0,0.0,47.05713883820978,0.0,0.0,0.0,21.228639485807093
6910,22,0.0,0.0,56.43349569306181,0.0,0.0,0.0,0.0
6911,23,0.0,0.0,24.51095313097126,0.0,0.0,0.0,183.86792888669208
6912,0,0.0,0.0,34.72934779657314,0.0,0.0,0.0,110.15646084455133
6913,1,0.0,0.0,44.44928531749386,0.0,0.0,0.0,40.04066600675702
6914,2,0.0,0.0,44.938012504028855,0.0,0.0,0.0,36.51518088208576
6915,3,0.0,0.0,69.18019390111881,0.0,0.0,0.0,0.0
6916,4,0.0,0.0,69.78639983573265,0.0,0.0,0.0,0.0
6917,5,0.0,0.0,56.61121840764532,0.0,0.0,0.0,0.0
6918,6,0.0,0.0,27.755526721400294,0.0,0.0,0.0,160.46285496384056
6919,7,5.933363442931352,5.53704780442196,23.013428711705487,136.5470366145401,367.8685334617438,350.13740014478896,331.2175159003298
6920,8,9.674815823380841,8.254697087360757,59.082033616901995,571.6077937143223,599.8385810496121,574.7188465925152,571.6077937143223
6921,9,15.897648078773354,18.508975521855486,54.61467523659668,868.244886847912,985.654180883948,969.2854820546113,868.244886847912
6922,10,18.983201453938904,18.083044075807898,62.88829924690681,1193.8212536996261,1176.958490144212,1163.6057576239998,1193.8212536996261
6923,11,21.705270390991185,22.055798576952395,109.90952596465272,2385.6159796084535,1345.7267642414536,1319.3015283257407,2205.9284859095374
6924,12,26.18279761046722,27.725783669456046,65.09692665139274,1704.4196555768456,1623.3334518489676,1593.4440246236284,1704.4196555768453
6925,13,15.798216126540938,18.37048997542559,71.7762030263741,1133.9359681531398,979.4893998455382,908.1853159551647,1133.93596815314
6926,14,13.242897189113952,12.354675962970848,91.92964467059363,1217.4148330044488,821.0596257250651,827.2303059853534,1167.4271100405535
6927,15,17.59842780321458,12.734672666646107,77.171443838964,1358.0960828698364,1091.102523799304,1071.0569601081834,1358.0960828698364
6928,16,6.727764719171379,6.801139861867047,105.27424487525238,708.2603505091313,417.1214125886255,412.01503051088145,562.0099460075866
6929,17,5.707454292672599,6.049326380726238,94.91014665011298,541.6953239163732,353.86216614570117,334.4993230890878,470.2074354565763
6930,18,2.8055336419155335e-15,2.6234218926061645e-15,124.57285389158552,3.4949333246227157e-13,1.7394308579876307e-13,1.7966679259557502e-13,-285.4629567974408
6931,19,0.0,0.0,75.63379403212076,0.0,0.0,0.0,0.0
6932,20,0.0,0.0,113.61941807512625,0.0,0.0,0.0,-206.4491918609093
6933,21,0.0,0.0,82.48753866396538,0.0,0.0,0.0,0.0
6934,22,0.0,0.0,73.11058569666068,0.0,0.0,0.0,0.0
6935,23,0.0,0.0,17.554978459033173,0.0,0.0,0.0,234.04558609331008
6936,0,0.0,0.0,10.564979816833869,0.0,0.0,0.0,284.46867879920654
6937,1,0.0,0.0,18.652799727128986,0.0,0.0,0.0,226.12633654703504
6938,2,0.0,0.0,54.27130584457604,0.0,0.0,0.0,0.0
6939,3,0.0,0.0,65.93662196131999,0.0,0.0,0.0,0.0
6940,4,0.0,0.0,64.04077133885365,0.0,0.0,0.0,0.0
6941,5,0.0,0.0,58.07806399427541,0.0,0.0,0.0,0.0
6942,6,0.0,0.0,80.56713854621572,0.0,0.0,0.0,0.0
6943,7,5.561347231781716,6.418586427135216,89.82847378254522,499.5673340057343,344.8035283704664,301.69674775090584,464.7366289329985
6944,8,7.705253712415744,9.366814597944847,64.87651192877104,499.88998438774735,477.7257301697761,445.9971618095703,499.88998438774735
6945,9,10.161109140748279,7.552425844572866,86.9643086051604,883.6538310867495,629.9887667263932,638.3971567798119,869.4840837132608
6946,10,16.69244408023484,13.147264277760648,84.37004803595161,1408.3423088868494,1034.93153297456,1039.460627894285,1408.3423088868494
6947,11,17.136480034891022,16.558349236879195,97.61882212205758,1672.8429963242177,1062.4617621632433,1068.94498833731,1581.815791560766
6948,12,19.13766306642283,21.384967632662764,90.29004568410706,1727.940472554366,1186.5351101182155,1072.231453285209,1689.780169870211
6949,13,22.354012403719217,23.128426669444966,88.62767467357305,1981.1841389658437,1385.9487690305914,1348.1692839989435,1955.0155249595246
6950,14,18.78340132199543,19.43904552767286,75.30961952207052,1414.5708068898323,1164.5708819637166,1143.5004281264455,1414.5708068898323
6951,15,16.26061827647277,15.391488888092224,92.81303284026052,1509.1972980972075,1008.1583331413117,1014.7722119113672,1452.8371613669497
6952,16,8.423947413628856,7.568532993427356,85.41266135982303,719.5117677532386,522.284739644989,524.0464622387311,716.5349914951031
6953,17,6.335778088279002,6.261803120395765,68.2289338479417,432.2833840604266,392.81824147329814,392.0172183571192,432.28338406042656
6954,18,2.488311449811827e-15,2.4123219563475233e-15,93.49979205272238,2.3265660311981396e-13,1.5427530988833327e-13,1.548927126713745e-13,-61.31414676790439
6955,19,0.0,0.0,61.02073246539644,0.0,0.0,0.0,0.0
6956,20,0.0,0.0,74.13960828652664,0.0,0.0,0.0,0.0
6957,21,0.0,0.0,61.203638358634436,0.0,0.0,0.0,0.0
6958,22,0.0,0.0,51.25289964552752,0.0,0.0,0.0,0.0
6959,23,0.0,0.0,85.42887909075475,0.0,0.0,0.0,-3.093764571310885
6960,0,0.0,0.0,86.11509579383659,0.0,0.0,0.0,-8.043861160305823
6961,1,0.0,0.0,44.91478116141075,0.0,0.0,0.0,36.68276262315271
6962,2,0.0,0.0,69.94687031162277,0.0,0.0,0.0,0.0
6963,3,0.0,0.0,19.222928604034685,0.0,0.0,0.0,222.01365174034962
6964,4,0.0,0.0,29.717234862669553,0.0,0.0,0.0,146.31186631100022
6965,5,0.0,0.0,56.10044099473917,0.0,0.0,0.0,0.0
6966,6,0.0,0.0,41.16800306115089,0.0,0.0,0.0,63.71054176423462
6967,7,2.5100072348413685,2.20308638737239,75.12156221703829,188.55566465735208,155.62044856016485,153.8836361712234,188.5556646573521
6968,8,9.153275711764625,8.940547440187366,75.80075552240666,693.8252144566532,567.5030941294067,566.4076640715157,693.8252144566532
6969,9,16.198245859450072,12.628486168122597,70.1260596427507,1135.9191552477355,1004.2912432859044,970.7160281918394,1135.9191552477355
6970,10,18.280141038519204,21.522024805554196,122.67875043040539,2242.584860297109,1133.3687443881906,837.2277259687748,1970.7852186598543
6971,11,21.032604505601416,20.728602360800554,85.43932685041925,1797.0115708696799,1304.0214793472878,1304.6536503292864,1793.8424402817077
6972,12,14.441506259555625,10.361837025673118,99.21666893985426,1432.8381455471635,895.3733880924487,946.0122894134055,1330.2847041780012
6973,13,20.65688795684876,19.874341602087974,94.59861360235183,1954.112962057011,1280.727053324623,1287.7300295094128,1884.8723501064505
6974,14,17.97476070587294,12.424747049762528,70.0783747020046,1259.6420159250324,1114.435163764122,1062.0362695308877,1259.6420159250324
6975,15,9.758250356473061,11.18608839936031,132.77369661618508,1295.6389723351342,605.0115221013298,456.56331185614044,951.0183712897315
6976,16,9.06530477090385,8.074337426437753,63.68471226672736,577.3213259452025,562.0488957960388,547.9410230876754,577.3213259452025
6977,17,2.582629820160596,2.5951964191617356,97.42386100746378,251.60976863305712,160.12304884995697,159.37181974499816,161.98893643967415
6978,18,2.4139525961452143e-15,2.1994418347116616e-15,102.38680369458446,2.4715689058955256e-13,1.496650609610033e-13,1.5283769716807777e-13,-125.42154289681139
6979,19,0.0,0.0,101.14337566965553,0.0,0.0,0.0,-116.45194364745123
6980,20,0.0,0.0,68.77559242787979,0.0,0.0,0.0,0.0
6981,21,0.0,0.0,83.39905577066584,0.0,0.0,0.0,0.0
6982,22,0.0,0.0,41.53395090199585,0.0,0.0,0.0,61.07073840389489
6983,23,0.0,0.0,90.73100022100408,0.0,0.0,0.0,-41.341174760268586
6984,0,0.0,0.0,50.09038375765414,0.0,0.0,0.0,0.0
6985,1,0.0,0.0,40.917615950436954,0.0,0.0,0.0,65.51673560519913
6986,2,0.0,0.0,37.243828122232955,0.0,0.0,0.0,92.01799171775252
6987,3,0.0,0.0,56.800347939655424,0.0,0.0,0.0,0.0
6988,4,0.0,0.0,21.74788267104175,0.0,0.0,0.0,203.7996291752795
6989,5,0.0,0.0,75.01747097256987,0.0,0.0,0.0,0.0
6990,6,0.0,0.0,50.55788386787437,0.0,0.0,0.0,0.0
6991,7,4.590933506345677,4.181352805315343,92.59995699233153,425.1202452422635,284.637877393432,287.6892404047747,370.29715362223624
6992,8,10.111883423677767,10.855041489455902,44.51690654513426,450.14976936715544,626.9367722680215,631.658699643131,489.7026425137517
6993,9,9.922604135191087,8.666764534915899,78.61391640335188,780.0547719874658,615.2014563818474,611.384253178825,780.0547719874658
6994,10,21.019344099217147,20.286960277697492,83.99098163694337,1765.4353442579416,1303.199334151463,1303.9267642955833,1765.4353442579416
6995,11,22.671589149504396,23.7819021526459,89.82748556159136,2036.5318469854374,1405.6385272692726,1349.80715189087,2001.7082705488174
6996,12,19.40554558012498,17.763228223800557,73.16857250487126,1419.8760687759586,1203.1438259677486,1191.4446622973087,1419.8760687759586
6997,13,21.107458226519803,27.157948293261967,59.78740025274219,1261.9600533069752,1308.6624100442277,1231.6139550002988,1261.9600533069752
6998,14,16.688764985958112,18.132178748255214,80.05431856351164,1336.0077086174697,1034.703429129403,979.7557009594619,1336.0077086174697
6999,15,12.844952764597597,11.42798060541273,114.79168247860007,1474.4937392063034,796.387071405051,830.5272611692134,1259.5882943877277
7000,16,11.759930947769577,13.112063618946445,131.64008842526945,1548.0783498394499,729.1157187617138,590.4543638791563,1211.6351510838879
7001,17,5.894730193130962,7.049826778126717,57.42643262166958,338.51332625875654,365.47327197411965,354.17291498163223,338.51332625875654
7002,18,2.4994568074679127e-15,2.0471213519401046e-15,72.74025853769598,1.8181113437902017e-13,1.549663220630106e-13,1.515987723059309e-13,2.2737367544323206e-13
7003,19,0.0,0.0,46.82212907703238,0.0,0.0,0.0,22.92390719345724
7004,20,0.0,0.0,64.03242566961882,0.0,0.0,0.0,0.0
7005,21,0.0,0.0,55.771322954840954,0.0,0.0,0.0,0.0
7006,22,0.0,0.0,38.589268344863235,0.0,0.0,0.0,82.3125167171761
7007,23,0.0,0.0,90.5825064668859,0.0,0.0,0.0,-40.26999939766631
7008,0,0.0,0.0,76.28675836512593,0.0,0.0,0.0,0.0
7009,1,0.0,0.0,55.719689943910566,0.0,0.0,0.0,0.0
7010,2,0.0,0.0,47.79507144881763,0.0,0.0,0.0,15.90548474143418
7011,3,0.0,0.0,68.7019418326005,0.0,0.0,0.0,0.0
7012,4,0.0,0.0,33.31916500521696,0.0,0.0,0.0,120.3289631954874
7013,5,0.0,0.0,62.089830840658955,0.0,0.0,0.0,0.0
7014,6,0.0,0.0,50.39590537902666,0.0,0.0,0.0,0.0
7015,7,4.564535436221433,4.4914037225227545,113.3960381573322,517.6002344962607,283.0011970457289,284.68666574422565,312.7624172407148
7016,8,11.485823126272878,8.598549032624044,41.18758755772036,473.0733456858536,712.1210338289185,622.2999309241651,536.6426126177644
7017,9,14.275937777929554,15.599845025658562,67.20468379853418,959.4098842933043,885.1081422316324,855.9744316380613,959.4098842933043
7018,10,14.708835159873992,14.023406379126039,52.43923337430626,771.3200396128336,911.9477799121875,896.4087153521456,771.3200396128336
7019,11,9.79730881693301,8.394936155813653,102.312377965181,1002.3859627196504,607.4331466498465,628.0961029748067,877.5012976743964
7020,12,11.716060700070619,11.236226633768469,104.824439909871,1228.129500834954,726.3957634043784,734.3698042309942,1085.1238119091852
7021,13,15.642805193807456,14.189515420859717,75.25937946352906,1177.2678119548186,969.8539220160623,961.7802209628574,1177.2678119548186
7022,14,16.924890121151986,19.539654802045238,64.14915766933412,1085.717444917934,1049.3431875114231,1001.7899079982706,1085.7174449179342
7023,15,11.429609205065443,10.358889333703143,84.82524331227388,969.5193817838815,708.6357707140575,710.3691938952902,969.5193817838815
7024,16,9.751876358789984,8.202018448937999,77.31795468113587,753.9951343649643,604.616334244979,598.3990265612578,753.9951343649642
7025,17,2.5647375512393236,2.346572370877453,93.01275675136613,238.55330998451763,159.01372817683807,160.70659563386454,180.75244374904008
7026,18,2.747774345327633e-15,2.420511017619977e-15,119.8953239860814,3.2944529537369923e-13,1.7036200941031324e-13,1.79499690120643e-13,-251.72110130751912
7027,19,0.0,0.0,94.69743559481813,0.0,0.0,0.0,-69.95347481972124
7028,20,0.0,0.0,90.18332405519877,0.0,0.0,0.0,-37.39045495404525
7029,21,0.0,0.0,68.44470069296672,0.0,0.0,0.0,0.0
7030,22,0.0,0.0,115.37126768219122,0.0,0.0,0.0,-219.0863438355243
7031,23,0.0,0.0,59.65299858430253,0.0,0.0,0.0,0.0
7032,0,0.0,0.0,67.86160033585729,0.0,0.0,0.0,0.0
7033,1,0.0,0.0,72.8245390080878,0.0,0.0,0.0,0.0
7034,2,0.0,0.0,48.97756192527835,0.0,0.0,0.0,7.375464927344694
7035,3,0.0,0.0,55.00109493041571,0.0,0.0,0.0,0.0
7036,4,0.0,0.0,41.95254490388999,0.0,0.0,0.0,58.05116640623862
7037,5,0.0,0.0,57.682362282144034,0.0,0.0,0.0,0.0
7038,6,0.0,0.0,91.76892619514749,0.0,0.0,0.0,-48.82836328418853
7039,7,4.1342254141851535,3.571424960004876,90.04643525096375,372.27226107131224,256.3219756794795,259.4369785127203,335.8692679494727
7040,8,6.408889543304674,7.583459117836788,85.63670688981145,548.83619530916,397.3511516848898,344.44162733600945,544.2432429818696
7041,9,12.768157803570256,13.409213556634834,92.04665901486274,1175.2662675931902,791.6257838213559,757.6124401215457,1124.4344493109666
7042,10,15.421024369243927,16.9864384511726,76.9991130665233,1187.4051990090243,956.1035108931235,902.4898141097592,1187.4051990090243
7043,11,17.923796143676437,19.69900980935294,99.78293235544966,1788.4889381573355,1111.275360907939,999.9185767815469,1681.8506958944863
7044,12,20.4910417845264,23.1351987494045,79.49272243558474,1628.888696993326,1270.4445906406368,1171.6432778566127,1628.888696993326
7045,13,22.76758445800498,19.349890626663377,50.29670911060081,1145.1345726353125,1411.5902363963087,1328.6172832011919,1145.1345726353125
7046,14,19.640465382761676,21.54257127656198,123.2937694784705,2421.547011352098,1217.7088537312238,1042.4921621545245,2145.31086492223
7047,15,15.471097777816754,15.570251932593248,85.26935267527503,1319.2104926903205,959.2080622246388,954.7871065797118,1317.2674887483768
7048,16,9.964493765894225,10.659091540343745,112.20865804270461,1118.102473545887,617.7986134854419,563.438820313275,921.8299480252431
7049,17,5.780592339505452,5.312094114690578,82.6994008562035,478.0515230710605,358.396725049338,358.40822698160457,478.05152307106056
7050,18,1.2243656834105518e-15,1.1293231692072453e-15,33.69734316357841,4.1257870591594565e-14,7.591067237145421e-14,7.242004665302778e-14,117.60093514934681
7051,19,0.0,0.0,80.01421395905388,0.0,0.0,0.0,0.0
7052,20,0.0,0.0,38.16637583123873,0.0,0.0,0.0,85.36309648272646
7053,21,0.0,0.0,83.63668432371333,0.0,0.0,0.0,0.0
7054,22,0.0,0.0,57.91604402472876,0.0,0.0,0.0,0.0
7055,23,0.0,0.0,81.69968089862098,0.0,0.0,0.0,0.0
7056,0,0.0,0.0,58.01593942177079,0.0,0.0,0.0,0.0
7057,1,0.0,0.0,30.249977485297826,0.0,0.0,0.0,142.4688711940919
7058,2,0.0,0.0,63.39595365063691,0.0,0.0,0.0,0.0
7059,3,0.0,0.0,19.659891652049154,0.0,0.0,0.0,218.86157269042405
7060,4,0.0,0.0,47.207447098610864,0.0,0.0,0.0,20.14437499068822
7061,5,0.0,0.0,20.0436423891245,0.0,0.0,0.0,216.09334625977942
7062,6,0.0,0.0,69.5018201621012,0.0,0.0,0.0,0.0
7063,7,3.514318917359234,3.546536858132857,72.04963706569244,253.20540252883,217.88777287627252,216.98367152955777,253.20540252882995
7064,8,9.476008835937591,8.415158805014842,72.34450416918733,685.5371607387431,587.5125478281307,579.2998480246501,685.5371607387431
7065,9,15.204729626263658,15.169652205261237,53.17861171789279,808.5664130706162,942.6932368283468,941.9174631398613,808.5664130706164
7066,10,16.762829999294915,16.210419750666205,103.67874977714398,1737.9492570537,1039.2954599562847,1048.0009274977342,1603.2081247797692
7067,11,18.141583164276216,18.8845980816325,98.80620285126888,1792.5009461726402,1124.7781561851255,1079.0769777539354,1692.908445240922
7068,12,18.079249965262125,20.0330967538517,89.33977998734062,1615.1962142326538,1120.9134978462519,1023.8566959618495,1583.8907534127043
7069,13,20.76620187261556,17.951158344899696,73.17254253194999,1519.5157897510217,1287.5045161021649,1267.459736579591,1519.5157897510217
7070,14,12.228656011708178,14.74903897042522,85.78918984864245,1049.0864921821758,758.1766727259071,644.1634009955394,1043.3935879431942
7071,15,14.260991258856992,11.384795900873192,90.03181768437989,1283.942965015948,884.1814580491334,900.0691679251308,1247.6454172529304
7072,16,6.690887659085762,6.096360781109695,71.33820600315498,477.31592216782747,414.8350348633172,409.78372910040304,477.31592216782747
7073,17,3.118760651831707,3.8564036895979195,108.51904494708859,338.4449273553363,193.36316041356582,139.03663129224776,168.78781518341378
7074,18,1.124757679383888e-15,9.243297002000337e-16,112.6867039663878,1.267452356506535e-13,6.973497612180105e-14,7.424761768005633e-14,-199.72096022877554
7075,19,0.0,0.0,115.65197528965885,0.0,0.0,0.0,-221.1112577788748
7076,20,0.0,0.0,68.12629973069097,0.0,0.0,0.0,0.0
7077,21,0.0,0.0,96.07487730297309,0.0,0.0,0.0,-79.88979591254088
7078,22,0.0,0.0,91.27819578997585,0.0,0.0,0.0,-45.28842773052645
7079,23,0.0,0.0,44.68046300445825,0.0,0.0,0.0,38.373041370756766
7080,0,0.0,0.0,33.27366828540216,0.0,0.0,0.0,120.65715858413688
7081,1,0.0,0.0,72.58377816409723,0.0,0.0,0.0,0.0
7082,2,0.0,0.0,39.02965575576563,0.0,0.0,0.0,79.13573566426095
7083,3,0.0,0.0,36.17365952922731,0.0,0.0,0.0,99.73776577468772
7084,4,0.0,0.0,69.67641945640757,0.0,0.0,0.0,0.0
7085,5,0.0,0.0,29.603956800510403,0.0,0.0,0.0,147.1290095641208
7086,6,0.0,0.0,53.583543209731275,0.0,0.0,0.0,0.0
7087,7,3.9679251549819226,4.153152470146109,29.57871130781512,117.36611265022785,246.0113596088792,250.64697154710484,264.6772332395061
7088,8,6.754719279540606,5.177019427725468,54.85082361153894,370.5019157475432,418.7925953315176,385.87880673187647,370.50191574754325
7089,9,14.548651444620189,15.609344677209092,59.28023905084931,862.4475355045689,902.0163895664517,889.1816845026034,862.447535504569
7090,10,6.512314768424574,6.891178595820553,69.31586721992053,451.4067457824453,403.76351564232357,394.42647949811106,451.4067457824453
7091,11,18.73274290978109,16.19195875874601,71.51758201756545,1339.7204774642369,1161.4300604064276,1140.184497225189,1339.7204774642369
7092,12,11.455466283665842,10.422789763400461,48.93864914394181,560.6150452365777,710.2389095872823,684.1163107591692,568.271211617701
7093,13,21.89953783284851,20.962072668713372,63.63104237973943,1393.4904199386904,1357.7713456366075,1344.387419651688,1393.4904199386904
7094,14,9.989640993823857,11.244979000138418,121.35148497387463,1212.2577689564177,619.3577416170791,506.7672839955629,950.0324967268986
7095,15,13.596564592210829,13.06106713516555,96.8321138990271,1316.584091228438,842.9870047170714,848.6761754452,1231.2318892357844
7096,16,7.891244807966836,8.176981008325065,82.32164771049842,649.6202750787456,489.2571780939438,477.5699789861209,649.6202750787456
7097,17,4.9493357903034045,4.9279778253554944,77.34444928072818,382.80365100641444,306.8588189988111,306.77356519953054,382.8036510064144
7098,18,2.650485780215548e-15,2.9296844036894598e-15,102.80417043730205,2.724809918909247e-13,1.64330118373364e-13,1.4576195443690635e-13,-128.43226193091198
7099,19,0.0,0.0,83.18806662040657,0.0,0.0,0.0,0.0
7100,20,0.0,0.0,52.558258071583666,0.0,0.0,0.0,0.0
7101,21,0.0,0.0,57.858169863877286,0.0,0.0,0.0,0.0
7102,22,0.0,0.0,37.76409502843688,0.0,0.0,0.0,88.26499149755841
7103,23,0.0,0.0,43.470898736359565,0.0,0.0,0.0,47.09836083732682
7104,0,0.0,0.0,67.05102863439791,0.0,0.0,0.0,0.0
7105,1,0.0,0.0,62.54732695532144,0.0,0.0,0.0,0.0
7106,2,0.0,0.0,70.58296202464967,0.0,0.0,0.0,0.0
7107,3,0.0,0.0,53.695354283046434,0.0,0.0,0.0,0.0
7108,4,0.0,0.0,23.166765731462082,0.0,0.0,0.0,193.56436651550166
7109,5,0.0,0.0,32.408966415213406,0.0,0.0,0.0,126.89477675766074
7110,6,0.0,0.0,71.98167912112787,0.0,0.0,0.0,0.0
7111,7,4.868329737129959,5.497835844964158,68.38623268581206,332.9267301946276,301.83644370205747,287.05388342841604,332.9267301946277
7112,8,11.485627676725533,11.800143731045955,45.167590573884915,518.7781283864199,712.1089159569831,713.851495861776,553.6372236392887
7113,9,10.373668759876082,8.71789565008201,68.79891663362332,713.6971721955372,643.1674631123171,625.9460774137729,713.6971721955372
7114,10,15.3834822879416,15.214637801238387,115.77430427084933,1781.0119591493722,953.7759018523792,957.9684334103049,1559.0182683580006
7115,11,19.946797778590177,17.543019837167027,97.68274621069858,1948.4579851221506,1236.701462272591,1263.7729528535406,1856.9696572007874
7116,12,19.43790949206946,20.34112703300729,113.44653135354143,2205.1634086393583,1205.1503885083064,1133.0662547001116,1999.961353385524
7117,13,11.111283375696313,12.158040174965926,69.19501572920474,768.8454279529576,688.8995692931715,663.2605493602463,768.8454279529576
7118,14,14.123402757935935,16.02580679123685,124.7088280219439,1761.3130056240807,875.650970992028,697.0417992852144,1474.8691850909483
7119,15,11.074642145887532,10.969175161518894,82.40296913214152,912.5833948970838,686.627813045027,686.6069545072131,912.5833948970838
7120,16,10.438656537599469,9.28573087840636,122.22277420711966,1275.8415610206932,647.1967053311671,681.4006438520598,1007.3311519792246
7121,17,6.003023766537368,5.1340581319561975,96.98328692678226,582.1929763783867,372.1874735253168,381.5179617823585,495.7502718000658
7122,18,2.0889067961917433e-15,2.2580765012251594e-15,100.06991392652365,2.0903672329543803e-13,1.2951222136388807e-13,1.188397457988732e-13,-108.70841410462674
7123,19,0.0,0.0,95.3635051316104,0.0,0.0,0.0,-74.75823769900023
7124,20,0.0,0.0,76.97597560657144,0.0,0.0,0.0,0.0
7125,21,0.0,0.0,80.1984939994064,0.0,0.0,0.0,0.0
7126,22,0.0,0.0,42.123683690225064,0.0,0.0,0.0,56.81663871450894
7127,23,0.0,0.0,54.74357476038709,0.0,0.0,0.0,0.0
7128,0,0.0,0.0,68.96327145580895,0.0,0.0,0.0,0.0
7129,1,0.0,0.0,53.02912855731388,0.0,0.0,0.0,0.0
7130,2,0.0,0.0,42.98495948627723,0.0,0.0,0.0,50.603734888247345
7131,3,0.0,0.0,55.52691997061284,0.0,0.0,0.0,0.0
7132,4,0.0,0.0,26.068955132051755,0.0,0.0,0.0,172.6291170703086
7133,5,0.0,0.0,78.244540020993,0.0,0.0,0.0,0.0
7134,6,0.0,0.0,20.92143481569562,0.0,0.0,0.0,209.76129797663364
7135,7,4.512929204068013,4.3058244187767905,66.05628158673646,298.1073222849231,279.8016106522168,277.22154297552925,298.10732228492316
7136,8,9.583318347095174,10.490418912805989,84.94973914203521,814.1003937008151,594.1657375199007,554.0835270530634,814.1003937008152
7137,9,11.50919796686138,11.586039108997543,76.43469539785275,879.7020408706358,713.5702739454056,710.9927631413468,879.7020408706358
7138,10,14.70897992504756,13.002014718799002,68.94756815276949,1014.1483958399349,911.9567553529487,894.3932374847096,1014.1483958399349
7139,11,16.459754125184098,13.498297606909786,104.05553836239382,1712.7285768086638,1020.5047557614141,1068.0114158877973,1575.2694403208438
7140,12,12.254050110124915,11.761143841038214,75.63920295624561,926.8865833157423,759.7511068277447,757.1531961387603,926.8865833157423
7141,13,21.12774932639301,21.649031825176586,118.15772585522177,2496.4068128457916,1309.9204582363666,1265.2480299304545,2257.2200589856357
7142,14,14.363945621180925,15.777601143302684,86.910004335868,1248.3705762170064,890.5646285132174,824.6352614384841,1234.5925584195902
7143,15,13.862901768375057,12.620805777006048,85.75124815116695,1188.7611296351806,859.4999096392535,862.3734193619651,1183.3419218340891
7144,16,10.594069544406592,9.61249128549253,105.22699847448135,1114.7821397878217,656.8323117532087,673.4408601655374,968.8725521831095
7145,17,2.3774527774541587,2.9832342942084615,85.61450879547647,203.54445172617903,147.40207220215785,120.1309174980517,199.1116276944494
7146,18,1.9343248504115505e-15,1.9287314903711675e-15,89.41972113636119,1.7296678871093441e-13,1.1992814072551614e-13,1.1995646992428212e-13,-31.882124732835564
7147,19,0.0,0.0,92.8963599759067,0.0,0.0,0.0,-56.961225814916475
7148,20,0.0,0.0,50.49248223243832,0.0,0.0,0.0,0.0
7149,21,0.0,0.0,80.7867981370478,0.0,0.0,0.0,0.0
7150,22,0.0,0.0,28.63250325708802,0.0,0.0,0.0,154.13669219566512
7151,23,0.0,0.0,57.06236160971921,0.0,0.0,0.0,0.0
7152,0,0.0,0.0,46.218496700288654,0.0,0.0,0.0,27.278273031109677
7153,1,0.0,0.0,24.62755448743114,0.0,0.0,0.0,183.02681269949923
7154,2,0.0,0.0,83.82884812281233,0.0,0.0,0.0,0.0
7155,3,0.0,0.0,54.19936841953435,0.0,0.0,0.0,0.0
7156,4,0.0,0.0,40.295596312315965,0.0,0.0,0.0,70.00373989279859
7157,5,0.0,0.0,60.161870422429104,0.0,0.0,0.0,0.0
7158,6,0.0,0.0,112.23620983344728,0.0,0.0,0.0,-196.471273270099
7159,7,2.6338565045376785,2.7168276895511068,47.64173535837111,125.48149456110845,163.29910328133607,163.50220270369337,142.49308536915441
7160,8,9.695469118863615,9.78371188028195,82.82460479122949,803.023398035449,601.1190853695441,597.4542967772804,803.023398035449
7161,9,13.940019329119934,15.761620703431495,54.627086854987716,761.5026466520422,864.2811984054359,852.8345130006494,761.5026466520422
7162,10,18.062232511252656,12.65019624906374,85.1689986383683,1538.342256156769,1119.8584156976647,1130.0154492258275,1537.1231666482004
7163,11,20.86898235945762,21.294069595118547,65.04381232261076,1357.398171952436,1293.8769062863723,1285.6706969260163,1357.398171952436
7164,12,14.758082599272436,12.629175371673629,84.16875940257762,1242.169503541529,915.001121154891,917.3994832163944,1242.1695035415291
7165,13,9.660904069744735,10.169641575307516,97.0014141909177,937.1213571280315,598.9760523241736,568.8324558046289,850.5478896172992
7166,14,16.070676654191004,13.973145064944665,116.11164940820689,1865.9927734240812,996.3819525598423,1048.9958834114766,1641.5656078917887
7167,15,11.626255351028036,13.53641113330551,62.91472859803492,731.4627000213801,720.8278317637382,689.0363244874986,731.46270002138
7168,16,10.854014363673507,11.25666619679451,124.46635310697837,1350.9595844172018,672.9488905477574,635.2675476507459,1066.2648822662034
7169,17,4.293103413044489,3.3646346305849693,52.4632021539007,225.22995222615407,266.1724116087583,245.14018116708795,225.22995222615407
7170,18,1.7849849007755335e-15,1.2384005982831551e-15,94.05307570545203,1.6788332000573003e-13,1.1066906384808307e-13,1.1533678817985114e-13,-65.30531677269096
7171,19,0.0,0.0,82.6779341543435,0.0,0.0,0.0,0.0
7172,20,0.0,0.0,72.37334680686162,0.0,0.0,0.0,0.0
7173,21,0.0,0.0,69.25503139562605,0.0,0.0,0.0,0.0
7174,22,0.0,0.0,72.93652666823006,0.0,0.0,0.0,0.0
7175,23,0.0,0.0,66.55663073223468,0.0,0.0,0.0,0.0
7176,0,0.0,0.0,49.758700954724105,0.0,0.0,0.0,1.7406361220640179
7177,1,0.0,0.0,64.91718557315545,0.0,0.0,0.0,0.0
7178,2,0.0,0.0,45.408019211121115,0.0,0.0,0.0,33.124737911034
7179,3,0.0,0.0,52.720956023621795,0.0,0.0,0.0,0.0
7180,4,0.0,0.0,76.50502794394771,0.0,0.0,0.0,0.0
7181,5,0.0,0.0,81.05563433059132,0.0,0.0,0.0,0.0
7182,6,0.0,0.0,83.4556026017944,0.0,0.0,0.0,0.0
7183,7,3.600346919807544,3.4595919176230527,46.55738080767132,167.6227225852063,223.22150902806771,219.40958707059522,192.45641935274537
7184,8,10.561258804818987,10.33081845308336,77.56415656707767,819.1751314824076,654.7980458987772,653.9161777322144,819.1751314824076
7185,9,11.33998679827712,10.632021994902319,84.16064382618876,954.3805899234834,703.0791814931815,703.8724439276721,954.3805899234834
7186,10,14.868698182458413,14.836508107389827,113.5517430036365,1688.366594813155,921.8592873124217,922.6049320067611,1482.4055842206947
7187,11,15.8897446638598,16.22434168561942,98.39560421416466,1563.4810270092837,985.1641691593076,964.7555893530316,1466.8504226677353
7188,12,19.532298358222405,18.248188743614815,70.85001626487576,1383.8636563704636,1211.002498209789,1199.622092414742,1383.8636563704636
7189,13,16.064978144944696,15.608842414796023,81.22795749933816,1304.9253619853641,996.0286449865712,995.5364599941879,1304.9253619853641
7190,14,16.662493584723432,15.731357651647492,38.365005537948804,639.2566586539509,1033.0746022528529,1002.1364508239257,723.1869187903121
7191,15,6.386871668710645,6.0319081473252565,94.50469638260432,603.589367886157,395.98604346006,399.1375949957356,535.0262377092582
7192,16,10.225216834323806,10.250471547305754,83.54879901137231,854.3045861386203,633.963443728076,632.8917347591834,854.3045861386204
7193,17,5.020566509373929,3.479559612938855,79.91681284598249,401.2276741104439,311.2751235811836,308.09696580478663,401.22767411044396
7194,18,2.00635271465686e-15,2.344040649706952e-15,71.90738651337716,1.4427158013499434e-13,1.2439386830872532e-13,1.1497769919864206e-13,1.1368683772161603e-13
7195,19,0.0,0.0,112.21220585625124,0.0,0.0,0.0,-196.2981180479851
7196,20,0.0,0.0,21.244519971177198,0.0,0.0,0.0,207.43068911951647
7197,21,0.0,0.0,43.15200297518548,0.0,0.0,0.0,49.398749056592465
7198,22,0.0,0.0,110.2337847830916,0.0,0.0,0.0,-182.02656889760635
7199,23,0.0,0.0,77.00400352541544,0.0,0.0,0.0,0.0
7200,0,0.0,0.0,59.467228763217534,0.0,0.0,0.0,0.0
7201,1,0.0,0.0,50.75768250581555,0.0,0.0,0.0,0.0
7202,2,0.0,0.0,38.29648609137735,0.0,0.0,0.0,84.42453239355035
7203,3,0.0,0.0,25.3231332760798,0.0,0.0,0.0,178.0091817184936
7204,4,0.0,0.0,60.70230133600863,0.0,0.0,0.0,0.0
7205,5,0.0,0.0,73.31590225461157,0.0,0.0,0.0,0.0
7206,6,0.0,0.0,48.63970721429571,0.0,0.0,0.0,9.812615531374206
7207,7,3.741191337725862,3.4479523028795453,30.646203842523235,114.65331234982895,231.95386293900344,220.51304020589558,254.2639629110467
7208,8,6.433187775973485,6.947008896908369,85.16403805287091,547.8762485542699,398.85764211035604,376.01569973873484,546.6929427525677
7209,9,13.244739567233072,13.48126244330763,88.97299610978233,1178.4241619905083,821.1738531684505,809.5330853190029,1149.7645353699386
7210,10,12.722917182792067,16.74373717985971,96.54362146259697,1228.316500395448,788.8208653331081,552.8810504436283,1145.0453690312272
7211,11,13.212462597076497,11.47931186750959,81.53076446534925,1077.2221760094806,819.1726810187428,817.6961637220454,1077.2221760094806
7212,12,9.535727945438513,10.133399019935121,48.25961864833538,460.1905941811373,591.2151326171878,592.2165165705436,472.74501868542984
7213,13,21.142413975488726,23.553284085780067,59.94737267830064,1267.4321699075344,1310.829666480301,1279.6469520926007,1267.4321699075344
7214,14,17.554738795304644,20.64025898376323,114.17571943178314,2004.3249313909416,1088.393805308888,839.3316978201326,1793.862800999575
7215,15,9.846251268036333,9.603900960034832,66.69411487185523,656.6870131275655,610.4675786182527,607.5643639829708,656.6870131275655
7216,16,7.878179697064992,6.647042182999909,106.57677945703145,839.6310200969584,488.4471412180295,510.5246188343385,683.9846449620035
7217,17,3.5750362722677846,3.8564908160205045,70.79460289449061,253.09327322859784,221.65224888060266,214.1956022709915,253.09327322859787
7218,18,2.0511559975374412e-15,2.1229778658362734e-15,65.06294899093388,1.3345425804022664e-13,1.2717167184732137e-13,1.2578344948989835e-13,1.1368683772161603e-13
7219,19,0.0,0.0,117.98805327639778,0.0,0.0,0.0,-237.9628028110037
7220,20,0.0,0.0,112.2572604420759,0.0,0.0,0.0,-196.6231240564481
7221,21,0.0,0.0,71.79433826824648,0.0,0.0,0.0,0.0
7222,22,0.0,0.0,52.80755136060748,0.0,0.0,0.0,0.0
7223,23,0.0,0.0,77.96327049774477,0.0,0.0,0.0,0.0
7224,0,0.0,0.0,21.757309086937042,0.0,0.0,0.0,203.73163072965707
7225,1,0.0,0.0,75.08373889596277,0.0,0.0,0.0,0.0
7226,2,0.0,0.0,90.41005638374054,0.0,0.0,0.0,-39.02601252804334
7227,3,0.0,0.0,62.465240234331354,0.0,0.0,0.0,0.0
7228,4,0.0,0.0,30.093443512636853,0.0,0.0,0.0,143.5980455214596
7229,5,0.0,0.0,87.81432594472503,0.0,0.0,0.0,-20.301437136020695
7230,6,0.0,0.0,68.75480670941656,0.0,0.0,0.0,0.0
7231,7,3.4769712089190414,3.723126640458469,64.3163431393782,223.62607335857572,215.57221495298057,211.04408020778564,223.62607335857572
7232,8,6.892148904881555,8.381075617704166,52.19671284609329,359.74751728061887,427.3132321026564,422.48033820005907,359.74751728061887
7233,9,11.5701139168963,11.662860391723974,51.96171810601509,601.2029978042477,717.3470628475707,717.0732615614836,601.2029978042477
7234,10,13.92489648784597,16.523020444376826,102.02723017702755,1420.7186191567432,863.3435822464502,693.0780288745843,1297.8908977666913
7235,11,13.660026449228024,15.03434472129616,82.82408605917081,1131.3792062014113,846.9216398521374,789.8460541722841,1131.3792062014113
7236,12,9.132982110567982,10.074194926768246,89.9823005161017,821.8067408813089,566.2448908552149,518.734467363458,785.8663904361208
7237,13,19.53903097729876,17.650014945214448,88.40422050569236,1727.3328029846734,1211.419920592523,1219.548668982673,1702.776099194552
7238,14,11.539239058052278,14.969267938920549,54.26259187748927,626.1490195838745,715.4328215992413,695.4417905998787,626.1490195838745
7239,15,13.413129884746771,13.513728142688182,90.57262323267732,1214.8623594221337,831.6140528542999,826.4618347036784,1174.663653777191
7240,16,8.880379467400386,9.097284339967855,91.76190147613049,814.8805057582464,550.583526978824,539.1521246452211,766.1028160258506
7241,17,4.974942267005998,4.986706705289056,120.34005802484177,598.6848410817397,308.4464205543719,307.40614924590534,343.75560386264783
7242,18,1.8170151989661885e-15,2.087383946523517e-15,104.05237788615091,1.890647521077095e-13,1.1265494233590369e-13,9.425216582265745e-14,-137.43633805898605
7243,19,0.0,0.0,57.18550668769777,0.0,0.0,0.0,0.0
7244,20,0.0,0.0,67.13151458667267,0.0,0.0,0.0,0.0
7245,21,0.0,0.0,89.45516322602873,0.0,0.0,0.0,-32.137789986074495
7246,22,0.0,0.0,36.44572992175667,0.0,0.0,0.0,97.77515729258914
7247,23,0.0,0.0,91.2424032480066,0.0,0.0,0.0,-45.030234452633636
7248,0,0.0,0.0,52.53877327267236,0.0,0.0,0.0,0.0
7249,1,0.0,0.0,61.57615294994432,0.0,0.0,0.0,0.0
7250,2,0.0,0.0,41.16212410010246,0.0,0.0,0.0,63.7529502700346
7251,3,0.0,0.0,41.73920153851711,0.0,0.0,0.0,59.59014128177597
7252,4,0.0,0.0,34.91264695307564,0.0,0.0,0.0,108.83421303960324
7253,5,0.0,0.0,88.05854331716588,0.0,0.0,0.0,-22.06312491899598
7254,6,0.0,0.0,74.33542746733777,0.0,0.0,0.0,0.0
7255,7,3.8881225896570686,3.781495683475727,47.574554214701365,184.97569893504527,241.06360055873824,238.25727802214766,202.4719080110973
7256,8,9.783803007558367,8.472731780288253,83.71312175881609,819.0326924360046,606.5957864686187,607.6247693400793,819.0326924360047
7257,9,7.097326337298677,5.6886811673072595,96.72395240305289,686.4814548378109,440.03423291251795,454.88552865433024,601.9094872082644
7258,10,15.999171914106176,18.507432824525118,98.89921289773186,1582.3055093205987,991.9486586745829,837.3795478923302,1482.042070605421
7259,11,9.002644563544045,8.316548279101216,93.46188937425526,841.4041702736941,558.1639629397308,563.7188845817878,780.3634384759457
7260,12,16.83201361110552,15.447488093766172,89.14277530185068,1500.4524072124716,1043.5848438885423,1050.3095971323976,1470.5680604768634
7261,13,14.202494384423739,11.655795584137561,71.75678404139562,1019.1253223922282,880.5546518342718,859.7165130894913,1019.1253223922283
7262,14,7.518406344393614,7.394459347256672,122.80012676916485,923.261252193629,466.14119335240406,469.872009750719,650.5860495305651
7263,15,6.73312318354878,7.171506922239797,109.16145609774895,734.9975308016958,417.45363738002436,384.81517012250924,560.7063180150044
7264,16,6.9566475990893,6.652559495602735,112.96397385376042,785.8505574933489,431.3121511435366,438.22193915599155,584.1294816778349
7265,17,4.176830382961975,4.35272412218778,53.23533918391775,222.3549821506738,258.9634837436424,258.1641919906257,222.35498215067378
7266,18,1.722444151736946e-15,1.3139810862295033e-15,106.63151617451962,1.8366683142564487e-13,1.0679153740769065e-13,1.1413310432849227e-13,-156.0412242217143
7267,19,0.0,0.0,81.97189989387482,0.0,0.0,0.0,0.0
7268,20,0.0,0.0,91.55259286171402,0.0,0.0,0.0,-47.267819958580844
7269,21,0.0,0.0,44.570627380320346,0.0,0.0,0.0,39.16535223400649
7270,22,0.0,0.0,98.76332151289697,0.0,0.0,0.0,-99.28317187305038
7271,23,0.0,0.0,44.28246228696783,0.0,0.0,0.0,41.244061538611675
7272,0,0.0,0.0,76.38524336544243,0.0,0.0,0.0,0.0
7273,1,0.0,0.0,46.75782132776639,0.0,0.0,0.0,23.387797927765916
7274,2,0.0,0.0,87.00590085019263,0.0,0.0,0.0,-14.46977742134095
7275,3,0.0,0.0,56.80622265540889,0.0,0.0,0.0,0.0
7276,4,0.0,0.0,91.04414680001358,0.0,0.0,0.0,-43.600090647405636
7277,5,0.0,0.0,55.92197501361008,0.0,0.0,0.0,0.0
7278,6,0.0,0.0,40.242917767832296,0.0,0.0,0.0,70.38374213143652
7279,7,5.557773868389149,6.002442789509124,71.8642002019708,399.4049739551995,344.58197984012725,332.20673248586536,399.4049739551996
7280,8,6.78666267255894,7.009730594107516,68.98035566735128,468.1464049474524,420.77308569865426,415.36916612666903,468.1464049474524
7281,9,5.689591312834071,5.622605621057627,66.72057770198674,379.61281928049436,352.7546613957124,351.95354154539154,379.61281928049436
7282,10,12.419095682693648,11.312568966360637,105.00315035050198,1304.0441711871513,769.9839323270062,788.5208692858313,1159.7493356425196
7283,11,8.004728932698065,8.330040745639778,61.45758059835542,491.9512735492789,496.29319382728,491.4714300253381,491.9512735492789
7284,12,17.046648360397622,16.264609586601523,123.77282768476823,2109.9118701143316,1056.8921983446526,1081.0021571631985,1830.2199867688882
7285,13,13.583597148303603,15.087806902943246,87.17848562213644,1184.1974286902791,842.1830231948234,771.5256173980694,1168.482692807457
7286,14,11.531948943800844,11.915738056976572,66.0744207964429,761.9668471157921,714.9808345156523,707.0774553312141,761.9668471157921
7287,15,12.23182436064653,11.984957403284376,99.7286902427778,1219.8638227669812,758.3731103600848,761.5321477450917,1113.6168617068647
7288,16,5.52090659107315,5.293852087017589,97.74044138696576,539.6158470676982,342.29620864653526,344.86313497905735,447.7113289050325
7289,17,3.5995844466440237,3.531075577616716,88.13064301382919,317.2336918653163,223.17423569192945,223.4549838218815,294.65046817734884
7290,18,1.7834988715795177e-15,1.7505864285279642e-15,74.90271765640269,1.3358891241843342e-13,1.105769300379301e-13,1.103852821406885e-13,2.2737367544323206e-13
7291,19,0.0,0.0,107.75202092865068,0.0,0.0,0.0,-164.1241034877928
7292,20,0.0,0.0,85.78775128192756,0.0,0.0,0.0,-5.682526986203243
7293,21,0.0,0.0,58.81593638820131,0.0,0.0,0.0,0.0
7294,22,0.0,0.0,70.46463980327697,0.0,0.0,0.0,0.0
7295,23,0.0,0.0,41.7225165085291,0.0,0.0,0.0,59.710500505997686
7296,0,0.0,0.0,72.92012813684144,0.0,0.0,0.0,0.0
7297,1,0.0,0.0,92.78688042225622,0.0,0.0,0.0,-56.17148350369598
7298,2,0.0,0.0,72.1419280118182,0.0,0.0,0.0,0.0
7299,3,0.0,0.0,37.640676631444194,0.0,0.0,0.0,89.15528312588657
7300,4,0.0,0.0,34.10457003814729,0.0,0.0,0.0,114.66336112397352
7301,5,0.0,0.0,59.299399496792375,0.0,0.0,0.0,0.0
7302,6,0.0,0.0,30.311634947199714,0.0,0.0,0.0,142.02409858731053
7303,7,4.666420218682283,5.365728929185165,84.7668551438753,395.55776671749203,289.3180535583016,258.57744340442025,395.557766717492
7304,8,8.640060159473581,6.366895876977206,83.72237022706665,723.3663154555757,535.683729887362,537.4835706071661,723.3663154555757
7305,9,8.007650444718063,9.82653375425167,74.24171400309709,594.5016941535316,496.47432757251994,440.44882467435264,594.5016941535316
7306,10,8.834675840379651,8.91985418559933,76.97188583597757,680.0216601835717,547.7499021035384,544.8355371772252,680.0216601835716
7307,11,12.666273756279047,13.817712663129248,82.91541704207191,1050.2293708709278,785.3089728893009,737.3581386640735,1050.2293708709278
7308,12,16.589159809374785,13.20087705934836,117.1633563267468,1943.6416419071247,1028.5279081812366,1116.191312062435,1711.6278775545088
7309,13,17.967219501604646,15.024241883116721,79.14065620554568,1421.937541546069,1113.967609099488,1106.184881697263,1421.937541546069
7310,14,16.120469563596824,14.253871993893275,65.74985383997605,1059.9185176382737,999.4691129430031,975.7864516609302,1059.918517638274
7311,15,12.6189863964794,11.018908041110775,75.99840367556762,959.0228221361377,782.3771565817228,774.3748491217505,959.0228221361378
7312,16,6.995273835782733,5.0389493131257534,112.94878565386146,790.1076850678892,433.7069778185294,478.1382167980287,588.496170934822
7313,17,4.032200489540522,3.4558805217024333,71.75709448091965,289.33899149396973,249.99643035151237,245.28087713309958,289.33899149396973
7314,18,1.8616811624828025e-15,1.6760292866006667e-15,111.47170360350798,2.0752477074851714e-13,1.1542423207393376e-13,1.1943501393056787e-13,-190.95642691895046
7315,19,0.0,0.0,77.43988912750007,0.0,0.0,0.0,0.0
7316,20,0.0,0.0,39.12897847239463,0.0,0.0,0.0,78.41926076852195
7317,21,0.0,0.0,83.50314113792835,0.0,0.0,0.0,0.0
7318,22,0.0,0.0,57.072899573398516,0.0,0.0,0.0,0.0
7319,23,0.0,0.0,64.75344915697782,0.0,0.0,0.0,0.0
7320,0,0.0,0.0,40.88497089020693,0.0,0.0,0.0,65.75222419148162
7321,1,0.0,0.0,75.47050595728132,0.0,0.0,0.0,0.0
7322,2,0.0,0.0,58.913218824787144,0.0,0.0,0.0,0.0
7323,3,0.0,0.0,94.17962534765758,0.0,0.0,0.0,-66.21819596873354
7324,4,0.0,0.0,67.56019966346435,0.0,0.0,0.0,0.0
7325,5,0.0,0.0,52.66688274802543,0.0,0.0,0.0,0.0
7326,6,0.0,0.0,45.209961109857886,0.0,0.0,0.0,34.553450921199556
7327,7,4.960814467596745,5.586705482866919,37.95227440037678,188.27419192359073,307.5704969909982,316.6832554924189,275.1817316672419
7328,8,5.86229695283605,6.142594050242153,69.65124132136147,408.3162597594657,363.46241107583506,356.4370301486264,408.31625975946565
7329,9,7.3729891053057255,5.787520198720565,75.93678877786176,559.8811163510769,457.125324528955,449.1228154255936,559.8811163510769
7330,10,7.39763266231451,9.580263115466154,115.56674242975335,854.9203084756315,458.6532250634996,278.67694891051167,634.4238869244289
7331,11,18.327336582886524,19.6358714193852,72.24742462022381,1324.1028682615643,1136.2948681389644,1099.2511880482887,1324.1028682615643
7332,12,11.423233710002986,11.095380009032501,110.34256690371997,1260.4689299028337,708.2404900201851,715.045724760491,1077.6576497006965
7333,13,11.851069726488932,12.737575250200308,90.08792993444689,1067.6383391681795,734.7663230423137,689.9003561291559,1030.9360197690157
7334,14,15.730694654556574,19.71788813751229,127.82942792293683,2010.8456985223672,975.3030685825075,585.4082370953979,1701.8911013553397
7335,15,9.745883215737198,8.092850816471417,62.45784825200318,608.7068949702586,604.2447593757063,579.190385682968,608.7068949702586
7336,16,7.3337792296932,8.295684315022,119.98072072093015,879.9121175867781,454.69431224097843,370.06984577776757,627.5749979223932
7337,17,4.265835774833703,4.180658865667195,80.86289973266044,344.94785053637355,264.4818180396896,264.366588570468,344.9478505363736
7338,18,2.4161583388922426e-15,2.3241487460530756e-15,105.33128713803757,2.544970677648227e-13,1.4980181701131903e-13,1.5136583888738783e-13,-146.66188488255727
7339,19,0.0,0.0,112.90583854256248,0.0,0.0,0.0,-201.30171061445049
7340,20,0.0,0.0,67.9757785684853,0.0,0.0,0.0,0.0
7341,21,0.0,0.0,46.6043383871899,0.0,0.0,0.0,24.494963313284075
7342,22,0.0,0.0,38.637848036324655,0.0,0.0,0.0,81.96208198727572
7343,23,0.0,0.0,40.24327110402812,0.0,0.0,0.0,70.38119330350816
7344,0,0.0,0.0,4.767237839677286,0.0,0.0,0.0,326.2913022592668
7345,1,0.0,0.0,46.300073788882976,0.0,0.0,0.0,26.689808095503565
7346,2,0.0,0.0,62.995666382999026,0.0,0.0,0.0,0.0
7347,3,0.0,0.0,55.771583586469816,0.0,0.0,0.0,0.0
7348,4,0.0,0.0,45.78840633178185,0.0,0.0,0.0,30.38077528228439
7349,5,0.0,0.0,39.585027757698285,0.0,0.0,0.0,75.12950113216118
7350,6,0.0,0.0,51.08102205361625,0.0,0.0,0.0,0.0
7351,7,2.2748431129219098,2.189014484302714,73.39354479339323,166.9587999061763,141.0402730011584,140.4433485011071,166.9587999061763
7352,8,8.853326317327099,9.258125259923526,86.7649770080778,768.1586543678959,548.9062316742801,530.100802431167,755.4268065010297
7353,9,9.302463271706506,9.32438063936867,46.508534694159394,432.6439358133055,576.7527228458033,576.837418822957,457.8299891743159
7354,10,12.964414463303925,15.96862931793891,82.86482737861337,1074.2939665664783,803.7936967248434,678.8753360402197,1074.2939665664783
7355,11,11.681086721884897,12.168865160309101,91.1825078772962,1065.1107820336497,724.2273767568636,698.8735633091765,1020.512609157073
7356,12,16.253093056977573,16.79033356736571,67.33944659353632,1094.4742918901172,1007.6917695326096,995.7788328552164,1094.4742918901172
7357,13,16.121823355308514,15.00795373477217,99.75477643043895,1608.22888445983,999.5530480291279,1013.8284927828201,1501.7937479327197
7358,14,17.623026324897644,18.264296054418676,107.06916423043292,1886.8826998177085,1092.627632143654,1046.5610878913421,1727.6844551693166
7359,15,7.869661330309868,7.408329894739594,83.67939386095156,658.5284900112995,487.9190024792118,488.26940464699726,658.5284900112995
7360,16,5.151790115241639,4.855505602337072,76.97399125559542,396.5538472812729,319.4109871449816,318.14599847401183,396.5538472812729
7361,17,3.9949528075602236,5.514986930520686,134.10337049172705,535.7366364492138,247.68707406873386,87.12706575298972,181.52429261143124
7362,18,1.8482860456697782e-15,2.1904610281021197e-15,103.50959616701321,1.9131534218840448e-13,1.1459373483152626e-13,9.15355909297983e-14,-133.52092486020263
7363,19,0.0,0.0,85.06605567513671,0.0,0.0,0.0,-0.4764995819971318
7364,20,0.0,0.0,61.51488236673022,0.0,0.0,0.0,0.0
7365,21,0.0,0.0,53.07447325033799,0.0,0.0,0.0,0.0
7366,22,0.0,0.0,73.96216278870754,0.0,0.0,0.0,0.0
7367,23,0.0,0.0,40.871826573287805,0.0,0.0,0.0,65.8470421084076
7368,0,0.0,0.0,36.033848629148444,0.0,0.0,0.0,100.74630645356734
7369,1,0.0,0.0,48.152998057067286,0.0,0.0,0.0,13.323543388724374
7370,2,0.0,0.0,62.76548875720569,0.0,0.0,0.0,0.0
7371,3,0.0,0.0,86.1314987861974,0.0,0.0,0.0,-8.162185876346484
7372,4,0.0,0.0,58.15757317528238,0.0,0.0,0.0,0.0
7373,5,0.0,0.0,40.89081165192389,0.0,0.0,0.0,65.71009124058958
7374,6,0.0,0.0,57.14537253671855,0.0,0.0,0.0,0.0
7375,7,3.8788498588166394,3.8385942407993268,92.9907041861419,360.69697980367636,240.48869124663165,240.80039162971696,303.0551920741646
7376,8,5.804372999060588,6.94273500704611,96.32502464102413,559.1063721602062,359.8711259417565,293.3836348498449,477.41211203210264
7377,9,9.746822899129565,11.563340030844818,101.04074417744567,984.8262390938198,604.3030197460331,487.49927841289343,869.1146385438622
7378,10,4.650489651059457,4.429626095555185,105.72095551148865,491.6542095062953,288.3303583656864,292.1492475186037,342.18141069873894
7379,11,13.1037992178339,12.500378127625204,123.06805401898269,1612.6590699942856,812.4355515057018,830.7198384072607,1338.051145846207
7380,12,11.827385497400238,12.175344720993541,93.89180514252486,1110.4945744674276,733.2979008388147,714.0332231776412,1046.3525999157373
7381,13,13.568520576983838,11.00988964044785,105.92465410142503,1437.240848785081,841.248275772998,885.8797304021015,1286.298648707199
7382,14,13.67718326495277,15.765107150859226,75.52461228008853,1032.9639631692733,847.9853624270718,780.3245909114959,1032.9639631692735
7383,15,9.887541357421744,8.863495631763973,98.33525398475878,972.2938906668738,613.0275641601481,625.061576562789,876.0986290725734
7384,16,7.0969804068514,7.179873833857005,98.54715433450689,699.3872234629564,440.0127852247868,434.94103851858733,601.6633963385775
7385,17,3.9703305352809335,4.638017633352981,106.7795460399243,423.95009218574774,246.16049318741787,198.43793673182526,266.8410389116097
7386,18,1.8062972853775286e-15,1.9028128938733498e-15,74.9993483333428,1.3547111929960077e-13,1.1199043169340677e-13,1.089261397436694e-13,1.1368683772161603e-13
7387,19,0.0,0.0,50.166944536019045,0.0,0.0,0.0,0.0
7388,20,0.0,0.0,63.384421222217675,0.0,0.0,0.0,0.0
7389,21,0.0,0.0,89.76576450146976,0.0,0.0,0.0,-34.378345057370666
7390,22,0.0,0.0,58.25529390272036,0.0,0.0,0.0,0.0
7391,23,0.0,0.0,66.7104719570733,0.0,0.0,0.0,0.0
7392,0,0.0,0.0,41.37813632123077,0.0,0.0,0.0,62.19472332192004
7393,1,0.0,0.0,71.6656471393386,0.0,0.0,0.0,0.0
7394,2,0.0,0.0,47.88446092812855,0.0,0.0,0.0,15.26066430112462
7395,3,0.0,0.0,48.45564146557323,0.0,0.0,0.0,11.140393230182667
7396,4,0.0,0.0,79.89993958606969,0.0,0.0,0.0,0.0
7397,5,0.0,0.0,88.85278374425421,0.0,0.0,0.0,-27.792462038472877
7398,6,0.0,0.0,89.44632147622833,0.0,0.0,0.0,-32.074009091014545
7399,7,4.340797143896333,3.709329924161025,60.09473962530888,260.8590741287346,269.12942292157265,258.43934891191685,260.8590741287346
7400,8,4.517294089683841,5.022722606942906,61.12740028949885,276.1304440454915,280.07223356039816,272.78938751518183,276.1304440454915
7401,9,12.338260167227453,11.661324424468981,55.93816371782969,690.179617227546,764.9721303681021,751.4020211207323,690.179617227546
7402,10,6.759068560396722,6.493906625423279,54.385370577150915,367.5944484135457,419.0622507445968,413.43790834860715,367.59444841354565
7403,11,13.16145219791957,15.38351965560795,66.08368387618694,869.7572463988625,816.0100362710133,770.2252143658912,869.7572463988625
7404,12,13.752482808615195,13.032420318975767,71.2734190147318,980.1864697113265,852.6539341341421,846.501046432144,980.1864697113265
7405,13,16.213642595581522,16.986362399476803,63.50273867383888,1029.610708698236,1005.2458409260544,991.8171890489842,1029.610708698236
7406,14,13.11945581271509,14.231102188104144,61.75220968327994,810.1553862773081,813.4062603883356,796.5200605791032,810.155386277308
7407,15,8.935403984128135,10.330520341106038,68.27796777814879,610.0912253130431,553.9950470159444,521.4226240629424,610.0912253130431
7408,16,7.790526548798376,8.097401938096757,91.61619259252568,713.7383806918964,483.01264602549935,466.89547670216547,666.0117773648288
7409,17,4.577390141575533,4.403284216201507,99.4800375576847,455.3589432001097,283.79818877768304,285.9936694009111,350.905664518746
7410,18,1.507637965352897e-15,1.4131949708159317e-15,94.54565640988712,1.425406210627563e-13,9.347355385187962e-14,9.431496937444736e-14,-68.85859965531131
7411,19,0.0,0.0,71.03730652993717,0.0,0.0,0.0,0.0
7412,20,0.0,0.0,68.02510339062142,0.0,0.0,0.0,0.0
7413,21,0.0,0.0,75.87500573108245,0.0,0.0,0.0,0.0
7414,22,0.0,0.0,66.34916299060589,0.0,0.0,0.0,0.0
7415,23,0.0,0.0,68.55766439545202,0.0,0.0,0.0,0.0
7416,0,0.0,0.0,34.10171721230587,0.0,0.0,0.0,114.68394028417637
7417,1,0.0,0.0,85.53000908123249,0.0,0.0,0.0,-3.8232764276394846
7418,2,0.0,0.0,62.62848907246622,0.0,0.0,0.0,0.0
7419,3,0.0,0.0,65.70775445337371,0.0,0.0,0.0,0.0
7420,4,0.0,0.0,32.13123892942452,0.0,0.0,0.0,128.89819327885516
7421,5,0.0,0.0,35.64096526095898,0.0,0.0,0.0,103.58041208231884
7422,6,0.0,0.0,48.5532209822287,0.0,0.0,0.0,10.436493091374189
7423,7,3.123534186320437,2.680442129392604,82.04558125761871,256.27217789470336,193.6591195518671,193.4527210432999,256.2721778947034
7424,8,5.796070139555589,5.641121580096823,49.124526350940116,284.72920030249566,359.3563486524465,355.45836891013226,291.0445218394147
7425,9,8.090964657397315,9.417481905070224,86.18406492064865,697.312223303804,501.63980875863354,440.97806737460115,688.7708460704484
7426,10,13.88922022404757,14.557025865173994,108.16019493281975,1502.2607668978476,861.1316538909493,812.2481182389492,1335.1922571653809
7427,11,14.30842509066793,14.139136066212503,69.68979742888283,997.1512460949924,887.1223556214117,885.4747244710991,997.1512460949924
7428,12,14.478393520790995,15.969429147568382,68.93661841077726,998.0914893438386,897.6603982890417,861.6209145992061,998.0914893438387
7429,13,11.32894238149747,10.660942417896093,77.9951549432788,883.6026163883731,702.3944276528431,700.0540004069533,883.6026163883732
7430,14,13.489262968808525,12.95857849825225,88.52271949725248,1194.1062420125122,836.3343040661285,838.6650912880904,1168.6947332441869
7431,15,11.792854146476888,12.031351784313005,111.27116579333877,1312.2046289092923,731.156957081567,712.7714228761785,1122.6948026423295
7432,16,6.089669765293805,7.12803736455794,113.96796947942354,694.0272979507727,377.55952544821594,294.0125080258957,485.0637937600225
7433,17,3.88479830357671,3.4555349862869975,107.02765213452162,415.7808414479878,240.857494821756,248.70045289753944,256.8820486833079
7434,18,2.030109101539308e-15,2.144775209419741e-15,48.62453687202653,9.871311486203474e-14,1.2586676429543712e-13,1.2600657999576908e-13,9.922048395924662
7435,19,0.0,0.0,77.72205086163245,0.0,0.0,0.0,0.0
7436,20,0.0,0.0,57.35535727706478,0.0,0.0,0.0,0.0
7437,21,0.0,0.0,76.61571075710015,0.0,0.0,0.0,0.0
7438,22,0.0,0.0,80.5008163002963,0.0,0.0,0.0,0.0
7439,23,0.0,0.0,47.339502638165804,0.0,0.0,0.0,19.191778423200105
7440,0,0.0,0.0,91.77537565780935,0.0,0.0,0.0,-48.8748871635695
7441,1,0.0,0.0,32.7296107475575,0.0,0.0,0.0,124.58177503577204
7442,2,0.0,0.0,60.63978030190364,0.0,0.0,0.0,0.0
7443,3,0.0,0.0,93.74107909157328,0.0,0.0,0.0,-63.0546962803553
7444,4,0.0,0.0,71.71094032767776,0.0,0.0,0.0,0.0
7445,5,0.0,0.0,69.21200646953086,0.0,0.0,0.0,0.0
7446,6,0.0,0.0,59.091705995495275,0.0,0.0,0.0,0.0
7447,7,3.155201786234534,2.7687648633784137,79.51943362585739,250.8998590166637,195.6225107465411,194.71035545769,250.8998590166637
7448,8,5.688686647403967,5.919718615028397,61.29106739004025,348.66567666685864,352.69857213904595,349.3223092606074,348.66567666685864
7449,9,7.68978867072124,6.38737021170195,100.08335121305797,769.6198202859881,476.7668975847169,493.7797561708189,660.8144748972054
7450,10,13.408426719309256,12.263873093804317,64.88593164692185,870.0182596018609,831.3224565971739,816.0592030489303,870.0182596018609
7451,11,10.65147362543219,11.485126217341548,81.68133845378397,870.0266222304801,660.3913647767959,626.960501084398,870.02662223048
7452,12,14.631173110256599,15.028750804426965,70.7545295003278,1035.2217694540534,907.1327328359091,896.61952151091,1035.2217694540536
7453,13,16.96065577053032,16.121281606271243,81.24211785393088,1377.919594989377,1051.5606577728797,1050.6638606710276,1377.919594989377
7454,14,12.241791072295877,11.590558736050811,83.61719202450064,1023.6241948159819,758.9910464823444,759.4553061194262,1023.6241948159819
7455,15,10.283148370609009,9.012453979973404,53.061663435439726,545.6409578979457,637.5551989777586,609.3410153222568,545.6409578979457
7456,16,9.083938677854825,11.513957123584468,92.41700862152584,839.5104391087214,563.2041980269992,433.14654710040793,786.0070648640076
7457,17,3.716807314359726,3.278456970038936,81.46162862819116,302.7771771249166,230.442053490303,230.04588186098897,302.7771771249166
7458,18,1.3295274700155404e-15,1.4907563157356582e-15,61.30987611533392,8.151316447858612e-14,8.24307031409635e-14,8.007074087896243e-14,5.684341886080802e-14
7459,19,0.0,0.0,67.78003971896834,0.0,0.0,0.0,0.0
7460,20,0.0,0.0,82.23242553248481,0.0,0.0,0.0,0.0
7461,21,0.0,0.0,33.05057022614163,0.0,0.0,0.0,122.26649997323045
7462,22,0.0,0.0,59.286369004060084,0.0,0.0,0.0,0.0
7463,23,0.0,0.0,80.23387095507526,0.0,0.0,0.0,0.0
7464,0,0.0,0.0,44.70082508297327,0.0,0.0,0.0,38.226157369027646
7465,1,0.0,0.0,80.10026602188668,0.0,0.0,0.0,0.0
7466,2,0.0,0.0,71.51631525307135,0.0,0.0,0.0,0.0
7467,3,0.0,0.0,58.132491080302394,0.0,0.0,0.0,0.0
7468,4,0.0,0.0,52.866455962365116,0.0,0.0,0.0,0.0
7469,5,0.0,0.0,57.456937477174925,0.0,0.0,0.0,0.0
7470,6,0.0,0.0,72.29857214133638,0.0,0.0,0.0,0.0
7471,7,4.107016206883173,4.397254250346601,106.76257392999615,438.47562141905706,254.6350048267567,233.89656280578714,281.4889982505782
7472,8,5.182392544497854,5.790767546100081,82.6545390102361,428.34826673555466,321.30833775886697,296.1713937297253,428.3482667355546
7473,9,6.74419954884417,5.130191792730339,107.91207116704713,727.7805416796392,418.14037202833856,448.7000810307224,562.501898910602
7474,10,13.39602908630532,15.010639884585897,56.197297584293494,752.8206330109514,830.5538033509299,817.2387184520916,752.8206330109514
7475,11,13.979540557736355,14.567424662330287,73.28851959537297,1024.539832099972,866.731514579654,849.323884415302,1024.539832099972
7476,12,17.552866249004843,18.90332315892727,85.44294262027928,1499.7685437351577,1088.2777074383002,1027.7722705214137,1496.5733304098076
7477,13,12.214872229343419,9.538890776722512,118.8157063650632,1451.3186720884325,757.3220782192919,829.8726980415165,1207.3855063983644
7478,14,11.195744200162656,12.195161147607065,57.73765172111172,646.4159793876479,694.1361404100846,683.9700066069856,646.4159793876479
7479,15,12.673476643773549,12.395307239237175,151.94680602585592,1925.694297264675,785.7555519139601,800.209263247767,1442.7664485772402
7480,16,7.161974612593092,6.1830581514747,93.04641829594668,666.3960856282874,444.04242598077167,451.6631082799387,608.3523982894177
7481,17,4.733038839329939,5.131319880239183,114.13756930750552,540.2175485591364,293.44840803845625,261.31829518652404,330.0306181143876
7482,18,2.0307176729891667e-15,2.2283849545259964e-15,87.17906504097726,1.7703606809338457e-13,1.2590449572532835e-13,1.1661930618864623e-13,-15.718915581763667
7483,19,0.0,0.0,65.15695099447709,0.0,0.0,0.0,0.0
7484,20,0.0,0.0,109.2667910854907,0.0,0.0,0.0,-175.05105783444446
7485,21,0.0,0.0,64.66320032800007,0.0,0.0,0.0,0.0
7486,22,0.0,0.0,48.0002802660329,0.0,0.0,0.0,14.425189287291175
7487,23,0.0,0.0,65.01527372564749,0.0,0.0,0.0,0.0
7488,0,0.0,0.0,65.27080778813784,0.0,0.0,0.0,0.0
7489,1,0.0,0.0,57.54860783845078,0.0,0.0,0.0,0.0
7490,2,0.0,0.0,58.325665079115936,0.0,0.0,0.0,0.0
7491,3,0.0,0.0,58.46602766889172,0.0,0.0,0.0,0.0
7492,4,0.0,0.0,78.01206684168528,0.0,0.0,0.0,0.0
7493,5,0.0,0.0,58.45438569869981,0.0,0.0,0.0,0.0
7494,6,0.0,0.0,49.53665770081872,0.0,0.0,0.0,3.3423685614379224
7495,7,3.6384863519867343,3.953808213295031,81.48633027487276,296.48690057860796,225.58615382317754,213.01808255747255,296.48690057860796
7496,8,7.988568839479508,7.591836749268911,21.5630540256479,172.257941473304,495.2912680477295,477.10994507586196,377.3908515830226
7497,9,7.294668275668768,8.26049264265102,89.82559187743709,655.2478954115105,452.26943309146367,403.70586207707356,620.437979265336
7498,10,13.548533808152909,12.684994518005558,109.40862459136079,1482.3264491795615,840.0090961054804,857.3286446280608,1306.252260385961
7499,11,5.1355559534414486,5.2541899507126,105.58483756310979,542.2368411403768,318.4044691133698,310.10233778001,393.7459435149764
7500,12,16.681599440934292,18.01412522987848,54.07495176326241,902.056685102587,1034.259165337926,1026.8054295518907,902.0566851025872
7501,13,15.516319262033138,15.92096287240557,118.16628729948425,1833.5058397479293,962.0117942460545,927.3306566926835,1594.2573270062858
7502,14,9.173734318482198,6.595348268937397,83.99003010245099,770.5022215612075,568.7715277458963,571.3306341118744,770.5022215612075
7503,15,11.26365228323387,11.667946901470689,96.65286493222345,1088.6642627749336,698.3464415605,674.5674164795976,1004.6050921165082
7504,16,7.253326802566427,7.853357925816522,118.80302739216548,861.7171828096273,449.7062617591185,397.8012989360833,617.8754782282891
7505,17,3.5121812187505523,3.6377567396091366,78.89546980470152,277.095187292574,217.75523556253424,213.15674321313136,277.095187292574
7506,18,1.9602058567103837e-15,2.1816216440060536e-15,90.27897203368543,1.7696536971822312e-13,1.215327631160438e-13,1.1027405484202254e-13,-38.080421738480254
7507,19,0.0,0.0,55.385851143517115,0.0,0.0,0.0,0.0
7508,20,0.0,0.0,71.27533383790757,0.0,0.0,0.0,0.0
7509,21,0.0,0.0,45.19384363969752,0.0,0.0,0.0,34.6697159927225
7510,22,0.0,0.0,72.16630502804804,0.0,0.0,0.0,0.0
7511,23,0.0,0.0,28.316357425708162,0.0,0.0,0.0,156.4172435062207
7512,0,0.0,0.0,51.55580218086619,0.0,0.0,0.0,0.0
7513,1,0.0,0.0,39.51006209498284,0.0,0.0,0.0,75.670273849632
7514,2,0.0,0.0,35.68510939523064,0.0,0.0,0.0,103.26197371219331
7515,3,0.0,0.0,72.87058604223793,0.0,0.0,0.0,0.0
7516,4,0.0,0.0,31.867956254255663,0.0,0.0,0.0,130.7974106345997
7517,5,0.0,0.0,46.46617479213433,0.0,0.0,0.0,25.49162098357442
7518,6,0.0,0.0,66.34012916175249,0.0,0.0,0.0,0.0
7519,7,2.302164103301506,2.5282465877298748,80.55619442253766,185.45357909814317,142.73417440469336,133.98585772532468,185.4535790981431
7520,8,3.454148499755337,3.398625387246448,37.4816332362776,129.46712721146807,214.1572069848309,212.27559671367584,219.76968664873064
7521,9,3.1097295509705725,2.614863389923576,76.68479745140463,238.46898074482584,192.8032321601755,190.58306366934406,238.46898074482579
7522,10,6.614307012245088,7.68170496767635,99.38870297081563,657.38739499781,410.08703475919543,343.6565850659167,553.5929679953508
7523,11,11.39261855773265,8.977626183480444,119.37505017273683,1359.994411928188,706.3423505794243,772.830200258138,1112.0263606662502
7524,12,15.950132360523913,15.411145322450263,87.09869469814348,1389.235708864251,988.9082063524826,990.6998105984915,1374.0965532302282
7525,13,14.766140832936578,12.639612881356737,61.91924127810697,914.3082369811075,915.5007316420679,882.4107466330007,914.3082369811075
7526,14,12.470134654177485,11.859571110323406,92.34366610615434,1151.5379508041501,773.148348559004,777.5796658627397,1098.5636405322866
7527,15,10.573169144561707,10.458152569844168,83.54522118165444,883.3377547734518,655.5364869628258,655.6122732110882,883.3377547734518
7528,16,5.285322243744013,4.45102325482974,101.02897801398016,533.9707047600142,327.6899791121288,339.17972245552335,418.3439806716388
7529,17,3.016342686309257,2.1298413647729486,128.32314846237753,387.0665903486694,187.01324655117392,217.369145137621,74.5504879789471
7530,18,1.4650368640459266e-15,1.295172657958563e-15,64.05309787794091,9.384014964752535e-14,9.083228557084744e-14,8.846095125728538e-14,1.1368683772161603e-13
7531,19,0.0,0.0,103.4084435123653,0.0,0.0,0.0,-132.79124951349127
7532,20,0.0,0.0,93.06194907161625,0.0,0.0,0.0,-58.15572022778247
7533,21,0.0,0.0,81.61744993403099,0.0,0.0,0.0,0.0
7534,22,0.0,0.0,67.73677934529462,0.0,0.0,0.0,0.0
7535,23,0.0,0.0,98.81405140600602,0.0,0.0,0.0,-99.64911730939934
7536,0,0.0,0.0,79.1544525703263,0.0,0.0,0.0,0.0
7537,1,0.0,0.0,39.17345589541589,0.0,0.0,0.0,78.09841818483659
7538,2,0.0,0.0,50.98291622846951,0.0,0.0,0.0,0.0
7539,3,0.0,0.0,29.147790570783968,0.0,0.0,0.0,150.41961279141387
7540,4,0.0,0.0,81.10094125017505,0.0,0.0,0.0,0.0
7541,5,0.0,0.0,58.26668916866746,0.0,0.0,0.0,0.0
7542,6,0.0,0.0,24.00703417642223,0.0,0.0,0.0,187.5030014327848
7543,7,3.074688711942304,2.882336616023026,18.18686091577267,55.9189359633909,190.63070014042285,181.32858080493355,285.40637128639116
7544,8,7.792564495301147,8.693180238015604,59.82187605930744,466.16582742206487,483.1389987086711,471.6315205848108,466.16582742206487
7545,9,6.870111364269487,7.461396017456301,61.21321902690673,420.5416316802691,425.9469045847082,417.3635068538244,420.5416316802691
7546,10,11.318748754715035,8.272042218275852,72.11331630044836,816.2325090740713,701.7624227923321,677.6477016357646,816.2325090740712
7547,11,8.025313590042584,6.4301294231851305,84.36679148157523,677.0699582253746,497.56944258264025,499.603451722458,677.0699582253746
7548,12,14.561840797331639,13.979559906399261,113.5256220222176,1653.1420343055795,902.8341294345616,916.3105644478161,1447.3694501685554
7549,13,12.179649153060254,12.765014801154836,120.46798299006633,1467.2577669958384,755.1382474897357,703.2836439995657,1211.4057295429989
7550,14,6.725910325452028,6.510067107196913,141.3417597650133,950.652001421063,417.00644017802574,426.50490587235,544.2247728528532
7551,15,8.620411050107574,8.418720402998334,128.73646474500597,1109.7612432396336,534.4654851066696,541.4343706466287,794.2636402570195
7552,16,8.18149080396401,8.215611707822955,104.96411368742044,858.7629308798632,507.25242984576863,504.89108784531345,714.7496904230485
7553,17,1.9818919453418808,1.9579070511763526,63.966868927489315,126.77542229613091,122.87730061119662,122.5409161089284,126.7754222961309
7554,18,1.3617340308256305e-15,1.35638813366736e-15,103.5418141027624,1.4099641187715277e-13,8.442750991118909e-14,8.451120720470691e-14,-133.75333233897754
7555,19,0.0,0.0,49.91581774658717,0.0,0.0,0.0,0.6072575668899844
7556,20,0.0,0.0,81.63359678192327,0.0,0.0,0.0,0.0
7557,21,0.0,0.0,38.76538250203557,0.0,0.0,0.0,81.04209866297066
7558,22,0.0,0.0,101.34707555317542,0.0,0.0,0.0,-117.92135424917797
7559,23,0.0,0.0,65.00598605590658,0.0,0.0,0.0,0.0
7560,0,0.0,0.0,49.22892488324664,0.0,0.0,0.0,5.562231709251307
7561,1,0.0,0.0,41.827585477133724,0.0,0.0,0.0,58.952574415357276
7562,2,0.0,0.0,49.29403760510747,0.0,0.0,0.0,5.092534220198729
7563,3,0.0,0.0,36.30950213417559,0.0,0.0,0.0,98.75785081141925
7564,4,0.0,0.0,46.78698192973355,0.0,0.0,0.0,23.177444848800633
7565,5,0.0,0.0,17.23917463999514,0.0,0.0,0.0,236.32367026175285
7566,6,0.0,0.0,44.08261812869999,0.0,0.0,0.0,42.685658459423166
7567,7,2.859107354425378,2.6074680928189755,44.192894042685055,126.3522283707823,177.26465597437343,170.0035221736399,168.24239988968918
7568,8,6.486902261636086,6.4090316738040025,82.25595386947127,533.5863331889067,402.1879402214373,402.16395338622647,533.5863331889067
7569,9,11.56270445864557,12.448032274378551,75.4329471130857,872.2088739132515,716.8876764360253,688.299393134058,872.2088739132514
7570,10,7.648790308339574,7.790188343995402,100.91270265933822,771.8601020890994,474.2249991170536,465.15560491677616,657.0721425394073
7571,11,13.542126510717138,12.251453585822047,76.02357145342017,1029.52082241876,839.6118436644625,833.1812963175345,1029.52082241876
7572,12,14.39266370856926,11.71481903340864,89.99719318537505,1295.2993362322443,892.3451499312941,907.0676584844795,1259.251555945958
7573,13,14.168279046571385,12.745226958507326,49.74524493279293,704.8045114478514,878.4333008874258,843.296627432106,706.6422140038333
7574,14,11.801598868909997,12.05848327766078,111.330762953153,1313.8810061428173,731.6991298724198,711.8770416937253,1123.9412694755606
7575,15,10.830494641525693,10.770865716255633,118.3202101369249,1281.4664018721592,671.4906677745929,673.0851546339936,1041.1075505025553
7576,16,3.0126693538926164,3.2431617222240354,108.50155571359174,326.87931174801014,186.7854999413422,169.81505109780375,157.34836000717024
7577,17,2.145294417547504,2.0599324814153355,74.31625779324591,159.43025297687163,133.00825388794524,132.4736485862474,159.4302529768716
7578,18,6.879646459080267e-16,6.240191167878347e-16,98.57802527907829,6.781819625543361e-14,4.2653808046297656e-14,4.3416903230416497e-14,-97.94651794017443
7579,19,0.0,0.0,84.98024187155458,0.0,0.0,0.0,0.0
7580,20,0.0,0.0,35.79432734303481,0.0,0.0,0.0,102.47411852234671
7581,21,0.0,0.0,93.3533156294318,0.0,0.0,0.0,-60.25752363407173
7582,22,0.0,0.0,41.151492650936326,0.0,0.0,0.0,63.82964135029687
7583,23,0.0,0.0,68.82427717438529,0.0,0.0,0.0,0.0
7584,0,0.0,0.0,53.91761036982614,0.0,0.0,0.0,0.0
7585,1,0.0,0.0,77.80430938442632,0.0,0.0,0.0,0.0
7586,2,0.0,0.0,32.72642292746315,0.0,0.0,0.0,124.60477071236303
7587,3,0.0,0.0,40.73958935768154,0.0,0.0,0.0,66.80094921526023
7588,4,0.0,0.0,67.13331409484799,0.0,0.0,0.0,0.0
7589,5,0.0,0.0,45.373170509024355,0.0,0.0,0.0,33.376122700423934
7590,6,0.0,0.0,90.9635065050125,0.0,0.0,0.0,-43.018383371223536
7591,7,3.733368133134231,4.047246369715616,51.842123545514,193.54573199882978,231.46882425432233,230.5891320234929,193.54573199882978
7592,8,5.169289682839148,5.9336509293159985,84.41083015032025,436.34403341593816,320.49596033602717,287.2358984302863,436.3440334159382
7593,9,8.619910233698599,6.195023115156759,76.81042543723956,662.0989722812045,534.4344344893132,523.7838915490795,662.0989722812045
7594,10,9.153609764202425,8.120703162066539,69.40489445024448,635.3053195231967,567.5238053805504,557.2501763217767,635.3053195231967
7595,11,8.333303108950304,8.26109209897861,114.64579317753868,955.3781447144565,516.6647927549188,518.3967265224408,741.5250877615674
7596,12,13.564588494042948,15.321199883881683,67.33641049752073,913.3906990648225,841.0044866306628,802.0595107621625,913.3906990648225
7597,13,12.110378094429393,9.948050054341977,102.65328196981169,1243.1700572884913,750.8434418546224,783.2566558769454,1115.8262452377528
7598,14,9.776714803523486,8.283864434987848,44.66920299235777,436.7180581569798,606.1563178184562,563.6129220812475,475.1723248130441
7599,15,6.374915327141555,5.884341064250695,102.5117640972402,653.503816155816,395.2447502827764,402.5463708157771,527.1808582101319
7600,16,6.326077002691775,5.127503110210193,118.0342067448511,746.693480819569,392.2167741668901,424.00973180114596,508.3977450943197
7601,17,2.870289137813576,2.1321848223149726,88.60548674171048,254.32336614541643,177.95792654444173,181.2455280892114,228.31480712659135
7602,18,1.336116205693848e-15,1.6476196491605666e-15,91.7452942401005,1.2258237443034872e-13,8.283920475301857e-14,6.642869940088186e-14,-48.657891683098
7603,19,0.0,0.0,115.58974424295377,0.0,0.0,0.0,-220.66234755759785
7604,20,0.0,0.0,96.14772670415832,0.0,0.0,0.0,-80.4153027541812
7605,21,0.0,0.0,24.011139038915672,0.0,0.0,0.0,187.47339057409278
7606,22,0.0,0.0,51.61020798661309,0.0,0.0,0.0,0.0
7607,23,0.0,0.0,51.58951996193316,0.0,0.0,0.0,0.0
7608,0,0.0,0.0,59.596510051427025,0.0,0.0,0.0,0.0
7609,1,0.0,0.0,49.57574035618267,0.0,0.0,0.0,3.0604417034394373
7610,2,0.0,0.0,39.52676816390742,0.0,0.0,0.0,75.54976285882157
7611,3,0.0,0.0,39.069912104481745,0.0,0.0,0.0,78.84534224543262
7612,4,0.0,0.0,24.565430914298723,0.0,0.0,0.0,183.47494764882046
7613,5,0.0,0.0,37.14400770802398,0.0,0.0,0.0,92.73805680749575
7614,6,0.0,0.0,79.31263211798787,0.0,0.0,0.0,0.0
7615,7,2.740255987199368,2.7778991822111783,46.53297326416046,127.51225858930381,169.89587120636082,170.04018706326536,152.52202174714822
7616,8,7.384997535488331,7.983953919812697,55.21009634877709,407.72642546979216,457.8698472002765,453.66959341930794,407.72642546979216
7617,9,9.050049040505838,9.49318267353321,47.433213110615625,429.2729047998359,561.103040511362,562.3032606942231,447.78869284281984
7618,10,6.644831398873002,6.352242519306849,91.91835364969971,610.7819624642375,411.9795467301261,414.0097522764729,560.8756884708528
7619,11,13.657562056417017,16.075887564548832,103.5520346810295,1414.2683397244075,846.7688474978551,683.6768703919225,1280.4412801657477
7620,12,11.936171651291176,10.942801206766248,112.92016640989542,1347.8344891608756,740.0426423800529,762.5823417463273,1146.4294229637153
7621,13,10.861644468299115,12.624405881290349,85.17957883051236,925.1903012164829,673.4219570345451,595.0240712184116,923.8948903755887
7622,14,8.844347872329163,9.805130538910328,93.97414890701253,831.1400639396802,548.3495680844081,495.0571766917216,766.4040939549367
7623,15,8.398714647056096,8.903962577957408,95.29729902516344,800.3748211475248,520.720308117478,491.85972589217494,726.0941681826499
7624,16,6.27563542842052,6.141180981555019,85.24905092312453,534.9919642123853,389.08939656207224,389.3498063471694,533.1954091015755
7625,17,2.913949059664539,2.638154445116061,98.15608177119371,286.0218221775255,180.66484169920142,183.86876465045225,191.1190382498687
7626,18,1.89351769638925e-15,1.918892660434604e-15,110.12927641594374,2.0853173378413274e-13,1.173980971761335e-13,1.1547818691020118e-13,-181.27268676472204
7627,19,0.0,0.0,101.384890711665,0.0,0.0,0.0,-118.19413788474219
7628,20,0.0,0.0,71.64637470335745,0.0,0.0,0.0,0.0
7629,21,0.0,0.0,57.837688495645324,0.0,0.0,0.0,0.0
7630,22,0.0,0.0,39.454212160277606,0.0,0.0,0.0,76.07315324624005
7631,23,0.0,0.0,22.57833399390031,0.0,0.0,0.0,197.80908093862686
7632,0,0.0,0.0,64.24124597723616,0.0,0.0,0.0,0.0
7633,1,0.0,0.0,50.835679687264644,0.0,0.0,0.0,0.0
7634,2,0.0,0.0,50.16884401752246,0.0,0.0,0.0,0.0
7635,3,0.0,0.0,99.7747030968161,0.0,0.0,0.0,-106.57887963744349
7636,4,0.0,0.0,85.09481533875827,0.0,0.0,0.0,-0.683960449904248
7637,5,0.0,0.0,58.184058274552825,0.0,0.0,0.0,0.0
7638,6,0.0,0.0,66.6734072587727,0.0,0.0,0.0,0.0
7639,7,2.8738674338574968,2.664865004233237,45.24806669301988,130.03694531408192,178.1797808991648,172.31434716844197,164.31551759070064
7640,8,6.588645288973248,4.895630520116988,84.68352609293518,557.9497152458605,408.49600791634134,411.05693751287606,557.9497152458605
7641,9,6.616747128198431,7.481837623625724,82.8046721324343,547.8975765336974,410.2383219483027,374.3320141163672,547.8975765336974
7642,10,11.624713887636323,12.563267712200027,63.093456761116414,733.4433830299319,720.732261033452,704.9018417212886,733.4433830299319
7643,11,14.215402867187825,14.52920031735969,88.8965024575254,1263.699595917676,881.3549777656451,865.9410499258402,1235.59176432835
7644,12,13.287754057813501,14.72146262868796,109.46033818626461,1454.4820529041756,823.840751584437,716.5629016930731,1278.0348226375418
7645,13,14.009201644158068,15.43171385688462,131.89386035443167,1847.7276853316587,868.5705019378003,722.2404752045595,1509.4538759901302
7646,14,12.77702611416513,12.676836664008603,62.10861221784797,793.563360221999,792.175619078238,790.6308439496017,793.563360221999
7647,15,5.8057175111625225,4.865988809602529,73.51944118493668,426.83310709827003,359.9544856920764,353.5075529484594,426.83310709827003
7648,16,6.014710761901392,5.467787361603377,91.78692596058526,552.0718113769784,372.9120672378863,376.65312965635843,503.1136048856862
7649,17,3.3070804667276836,3.272232548612058,95.96547317751633,317.36554182564373,205.0389889371164,205.38656572736062,238.26494411508958
7650,18,1.859455905348483e-15,1.686022891717277e-15,121.12128093942549,2.2521968110618737e-13,1.1528626613160594e-13,1.2028824086261854e-13,-260.5646711386655
7651,19,0.0,0.0,106.03857767967168,0.0,0.0,0.0,-151.76399982940677
7652,20,0.0,0.0,33.526023956213876,0.0,0.0,0.0,118.83676432720833
7653,21,0.0,0.0,60.07322372131041,0.0,0.0,0.0,0.0
7654,22,0.0,0.0,32.12530327219653,0.0,0.0,0.0,128.94101076852823
7655,23,0.0,0.0,31.218971188367952,0.0,0.0,0.0,135.4789328804613
7656,0,0.0,0.0,65.0226887092235,0.0,0.0,0.0,0.0
7657,1,0.0,0.0,53.65300524304722,0.0,0.0,0.0,0.0
7658,2,0.0,0.0,83.19574182846728,0.0,0.0,0.0,0.0
7659,3,0.0,0.0,22.695110016841383,0.0,0.0,0.0,196.96670477634322
7660,4,0.0,0.0,52.84241986557126,0.0,0.0,0.0,0.0
7661,5,0.0,0.0,46.506318372417496,0.0,0.0,0.0,25.20204103173512
7662,6,0.0,0.0,93.9739516654457,0.0,0.0,0.0,-64.73454716189065
7663,7,2.449099815507759,2.681215526891489,49.67971917203003,121.67059105869603,151.84418856148105,151.82105847107272,123.98097060342934
7664,8,4.289903746556515,4.031843593640967,77.47876260691515,332.37643398596816,265.9740322865039,264.96993880027594,332.3764339859682
7665,9,9.862823600536808,8.954705167702489,48.190843931214005,475.2977928545635,611.4950632332822,588.0139656483873,488.34833103709013
7666,10,11.167264778230372,11.409718353128014,110.04463504949703,1228.8975770214638,692.370416250283,674.0516439363657,1048.2354596839414
7667,11,9.420602872155634,10.606217385846886,124.28220121279563,1170.813261703087,584.0773780736492,473.3970009832731,887.4469586702635
7668,12,7.484915140216435,5.598569611912431,78.89518389846526,590.5237564517826,464.064738693419,458.7289989522647,590.5237564517824
7669,13,8.20017159789924,7.487466455974872,78.51116245640154,643.805004493037,508.4106390697529,506.18940215629465,643.8050044930371
7670,14,11.776098641868403,8.61849123390958,98.40810143131122,1158.8635096141122,730.1181157958409,767.3970690643976,1062.1427552781213
7671,15,8.070493341809337,4.792667388440292,78.5896996484343,634.2576477474846,500.3705871921789,490.34789596463514,634.2576477474847
7672,16,4.827088757762981,4.854769606083763,117.42670184588339,566.8291123414492,299.2795029813048,296.9326271739364,332.9156773014969
7673,17,3.6790042614744305,3.0971379149612486,100.28897456148862,368.9635647906174,228.0982642114147,235.78863514533253,258.67493368303326
7674,18,7.553542237809317e-16,8.247500967775234e-16,112.84155056653708,8.523534183842337e-14,4.683196187441776e-14,4.134608361038909e-14,-200.83796251649892
7675,19,0.0,0.0,59.85269914039776,0.0,0.0,0.0,0.0
7676,20,0.0,0.0,47.485165734751035,0.0,0.0,0.0,18.14102230736853
7677,21,0.0,0.0,75.83688706382938,0.0,0.0,0.0,0.0
7678,22,0.0,0.0,96.29407863418339,0.0,0.0,0.0,-81.4710278427084
7679,23,0.0,0.0,38.60703928958322,0.0,0.0,0.0,82.18432413246262
7680,0,0.0,0.0,62.57063411906497,0.0,0.0,0.0,0.0
7681,1,0.0,0.0,37.60030731935959,0.0,0.0,0.0,89.44649141789205
7682,2,0.0,0.0,71.17316848876968,0.0,0.0,0.0,0.0
7683,3,0.0,0.0,33.16842166245743,0.0,0.0,0.0,121.41636620310356
7684,4,0.0,0.0,58.85013747742295,0.0,0.0,0.0,0.0
7685,5,0.0,0.0,79.7352072248787,0.0,0.0,0.0,0.0
7686,6,0.0,0.0,35.61373073726105,0.0,0.0,0.0,103.77687119247247
7687,7,3.5821999658979458,3.380965240191074,79.11274020091017,283.39765524979344,222.09639788567264,221.56001782253347,283.3976552497935
7688,8,5.818105137188554,5.166413541627791,65.10225381648591,378.77175737224985,360.72251850569035,352.13758332912363,378.7717573722498
7689,9,9.15993073577993,9.584217185410179,93.46338995515407,856.118178320401,567.9157056183557,544.6524031273315,795.0666219240159
7690,10,8.374905364132294,7.5290228550645635,90.46951574135616,757.6736326727347,519.2441325762022,524.1943527410835,718.2187037950964
7691,11,11.748020649556688,11.990647978971182,77.4771540991872,910.2032062261369,728.3772802725147,719.922580959062,910.2032062261369
7692,12,9.762569679365173,9.721760694249449,89.39297680294493,872.7051648846244,605.2793201206407,605.485190538317,841.0159632226266
7693,13,12.516669085811193,13.480805204249496,54.96438281776861,687.9709912358562,776.033483320294,769.5684892856182,687.9709912358562
7694,14,10.236976050976104,10.52766332160463,111.6750642875925,1143.2149586033013,634.6925151605184,612.1369763957052,950.791567933539
7695,15,8.859862967145238,8.035170645194501,132.3997586746905,1173.043718740857,549.3115039630047,580.0723783074199,831.1205584898491
7696,16,5.644872352776133,4.893401527259447,83.14014207511684,469.3154894057068,349.98208587212025,350.2489380891577,469.3154894057068
7697,17,2.923724754102281,3.2880130330279718,90.79811429308313,265.4686943844953,181.27093475434143,162.5109470658275,223.64338518421664
7698,18,1.0346289935112733e-15,9.823361649471116e-16,118.94836176529682,1.2306742381304389e-13,6.414699759769894e-14,6.556995194405633e-14,-244.890089415852
7699,19,0.0,0.0,45.58222419296736,0.0,0.0,0.0,31.868091894476493
7700,20,0.0,0.0,85.07307568530332,0.0,0.0,0.0,-0.5271391660008931
7701,21,0.0,0.0,102.00367457929696,0.0,0.0,0.0,-122.65780060051964
7702,22,0.0,0.0,49.903350727902904,0.0,0.0,0.0,0.6971897215384502
7703,23,0.0,0.0,46.48257362776191,0.0,0.0,0.0,25.373326252567438
7704,0,0.0,0.0,79.91867020422806,0.0,0.0,0.0,0.0
7705,1,0.0,0.0,29.027328298584433,0.0,0.0,0.0,151.288580101652
7706,2,0.0,0.0,67.23884085757888,0.0,0.0,0.0,0.0
7707,3,0.0,0.0,58.36196155716938,0.0,0.0,0.0,0.0
7708,4,0.0,0.0,76.05612714226169,0.0,0.0,0.0,0.0
7709,5,0.0,0.0,54.77240176251892,0.0,0.0,0.0,0.0
7710,6,0.0,0.0,93.21575667122627,0.0,0.0,0.0,-59.2652275754931
7711,7,1.8893097778533143,1.6549712091212097,60.19396748584523,113.72505133879187,117.13720622690549,113.18754110571987,113.72505133879184
7712,8,5.89658971044484,6.574480754401224,42.73440115217056,251.98723011591107,365.5885620475801,371.4062220105061,304.39839398313177
7713,9,7.698713963568806,8.063150608350393,46.69953551575649,359.52636616733184,477.320265741266,478.6415601724483,383.33461494964746
7714,10,9.940825641231157,12.61421040586923,60.15571627445851,597.9974868077636,616.3311897563317,581.0568259213574,597.9974868077636
7715,11,12.307918712885053,12.74894148553849,98.92926369622842,1217.6133358987497,763.0909601988733,735.8967993885444,1117.133122578019
7716,12,12.816117229876419,13.872684185951472,73.96185362144631,947.9037865514156,794.599268252338,762.424356345891,947.9037865514156
7717,13,7.013155316287847,5.622115839003291,95.26883699956745,668.1351506800768,434.8156296098465,447.9632169342434,594.0598115398084
7718,14,5.176406222833151,5.707112630619951,99.45743843538082,514.8321032239503,320.93718581565537,287.86260824878974,410.54184569571254
7719,15,7.12787191883583,7.368920273120386,80.07767751284491,570.7834288693987,441.92805896782147,432.74481645921315,570.7834288693987
7720,16,5.699994458475353,6.203704388474208,97.10281798833911,553.4855244358738,353.3996564254719,323.4901050209036,466.1805699335358
7721,17,2.725612630865885,2.413942398458596,110.47199979352374,301.1038779942417,168.98798311368486,175.48755409204207,117.3589199853069
7722,18,8.732607999681182e-16,8.209900609702282e-16,88.2150322656695,7.703472964553191e-14,5.4142169598023327e-14,5.435968247559109e-14,-23.191974459854123
7723,19,0.0,0.0,99.83967996171353,0.0,0.0,0.0,-107.04759710795668
7724,20,0.0,0.0,67.45661255825067,0.0,0.0,0.0,0.0
7725,21,0.0,0.0,73.84078433270234,0.0,0.0,0.0,0.0
7726,22,0.0,0.0,64.44291752959155,0.0,0.0,0.0,0.0
7727,23,0.0,0.0,78.79801828278418,0.0,0.0,0.0,0.0
7728,0,0.0,0.0,61.842364954561845,0.0,0.0,0.0,0.0
7729,1,0.0,0.0,38.01167545778648,0.0,0.0,0.0,86.47904394874274
7730,2,0.0,0.0,59.7571975930196,0.0,0.0,0.0,0.0
7731,3,0.0,0.0,31.726217393245552,0.0,0.0,0.0,131.81985886307206
7732,4,0.0,0.0,61.42728606106955,0.0,0.0,0.0,0.0
7733,5,0.0,0.0,56.71044478205687,0.0,0.0,0.0,0.0
7734,6,0.0,0.0,65.49896235169501,0.0,0.0,0.0,0.0
7735,7,3.1518325806799035,2.98310208868933,66.49076654794054,209.56776432018043,195.413620002154,193.36659431308672,209.5677643201804
7736,8,5.618892076492807,5.885859088754398,60.19726303895479,338.2419243161364,348.37130874255405,344.83490917797917,338.2419243161364
7737,9,8.212211906186988,8.413388308604816,62.51578400319363,513.3928657156408,509.1571381835933,505.9091994833831,513.3928657156408
7738,10,10.259209988260427,8.85965040895474,103.37097340896462,1060.5045228934528,636.0710192721465,657.8037023976963,927.9835679242358
7739,11,10.78600700553791,11.401901885332823,124.19394296837086,1339.5567389022237,668.7324343433504,611.3048999209336,1056.8270960275045
7740,12,8.51770292930443,8.791176972396958,97.55878986508954,830.9767902132686,528.0975816168747,511.703226409086,740.3826344693358
7741,13,11.62177480384656,12.032593909667062,93.03213104432012,1081.198476519031,720.5500378384867,698.2466012891035,1023.2578517771879
7742,14,9.162338760658352,10.429310912144173,70.48512229860602,645.8085680862622,568.0650031608178,534.9889177449312,645.8085680862622
7743,15,8.362368491333429,9.313421937014107,59.56074227090606,498.06887448665594,518.4668464626726,506.62534863981966,498.06887448665594
7744,16,4.552645156866637,5.440500787751178,62.49677606821044,284.525644886717,282.2639997257315,267.95090566020946,284.525644886717
7745,17,2.7180482462319797,2.828596418274441,102.26942969766476,277.97324403288246,168.51899126638276,161.24085479688804,153.3983908467403
7746,18,1.2264882814941973e-15,1.360998738801794e-15,51.991477187306714,6.376693750780457e-14,7.604227345264023e-14,7.56401750900086e-14,5.684341886080802e-14
7747,19,0.0,0.0,94.6379083802645,0.0,0.0,0.0,-69.52406897694459
7748,20,0.0,0.0,53.053675190629,0.0,0.0,0.0,0.0
7749,21,0.0,0.0,71.72176969830093,0.0,0.0,0.0,0.0
7750,22,0.0,0.0,54.3468465358638,0.0,0.0,0.0,0.0
7751,23,0.0,0.0,36.109527546316194,0.0,0.0,0.0,100.20038859985078
7752,0,0.0,0.0,25.6602058293387,0.0,0.0,0.0,175.57767329172816
7753,1,0.0,0.0,16.388680418930335,0.0,0.0,0.0,242.45880005930127
7754,2,0.0,0.0,28.35904803193543,0.0,0.0,0.0,156.10929031400215
7755,3,0.0,0.0,95.3304688265761,0.0,0.0,0.0,-74.5199268270427
7756,4,0.0,0.0,79.43049648173033,0.0,0.0,0.0,0.0
7757,5,0.0,0.0,60.959607289876516,0.0,0.0,0.0,0.0
7758,6,0.0,0.0,55.171993509161986,0.0,0.0,0.0,0.0
7759,7,2.700401495124236,2.8048625974872903,55.78446153297239,150.64044332833907,167.42489269770263,166.6173481111324,150.6404433283391
7760,8,5.254942143856887,5.615993279547976,74.78860647903126,393.0098000669896,325.806412919127,314.4384441994643,393.00980006698956
7761,9,7.346422617117727,6.1880411467545,66.33493028642559,487.32443216112466,455.4782022612991,441.28941666000287,487.32443216112466
7762,10,6.764685540119535,8.635042829205643,72.60794431900655,491.16991103258795,419.4105034874112,365.6191580324846,491.1699110325879
7763,11,11.396191224267445,8.42935458374928,95.82979514689535,1092.0946704763958,706.5638559045816,735.8534948138247,1013.9728005548363
7764,12,13.131893437291241,10.827650825159932,68.5489722466676,900.1777987790738,814.177393112057,789.7794483113493,900.1777987790738
7765,13,8.314312876687536,9.373343494575439,45.17011743867995,375.55848906190494,515.4873983546272,521.3516249372342,410.3993565089704
7766,14,11.272948710270796,12.51435179731129,81.81178484485463,922.2600544517559,698.9228200367894,648.9380586049309,922.2600544517559
7767,15,6.561013635304573,7.9026880608153,124.97679279083751,819.9744415973192,406.7828453888836,280.36895143327354,531.5976289313608
7768,16,5.360635140094676,5.427835285365757,61.61570949381507,330.29933749441017,332.3593786858699,331.35005690647057,330.29933749441017
7769,17,2.795560818029492,2.4859188766279767,66.85087450094093,186.88568540583736,173.32477071782853,169.65184627457987,186.88568540583736
7770,18,9.072994233589935e-16,9.14401362872019e-16,74.768889355062,6.783777019704014e-14,5.6252564248257593e-14,5.6029129335995494e-14,0.0
7771,19,0.0,0.0,49.51275796538574,0.0,0.0,0.0,3.514771824595698
7772,20,0.0,0.0,105.07124804981666,0.0,0.0,0.0,-144.78606548348625
7773,21,0.0,0.0,70.4858411377742,0.0,0.0,0.0,0.0
7774,22,0.0,0.0,26.929773731935327,0.0,0.0,0.0,166.41951127684703
7775,23,0.0,0.0,54.76215711276768,0.0,0.0,0.0,0.0
7776,0,0.0,0.0,52.56529899748709,0.0,0.0,0.0,0.0
7777,1,0.0,0.0,46.025748389985424,0.0,0.0,0.0,28.66868330396011
7778,2,0.0,0.0,46.6893883932319,0.0,0.0,0.0,23.881446121248757
7779,3,0.0,0.0,48.26667734155517,0.0,0.0,0.0,12.503505876003317
7780,4,0.0,0.0,59.5459689925097,0.0,0.0,0.0,0.0
7781,5,0.0,0.0,64.79038347261766,0.0,0.0,0.0,0.0
7782,6,0.0,0.0,32.55985786543033,0.0,0.0,0.0,125.80630536127413
7783,7,1.805670717701827,1.6093680723941177,69.13302956535098,124.83148711216893,111.95158449751327,109.95906792479614,124.83148711216893
7784,8,5.659753699974858,5.8898299338031235,75.9788112455204,430.02135806652547,350.9047293984412,343.31830746814614,430.0213580665255
7785,9,6.975003943312232,6.242642728814535,65.78844683776447,458.8746761177943,432.4502444853584,423.17952930601797,458.8746761177943
7786,10,7.845235396644559,9.06994792341117,117.56890560773763,922.3557398185862,486.4045945919626,382.3516319314455,687.4165029388716
7787,11,12.109239520068831,10.578681979169685,83.89253805587282,1015.8748372650535,750.7728502442675,752.180050268459,1015.8748372650535
7788,12,5.155037434797715,5.081172436543751,104.38329502057906,538.099793398619,319.61232095745834,320.8153949940412,398.2763496760484
7789,13,12.320962861836241,11.037771381957215,82.88354590828654,1021.2050909932975,763.899697433847,764.1084206301039,1021.2050909932975
7790,14,3.5802228292263827,4.208689831395692,92.45606296190047,331.0133073165879,221.97381541203572,188.30678864397973,277.2282104670385
7791,15,8.609319940952922,7.5180368146648755,101.42822895063836,873.2280740802693,533.7778363390812,549.1334685965566,754.7213112361642
7792,16,3.2888746757922,4.045724360268103,67.65141361975705,222.49702103556248,203.9102298991164,186.83247152104494,222.4970210355625
7793,17,2.5129561688857365,2.5380619325386964,106.65555487725426,268.02073457472727,155.80328247091566,154.01275337611963,111.80610463456236
7794,18,1.126249487688253e-15,1.1013044682518229e-15,62.87665315896014,7.081479840783082e-14,6.982746823667168e-14,6.945722153297397e-14,5.684341886080802e-14
7795,19,0.0,0.0,99.09596133642442,0.0,0.0,0.0,-101.6827043362099
7796,20,0.0,0.0,69.63246204874069,0.0,0.0,0.0,0.0
7797,21,0.0,0.0,109.74387445085625,0.0,0.0,0.0,-178.49254902659436
7798,22,0.0,0.0,82.15787845271223,0.0,0.0,0.0,0.0
7799,23,0.0,0.0,77.08059068804212,0.0,0.0,0.0,0.0
7800,0,0.0,0.0,56.2477409674449,0.0,0.0,0.0,0.0
7801,1,0.0,0.0,71.04333414214848,0.0,0.0,0.0,0.0
7802,2,0.0,0.0,65.20142843488927,0.0,0.0,0.0,0.0
7803,3,0.0,0.0,12.116104816862702,0.0,0.0,0.0,273.27947495548744
7804,4,0.0,0.0,35.93193518149709,0.0,0.0,0.0,101.4814698608788
7805,5,0.0,0.0,38.71637679621598,0.0,0.0,0.0,81.39560649239155
7806,6,0.0,0.0,46.944788180160046,0.0,0.0,0.0,22.03909281153591
7807,7,1.8952336724055912,2.42499878945299,62.75317866884633,118.93193726368183,117.50448768914666,108.79436864283826,118.93193726368185
7808,8,4.040994832107173,3.1815759061980575,83.62080785503821,337.91125239883627,250.54167959064472,251.15668483710164,337.9112523988363
7809,9,5.05979955293203,5.581310651495422,102.67657524984702,519.5228895457678,313.7075722817859,279.107543448623,392.0110489618685
7810,10,7.6521669072797325,7.712593463818401,95.6974748698979,732.2930503096666,474.4343482513434,470.95245866194875,655.1256866670686
7811,11,10.374186150810264,11.909049457765157,111.6702418727773,1158.4878766941986,643.1995413502364,524.1128704698101,966.0992730225089
7812,12,11.107912462417342,10.100895583826237,69.15808997313857,768.2020094896058,688.6905726698752,678.4880491177813,768.2020094896059
7813,13,7.412331015863743,8.332757083847717,85.31112899435932,632.3543274432423,459.5645229835521,418.4777054291188,630.1099656158506
7814,14,6.655591943567985,7.814633447059083,91.5216803444239,609.1309583621521,412.64670050121504,351.9104912321222,562.0861291085597
7815,15,6.961678478379537,7.30427411888507,82.33245417770642,573.1720743211082,431.6240656595313,417.6065705291196,573.1720743211082
7816,16,3.1750903354519715,3.18006295360165,72.94906098858667,231.61985852515795,196.85560079802224,196.71046834246,231.61985852515795
7817,17,2.0040933277843167,2.2495038162924246,99.79373871980621,199.99596592301506,124.25378632262763,108.85619889853268,93.27977081072277
7818,18,9.883618341591453e-16,1.1475462975522367e-15,73.43584249096685,7.258118397739409e-14,6.127843371786701e-14,5.65355639723085e-14,1.1368683772161603e-13
7819,19,0.0,0.0,97.60671201195359,0.0,0.0,0.0,-90.93984720650383
7820,20,0.0,0.0,50.551484418192864,0.0,0.0,0.0,0.0
7821,21,0.0,0.0,85.80235794924438,0.0,0.0,0.0,-5.7878937220126545
7822,22,0.0,0.0,66.79744360335295,0.0,0.0,0.0,0.0
7823,23,0.0,0.0,61.6248951202794,0.0,0.0,0.0,0.0
7824,0,0.0,0.0,58.22688856406932,0.0,0.0,0.0,0.0
7825,1,0.0,0.0,49.22689515329417,0.0,0.0,0.0,5.576873380416032
7826,2,0.0,0.0,48.72454286020805,0.0,0.0,0.0,9.200644648750881
7827,3,0.0,0.0,45.4487260178658,0.0,0.0,0.0,32.83109506568968
7828,4,0.0,0.0,59.32962566255345,0.0,0.0,0.0,0.0
7829,5,0.0,0.0,68.35626418292892,0.0,0.0,0.0,0.0
7830,6,0.0,0.0,53.449726007447566,0.0,0.0,0.0,0.0
7831,7,2.8152037651636865,2.4274958567601757,95.22542242831642,268.07896775949894,174.54263344014856,178.1944801365234,194.31680420953205
7832,8,4.279264060598297,4.589905992232998,65.83452614992699,281.7233216999013,265.31437175709436,259.01046605411017,281.7233216999013
7833,9,7.385117026408392,6.614893443340273,63.67985899726617,470.28321091999607,457.87725563732033,446.90919036170715,470.28321091999607
7834,10,6.409298124953778,6.35493580795235,81.35767483030504,521.4455927404732,397.3764837471342,397.32311387526374,521.4455927404732
7835,11,5.808138606252688,6.459942557722515,74.62164704417918,433.4128690594589,360.1045935876666,339.7180830680675,433.41286905945884
7836,12,7.908524402750423,7.954560204556159,101.88303559963475,805.7444732660015,490.3285129705262,487.3198986396924,683.956914673646
7837,13,8.023053075882347,8.127300838720139,92.15131260470778,739.3348720397964,497.42929070470547,491.88444177364005,687.7481240454404
7838,14,5.901198006023061,5.590640830467903,111.87530681499167,660.1983374998471,365.8742763734298,372.6774909631329,466.33047623151333
7839,15,8.535988237413362,8.708343475841934,93.4114422548058,797.3589723268398,529.2312707196285,519.79235624997,736.682146147812
7840,16,2.7421112650811543,2.5368167556374606,93.74532363174006,257.06010797927297,170.01089843503158,171.71668902023634,193.97479326059198
7841,17,2.104317384620955,2.237447297928586,83.78420223088219,176.3085533110432,130.4676778464992,124.77900299713937,176.30855331104323
7842,18,1.3180514712034658e-15,1.2649340701898138e-15,104.03652001214405,1.3712548826089528e-13,8.171919121461488e-14,8.257052451693087e-14,-137.32194561170604
7843,19,0.0,0.0,76.6048789369673,0.0,0.0,0.0,0.0
7844,20,0.0,0.0,80.29044348952355,0.0,0.0,0.0,0.0
7845,21,0.0,0.0,89.45143217305996,0.0,0.0,0.0,-32.11087564182856
7846,22,0.0,0.0,60.74211283900134,0.0,0.0,0.0,0.0
7847,23,0.0,0.0,55.325808217367225,0.0,0.0,0.0,0.0
7848,0,0.0,0.0,48.74274921078289,0.0,0.0,0.0,9.06931121796464
7849,1,0.0,0.0,54.6528289906548,0.0,0.0,0.0,0.0
7850,2,0.0,0.0,66.13896993535944,0.0,0.0,0.0,0.0
7851,3,0.0,0.0,66.39774784961868,0.0,0.0,0.0,0.0
7852,4,0.0,0.0,63.174685756992005,0.0,0.0,0.0,0.0
7853,5,0.0,0.0,81.52040423058858,0.0,0.0,0.0,0.0
7854,6,0.0,0.0,64.15328441994258,0.0,0.0,0.0,0.0
7855,7,2.9486109272731262,2.505124072274182,95.48710747897431,281.5543285262071,182.81387749093383,187.07815022259663,205.90447225346765
7856,8,5.280810148545726,5.850167228961034,93.57656104449221,494.1600532297631,327.410229209835,296.11227120608794,432.2921252399882
7857,9,6.791314610397802,5.619219838993562,65.03844401292737,441.69653506253314,421.06150584466377,405.56504514346557,441.69653506253314
7858,10,6.760820761323898,6.081985678660841,99.9097898973954,675.4721817978194,419.1708872020817,427.94981493985745,567.9188392716665
7859,11,9.03029553914605,7.869878816674363,50.68332681045884,457.6854200055678,559.8783234270551,532.042821619826,457.6854200055678
7860,12,5.230843768476562,5.694121066830546,118.30301716658418,618.8246001378026,324.3123136455468,284.5266284184186,378.58977207374653
7861,13,5.374650354250634,5.396146571282915,95.2447849398693,511.90741711759404,333.2283219635393,332.0018342092153,438.0055800476416
7862,14,8.862659910942302,9.401822020735043,79.71313122656088,706.470372497324,549.4849144784228,529.1900902726999,706.4703724973241
7863,15,4.401622708431272,3.36634663392711,62.28702898762876,274.1640012326636,272.90060792273886,257.07669445061026,274.1640012326636
7864,16,4.478957407801435,4.953899701919057,91.99228574701735,412.0295297071897,277.69535928368896,252.5279974767162,361.5899387293806
7865,17,2.829784614590391,3.3852873742943377,115.90924411985719,327.99819569917366,175.44664610460424,129.40293597652504,105.03110206975748
7866,18,8.502108857060093e-16,8.747582332073389e-16,92.3547155970588,7.852098454690196e-14,5.271307491377258e-14,5.140118133742068e-14,-53.054016940311726
7867,19,0.0,0.0,73.548354901044,0.0,0.0,0.0,0.0
7868,20,0.0,0.0,71.20047640033128,0.0,0.0,0.0,0.0
7869,21,0.0,0.0,95.12835797563093,0.0,0.0,0.0,-73.06197887944916
7870,22,0.0,0.0,76.47680352274632,0.0,0.0,0.0,0.0
7871,23,0.0,0.0,56.48987416582519,0.0,0.0,0.0,0.0
7872,0,0.0,0.0,72.03949576593104,0.0,0.0,0.0,0.0
7873,1,0.0,0.0,66.72061858795176,0.0,0.0,0.0,0.0
7874,2,0.0,0.0,32.21928626659493,0.0,0.0,0.0,128.2630545224828
7875,3,0.0,0.0,43.92836315380306,0.0,0.0,0.0,43.79839299596756
7876,4,0.0,0.0,81.73716284057306,0.0,0.0,0.0,0.0
7877,5,0.0,0.0,70.845967481884,0.0,0.0,0.0,0.0
7878,6,0.0,0.0,97.9496380648021,0.0,0.0,0.0,-93.41358047014967
7879,7,2.4916946339223682,2.3928381176680658,79.59985982974811,198.33854359875605,154.48506730318684,154.25768692324485,198.33854359875602
7880,8,4.1527516448924375,4.282501494917489,59.02923499005769,245.13375270170428,257.4706019833311,255.94129970106744,245.1337527017043
7881,9,1.983724474115469,1.8159537040914482,80.37438054032145,159.44062576970575,122.99091739515907,122.70248343875983,159.44062576970578
7882,10,7.954961656909688,7.655925753123374,99.12269994230695,788.517277370416,493.2076227284007,496.8983313158898,686.6416912795371
7883,11,10.022435379818377,9.9985976820509,86.93153637741962,871.2657058110187,621.3909935487394,621.4672420551263,857.3323643600686
7884,12,9.428225928379568,8.988102673769045,92.71855129651688,874.1714493756115,584.5500075595332,587.8680586932276,818.4928652297019
7885,13,7.295727954796639,7.545790083382551,136.16294566167534,993.4078090713406,452.33513319739166,425.27749013636026,624.3385024435923
7886,14,7.65039573780665,6.098601040931268,91.33685779029818,698.7631075435494,474.3245357440123,484.41530319892286,653.0515152843907
7887,15,7.099679151100314,6.08895905404381,102.02914625971862,724.3742025046888,440.18010736821947,454.8576428083775,601.5326592499829
7888,16,3.9372951582002247,3.4526215324004834,100.2061361526157,394.5411346956463,244.11229980841392,250.48798851118306,284.85006719057725
7889,17,2.2013891758383766,2.1453763154906986,110.16399314723539,242.51382208145708,136.48612890197936,137.64128183304732,60.99070251267153
7890,18,1.1547497050424221e-15,1.405221239746075e-15,92.71392358456436,1.0706137591260135e-13,7.159448171263017e-14,5.809596845347786e-14,-55.64520165747956
7891,19,0.0,0.0,84.05986419348187,0.0,0.0,0.0,0.0
7892,20,0.0,0.0,115.30989104546649,0.0,0.0,0.0,-218.64359699078761
7893,21,0.0,0.0,66.48234652241351,0.0,0.0,0.0,0.0
7894,22,0.0,0.0,77.16405049523486,0.0,0.0,0.0,0.0
7895,23,0.0,0.0,31.581124696402988,0.0,0.0,0.0,132.86650034017816
7896,0,0.0,0.0,53.393754341590174,0.0,0.0,0.0,0.0
7897,1,0.0,0.0,48.92621215253399,0.0,0.0,0.0,7.745881930845087
7898,2,0.0,0.0,48.55827905085963,0.0,0.0,0.0,10.400006179638524
7899,3,0.0,0.0,16.43865458958851,0.0,0.0,0.0,242.0983061065865
7900,4,0.0,0.0,46.25946348618967,0.0,0.0,0.0,26.982754798691303
7901,5,0.0,0.0,39.95229711359918,0.0,0.0,0.0,72.48016488353505
7902,6,0.0,0.0,84.22905868873997,0.0,0.0,0.0,0.0
7903,7,2.508506579585433,2.1488578237716873,50.308532736740055,126.19928537940159,155.52740793429686,146.79923597803236,126.19928537940157
7904,8,4.409187577969166,4.194404668448761,85.64746143948327,377.63572306356275,273.3696298340883,273.8497976645799,372.9651916575243
7905,9,4.430136352203315,4.477588720870312,93.05142767869879,412.2305123838212,274.6684538366055,272.0911123799593,354.1506893339394
7906,10,8.56992264802341,8.375138447239848,71.04262121193518,608.8297684991117,531.3352041774514,529.6370688746226,608.8297684991117
7907,11,7.237861951019051,7.805919482065209,72.021758644153,521.2835465359924,448.74744096318113,432.8263798917931,521.2835465359924
7908,12,8.159297988409282,9.09363896549284,86.74045507049422,707.7412205703891,505.87647528137546,462.4991639315085,695.1862642875415
7909,13,8.870400215109882,8.242002747588733,86.43420024109696,766.705948411477,549.9648133368127,551.7404447545423,756.3601936528041
7910,14,8.534748251327823,8.296588495772962,75.81406478631384,647.0539568610463,529.154391582325,527.9303810907704,647.0539568610463
7911,15,6.114493386738788,5.304410207507399,90.30229123894743,552.152762587904,379.09858997780486,383.73770824950276,513.9041253019047
7912,16,2.6493600008512614,2.495896396169972,101.90239416810243,269.97612709994945,164.2603200527782,166.47430811355622,148.04892343146958
7913,17,1.0824905642210638,1.0891961635307312,68.55103588251782,74.20584951040512,67.11441498170596,66.95556741529184,74.20584951040507
7914,18,1.2150095318512559e-15,1.3248980473813372e-15,83.59534516936752,1.0156914119917737e-13,7.533059097477786e-14,7.066096845528472e-14,1.1368683772161603e-13
7915,19,0.0,0.0,70.96933392103175,0.0,0.0,0.0,0.0
7916,20,0.0,0.0,76.8670382405903,0.0,0.0,0.0,0.0
7917,21,0.0,0.0,106.22161824572812,0.0,0.0,0.0,-153.08438226488897
7918,22,0.0,0.0,32.19341557211003,0.0,0.0,0.0,128.44967550671345
7919,23,0.0,0.0,55.20017150829995,0.0,0.0,0.0,0.0
7920,0,0.0,0.0,58.93947668961506,0.0,0.0,0.0,0.0
7921,1,0.0,0.0,40.654645336907144,0.0,0.0,0.0,67.4137018713854
7922,2,0.0,0.0,57.35850819285461,0.0,0.0,0.0,0.0
7923,3,0.0,0.0,21.663947743349205,0.0,0.0,0.0,204.4051026319914
7924,4,0.0,0.0,46.34743157180804,0.0,0.0,0.0,26.348187731751295
7925,5,0.0,0.0,3.9601356626754125,0.0,0.0,0.0,332.11341896876183
7926,6,0.0,0.0,57.643870530608126,0.0,0.0,0.0,0.0
7927,7,1.5360423185898908,1.5294533068415859,43.397474774763225,66.6603577739736,95.23462375257323,95.04056487753158,114.2883701050869
7928,8,4.2797095460314925,3.3437056039774893,79.42060274483154,339.89711171863047,265.34199185395255,263.06324538370484,339.8971117186305
7929,9,6.379124366712876,6.839336508371978,106.65642011943072,680.374568450226,395.5057107361983,362.6831391129925,524.1536969943312
7930,10,8.440710508294185,8.090151069349156,88.56002314406884,747.509517966918,523.3240515142395,524.8735303194053,721.8289154064516
7931,11,6.231201076870499,5.969323402655849,88.1896272271534,549.5273001466461,386.33446676597094,387.41922181574057,526.5185876125613
7932,12,8.975388630821374,9.542904259185073,81.42313369025172,730.8042684093341,556.4740951109252,533.8989379700187,730.8042684093341
7933,13,5.956673731965099,6.669926597841684,90.71757713695641,540.3750087592258,369.3137713818361,332.6547342182915,499.13066283197713
7934,14,5.755436010797705,5.939772241600893,91.99278477790882,529.4585862443395,356.83703266945776,347.06887497044465,479.01539545454295
7935,15,5.966221522040163,4.32035317097396,96.6331564352466,576.5348176666422,369.9057343664901,387.14598698068687,492.61781633056233
7936,16,4.824088063978357,4.977316321429499,104.03735985227466,501.8853858711794,299.09345996665814,288.6667827286522,364.5573819840813
7937,17,2.13345982899817,1.8675658654410299,76.57177492110836,163.36280582927418,132.27450939788653,131.05906320512787,163.36280582927418
7938,18,1.0203129940489397e-15,1.0788467159014578e-15,110.44803895817108,1.1269156931624548e-13,6.325940563103426e-14,5.88073278964733e-14,-183.5721139950599
7939,19,0.0,0.0,77.17427636603577,0.0,0.0,0.0,0.0
7940,20,0.0,0.0,75.28627642640431,0.0,0.0,0.0,0.0
7941,21,0.0,0.0,94.25014263476692,0.0,0.0,0.0,-66.72687985943082
7942,22,0.0,0.0,19.92867258608974,0.0,0.0,0.0,216.9226930641983
7943,23,0.0,0.0,6.412165322403361,0.0,0.0,0.0,314.42544430970395
7944,0,0.0,0.0,61.13893134309601,0.0,0.0,0.0,0.0
7945,1,0.0,0.0,51.02121521719431,0.0,0.0,0.0,0.0
7946,2,0.0,0.0,79.71690737353826,0.0,0.0,0.0,0.0
7947,3,0.0,0.0,28.349731378803895,0.0,0.0,0.0,156.1764969743474
7948,4,0.0,0.0,63.061495514743804,0.0,0.0,0.0,0.0
7949,5,0.0,0.0,50.127324946332685,0.0,0.0,0.0,0.0
7950,6,0.0,0.0,81.46269166634742,0.0,0.0,0.0,0.0
7951,7,2.1133325084825536,1.9382709306154708,24.08642191485192,50.90261844568316,131.02661552591832,123.33525296734888,237.8329480512683
7952,8,3.828240247635233,3.2240200062409925,68.11407743418268,260.7570526640809,237.35089535338443,230.75616861916242,260.7570526640809
7953,9,4.556084097098396,4.20908227050838,94.03481926681722,428.4305446350678,282.4772140201006,285.43579130800526,363.2569226086682
7954,10,5.8194634521440936,5.622134903546211,68.86436262640731,400.753641459575,360.8067340329338,358.76404256525547,400.753641459575
7955,11,5.1267752311774135,5.062017415965369,89.25609665886489,457.59594558224563,317.8600643329996,318.18010215034025,426.8941432815119
7956,12,8.265432899906779,7.673863886306858,93.31175323934673,771.2620351724794,512.4568397942203,517.1798173168348,711.3043262244488
7957,13,8.31527656432824,8.116117563172349,101.50545680130475,844.0459460913219,515.5471469883508,518.3610829580009,724.982091998283
7958,14,7.5320329719958865,7.1732452024069415,74.37275007984269,560.1780058193848,466.986044263745,464.75422738873743,560.1780058193849
7959,15,4.988777109898938,4.111553429385494,87.20481196172031,435.04536978767135,309.30418081373415,312.2899072025579,419.1407260766229
7960,16,2.609673329579639,2.5698438606853418,105.57560811768947,275.51784875888586,161.79974643393763,162.4840846621312,127.09352871180477
7961,17,1.57781950849118,1.553654029317893,107.05827323824604,168.91863206068382,97.82480952645315,98.26688567190953,9.798950733517927
7962,18,9.462067160883624e-16,8.564230939003872e-16,90.94939864377335,8.605693182093615e-14,5.866481639747848e-14,5.922255665636608e-14,-42.91661482568338
7963,19,0.0,0.0,74.60627294765477,0.0,0.0,0.0,0.0
7964,20,0.0,0.0,76.87774306015581,0.0,0.0,0.0,0.0
7965,21,0.0,0.0,85.38331726185562,0.0,0.0,0.0,-2.765099511412018
7966,22,0.0,0.0,66.53145187424374,0.0,0.0,0.0,0.0
7967,23,0.0,0.0,33.711602672164396,0.0,0.0,0.0,117.49807267967032
7968,0,0.0,0.0,30.870082932929343,0.0,0.0,0.0,137.99567512155053
7969,1,0.0,0.0,51.584382086444016,0.0,0.0,0.0,0.0
7970,2,0.0,0.0,16.820902890523406,0.0,0.0,0.0,239.34091765755994
7971,3,0.0,0.0,66.69927082532023,0.0,0.0,0.0,0.0
7972,4,0.0,0.0,34.792004614370875,0.0,0.0,0.0,109.70447927857526
7973,5,0.0,0.0,34.19854996855906,0.0,0.0,0.0,113.98542698031889
7974,6,0.0,0.0,96.2586748011822,0.0,0.0,0.0,-81.21563855796865
7975,7,2.002653077711328,1.934101155952321,57.617659066965444,115.38818226098036,124.16449081810234,122.87662261126572,115.38818226098033
7976,8,3.5371831469223083,3.026790410636957,79.22980378374176,280.25032667781267,219.30535510918313,217.9897427208929,280.2503266778126
7977,9,5.9466746830188795,6.639321061129336,90.61912274669847,538.8824430351721,368.69383034717055,333.1791468424594,498.3483082397694
7978,10,3.943992252326065,3.6855170476492947,114.87792609383489,453.0776504773711,244.52751964421603,250.7718785492164,237.55007824091234
7979,11,6.65347273476163,7.1081821799021006,77.55004726037308,515.9771250263681,412.51530955522105,396.62887145345337,515.9771250263681
7980,12,6.777657790131835,7.911579759858103,96.84457959970233,656.3794193559651,420.2147829881738,353.2501995399439,570.9372947162602
7981,13,8.856880177574759,7.461288803786745,92.01890971979597,815.0004574593022,549.1265710096351,558.9155033075222,764.3688116448138
7982,14,5.7502028341817555,6.305725014576866,145.26155409908625,835.2834000782121,356.51257571926885,290.0849318278824,400.58032151172245
7983,15,3.880562943702184,3.9261791561542654,57.07992908523174,221.50225763729878,240.5949025095354,240.16839496668734,221.50225763729878
7984,16,4.45407620179854,3.966515999525648,91.50028955531758,407.5492621660156,276.1527245115095,279.3829167333043,360.65873762653985
7985,17,1.2616477099906998,1.3258101264646718,91.95261135396075,116.01180154238939,78.22215801942339,74.82535065885699,65.85840598485777
7986,18,1.1276792101696342e-15,1.1417370803645573e-15,85.28158155470796,9.617026652963032e-14,6.991611103051732e-14,6.928910222821026e-14,-2.031218253976931
7987,19,0.0,0.0,52.57629742788751,0.0,0.0,0.0,0.0
7988,20,0.0,0.0,37.912631260618454,0.0,0.0,0.0,87.19350971496402
7989,21,0.0,0.0,37.71130318091498,0.0,0.0,0.0,88.64581105961696
7990,22,0.0,0.0,79.74919141366522,0.0,0.0,0.0,0.0
7991,23,0.0,0.0,56.98382326909368,0.0,0.0,0.0,0.0
7992,0,0.0,0.0,18.16450848935142,0.0,0.0,0.0,229.64867690934852
7993,1,0.0,0.0,79.48833095248412,0.0,0.0,0.0,0.0
7994,2,0.0,0.0,89.26503410652725,0.0,0.0,0.0,-30.76627352241792
7995,3,0.0,0.0,56.87566754488022,0.0,0.0,0.0,0.0
7996,4,0.0,0.0,61.89103040108983,0.0,0.0,0.0,0.0
7997,5,0.0,0.0,59.10014328836635,0.0,0.0,0.0,0.0
7998,6,0.0,0.0,49.95778124632383,0.0,0.0,0.0,0.3045494340569803
7999,7,1.921280816924095,1.6159282296322386,31.272979965550206,60.084176495863154,119.11941064929388,107.34951424580414,195.17351136376516
8000,8,3.951955698939785,4.205286813717193,51.68698105221287,204.26465933028535,245.02125333426667,244.3603817886712,204.26465933028535
8001,9,3.4436302959268303,3.6124759481913786,78.99557443449083,272.03155336675565,213.5050783474635,207.30093467361013,272.0315533667556
8002,10,6.855390104526009,6.097538017116517,95.61049053333211,655.4472106910827,425.03418648061256,432.3913144329225,578.9073177378407
8003,11,7.866456963777389,7.662686342778155,83.97278973434571,660.5683365735582,487.7203317541981,487.9199438856499,660.5683365735582
8004,12,6.935622098151619,5.843319222930947,91.30121389676071,633.2307166904412,430.0085700854004,437.0822256596457,587.7762454180291
8005,13,7.029551924876529,6.483046706913383,96.51758038869399,678.4753430057689,435.8322193423448,441.50941680932874,595.3920616756875
8006,14,5.993794605159768,5.516665423464325,99.26573822241798,594.9784462347307,371.6152655199056,377.5551915911304,492.0710384185959
8007,15,4.770444657708368,4.941610709642129,85.2890928709235,406.8668974468899,295.7675687779188,288.1316173731522,404.78149552088854
8008,16,4.178006313852111,4.768593908451782,103.12456068037109,430.8550656358156,259.0363914588309,219.5227145285503,300.1116348828087
8009,17,2.0241741174168375,1.7584743448340332,69.73648088179692,141.15877964066743,125.49879527984393,122.92213471297394,141.1587796406675
8010,18,9.644536874916312e-16,8.6855264569067405e-16,93.63021306313527,9.030200424936792e-14,5.979612862448113e-14,6.058469026542199e-14,-62.25495248697075
8011,19,0.0,0.0,51.1039264237083,0.0,0.0,0.0,0.0
8012,20,0.0,0.0,51.12108601933036,0.0,0.0,0.0,0.0
8013,21,0.0,0.0,54.180001331093116,0.0,0.0,0.0,0.0
8014,22,0.0,0.0,66.39067664792127,0.0,0.0,0.0,0.0
8015,23,0.0,0.0,62.038938715787886,0.0,0.0,0.0,0.0
8016,0,0.0,0.0,36.335980631006954,0.0,0.0,0.0,98.56684538083437
8017,1,0.0,0.0,22.478853261692816,0.0,0.0,0.0,198.52669569641324
8018,2,0.0,0.0,74.12019063720673,0.0,0.0,0.0,0.0
8019,3,0.0,0.0,52.186260377443446,0.0,0.0,0.0,0.0
8020,4,0.0,0.0,50.60504563458751,0.0,0.0,0.0,0.0
8021,5,0.0,0.0,64.60368069349295,0.0,0.0,0.0,0.0
8022,6,0.0,0.0,43.42097326199256,0.0,0.0,0.0,47.45850351420739
8023,7,1.6107498055489489,1.6721327296795236,89.43070505276823,144.05049077385183,99.86648794403483,96.81033151113311,112.08913240112349
8024,8,1.4799347204721913,1.466346039459643,86.057280333673,127.35915711521137,91.75595266927586,91.79050814494416,119.73235387678596
8025,9,4.258657442295285,5.176545203016495,73.97271714045104,315.0244623769858,264.0367614223077,236.0724879738826,315.02446237698587
8026,10,5.405776423906324,5.540578176096192,83.75983178163492,452.78692391552164,335.15813828219206,329.4021318088476,452.78692391552164
8027,11,7.616018480617192,6.539569748858739,83.98530854582984,639.633661985377,472.1931457982659,473.25773358211745,639.633661985377
8028,12,8.130003811750882,8.501175325367555,119.07230227298692,968.0582713533369,504.06023632855465,471.82756184218016,722.274124008554
8029,13,4.780913357348437,4.365432927793756,105.64590696723914,505.08392776886393,296.4166281556031,303.57719662879464,356.1524995534691
8030,14,7.599753411319993,7.410019032637188,106.96097281258294,812.8770180105322,471.18471150183956,474.6418103134335,654.4592235698551
8031,15,2.872576040491327,3.1234371221047446,99.4343102955567,285.6326173577963,178.0997145104623,162.47285328270976,181.50919710638232
8032,16,2.804294525257613,3.0813266373126798,95.58248213746998,268.04143136864064,173.866260565972,157.94298038587488,191.70357993405844
8033,17,1.6936043621261114,1.0864904677385228,129.70761370087882,219.67338036477696,105.00347045181891,126.42287986403454,-102.82970807495667
8034,18,8.032821247006193e-16,7.446571521442109e-16,80.24675773789185,6.446078605602963e-14,4.98034917314384e-14,4.9697091410534574e-14,0.0
8035,19,0.0,0.0,85.8569685301481,0.0,0.0,0.0,-6.181832909211721
8036,20,0.0,0.0,116.2273711428556,0.0,0.0,0.0,-225.2619364747436
8037,21,0.0,0.0,95.06981981696342,0.0,0.0,0.0,-72.63970769566026
8038,22,0.0,0.0,70.0859191660529,0.0,0.0,0.0,0.0
8039,23,0.0,0.0,27.12729357162422,0.0,0.0,0.0,164.99468107333882
8040,0,0.0,0.0,96.7253278655852,0.0,0.0,0.0,-84.58188967364549
8041,1,0.0,0.0,46.04271984460202,0.0,0.0,0.0,28.546257925459997
8042,2,0.0,0.0,51.67813042582002,0.0,0.0,0.0,0.0
8043,3,0.0,0.0,71.48814806643911,0.0,0.0,0.0,0.0
8044,4,0.0,0.0,49.22891756352142,0.0,0.0,0.0,5.562284510861446
8045,5,0.0,0.0,61.575995731410636,0.0,0.0,0.0,0.0
8046,6,0.0,0.0,63.7896813814217,0.0,0.0,0.0,0.0
8047,7,1.541921298429767,1.472206181310868,60.76895220167177,93.70094168301819,95.59912050264555,94.45416920622306,93.70094168301819
8048,8,3.12985318436825,3.0884496181727563,80.79986620492022,252.89171853799812,194.05089743083153,193.99292828346273,252.8917185379981
8049,9,2.5383550962206285,2.912469774807871,67.85491702325544,172.23987442960834,157.37801596567897,148.84122544718898,172.2398744296084
8050,10,6.333807202030118,6.040011518892583,61.704932474133194,390.8271457054469,392.6960465258673,388.07719626323524,390.8271457054469
8051,11,5.992813691861315,6.2486702743056135,100.64019269288313,603.1179247214711,371.5544488954015,355.23073730827707,490.2957445667694
8052,12,5.368722818345331,4.901030294113644,119.21116018389716,640.011675880709,332.8608147374105,345.6795045522921,393.22586234496237
8053,13,7.389593927539831,7.63931436623915,80.54991220115231,595.2311420655017,458.15482350746953,448.4937914417481,595.2311420655017
8054,14,6.570505686426223,7.24634919462721,86.24970670161662,566.704188335566,407.3713525584258,376.4095196187286,557.6892971894687
8055,15,4.867047231193017,3.8889683638443278,97.06716723221871,472.4304875173196,301.75692833396704,312.320547295774,385.3827035056942
8056,16,1.8840824718278908,1.9119426139357494,96.13502647607874,181.12631831229015,116.81311325332923,115.19252269005858,100.80262999333604
8057,17,1.980709098719453,2.1037573395368123,52.557506916958836,104.10113215643096,122.8039641206061,122.3490690914349,104.10113215643094
8058,18,9.938528476906533e-16,9.761305170329757e-16,79.0203333822054,7.853458335736962e-14,6.16188765568205e-14,6.157041041370401e-14,1.1368683772161603e-13
8059,19,0.0,0.0,117.37515091254389,0.0,0.0,0.0,-233.5415669432748
8060,20,0.0,0.0,102.9488581421736,0.0,0.0,0.0,-129.4759819557056
8061,21,0.0,0.0,102.6154682188286,0.0,0.0,0.0,-127.0710385683708
8062,22,0.0,0.0,74.85223711945932,0.0,0.0,0.0,0.0
8063,23,0.0,0.0,46.683482962010814,0.0,0.0,0.0,23.924045572431965
8064,0,0.0,0.0,58.47739825912949,0.0,0.0,0.0,0.0
8065,1,0.0,0.0,62.82004975153574,0.0,0.0,0.0,0.0
8066,2,0.0,0.0,43.41582112988385,0.0,0.0,0.0,47.495668962764455
8067,3,0.0,0.0,16.362177969171604,0.0,0.0,0.0,242.64997827685488
8068,4,0.0,0.0,71.45856105937158,0.0,0.0,0.0,0.0
8069,5,0.0,0.0,48.35130520723773,0.0,0.0,0.0,11.893033837990004
8070,6,0.0,0.0,75.02790099387256,0.0,0.0,0.0,0.0
8071,7,0.5209583798731772,0.4993367455613747,36.788773130779646,19.165419647732836,32.29941955213698,31.55545327436542,114.46599855825076
8072,8,3.2505065649861793,2.914949481094451,60.87886694300282,197.88715666715075,201.5314070291431,196.0481191243759,197.88715666715075
8073,9,4.277951168109869,3.486956036927043,87.38768584877958,373.84025275520486,265.2329724228119,268.0336998132659,356.61642896520635
8074,10,5.489302257923257,5.78316359142502,97.57436805046294,535.6151988548411,340.3367399912419,322.7144752797252,444.908668227095
8075,11,2.914180787799995,3.9415755182424146,106.53093201971288,310.45039539827457,180.6792088435997,107.56603439831392,155.13474558968602
8076,12,7.124257683880481,7.300623874266934,91.69953243309581,653.2910985447302,441.70397640058985,432.4228087102448,604.9633144846946
8077,13,6.782498180700961,7.061344676236224,99.6525445958148,675.8932024233353,420.5148872034596,403.06866638700285,570.195526021557
8078,14,5.274077578863847,5.246769307777459,105.37640005764703,555.7633088854232,326.9928098895585,327.45793255636386,408.7759971974913
8079,15,3.7489755863713485,3.999152356399662,103.99068095820485,389.85852412244185,232.43648635502362,215.42738025281838,252.86724336271055
8080,16,3.071274910918007,2.8420295277305208,106.87732423190849,328.2496444595097,190.41904447691644,194.58168057999012,170.4352578811176
8081,17,1.597557854687746,1.6598071343638399,69.14146068352599,110.45748359955093,99.04858699064026,97.52803467643001,110.45748359955093
8082,18,1.8799008295935209e-16,1.8123421785295221e-16,124.7648732603967,2.3454558874635023e-14,1.165538514347983e-14,1.1868692497206274e-14,-286.84810877392954
8083,19,0.0,0.0,77.78614250520987,0.0,0.0,0.0,0.0
8084,20,0.0,0.0,73.10204220937331,0.0,0.0,0.0,0.0
8085,21,0.0,0.0,62.70874586529416,0.0,0.0,0.0,0.0
8086,22,0.0,0.0,67.13506138315853,0.0,0.0,0.0,0.0
8087,23,0.0,0.0,28.4751887313382,0.0,0.0,0.0,155.27149712509376
8088,0,0.0,0.0,43.60369194931982,0.0,0.0,0.0,46.14044298489904
8089,1,0.0,0.0,12.689697207454785,0.0,0.0,0.0,269.1418057273971
8090,2,0.0,0.0,40.64104363271496,0.0,0.0,0.0,67.51181919966359
8091,3,0.0,0.0,54.00837007785865,0.0,0.0,0.0,0.0
8092,4,0.0,0.0,64.7392114589808,0.0,0.0,0.0,0.0
8093,5,0.0,0.0,56.13754728334673,0.0,0.0,0.0,0.0
8094,6,0.0,0.0,68.2197219966485,0.0,0.0,0.0,0.0
8095,7,0.8357254046012413,0.8559213997797605,34.59045147469485,28.908119054028962,51.81497508527696,52.19389104733798,140.0665231711148
8096,8,2.856000394818924,3.453324072294684,77.0294053497771,219.99601209163032,177.0720244787733,156.59173288564563,219.9960120916304
8097,9,3.624441583906279,3.401807010093954,105.12727999773551,381.0276852267514,224.7153782021893,228.46576000958373,235.83742737513677
8098,10,4.727032129556864,4.380351821373361,94.67958520232835,447.55344126452275,293.07599203252556,296.19947375762047,377.7287321343848
8099,11,4.851197433706197,4.796942914801931,75.5807387987169,366.6570860979538,300.7742408897842,300.4859081841848,366.6570860979538
8100,12,5.023472315892208,4.471254792092715,97.76250621775601,491.1072435171372,311.4552835853169,317.7074239377497,399.0435583695511
8101,13,2.717726353533512,3.216469629098353,125.42436933800377,340.8691139252134,168.49903391907776,121.22791600498489,49.26366061338956
8102,14,4.57828890647027,5.563214769307346,109.37933263329198,500.77018519212226,283.85391220115673,210.25614873406965,324.9072970285858
8103,15,4.948324007495428,5.418755826044698,108.85836142134595,538.6664432378602,306.79608846471655,271.94981505509935,366.5616358782984
8104,16,3.6355765011846013,4.041635948395947,79.43617630490155,288.7962959180571,225.40574307344528,210.26166650185957,288.79629591805707
8105,17,1.2139991222789497,1.1904402381567647,85.07161611181091,103.2768672905902,75.26794558129488,75.31043902526828,102.76025691197344
8106,18,5.532892336443086e-16,5.979617666047004e-16,86.12714338935855,4.7653221161871675e-14,3.4303932485947136e-14,3.226423246468454e-14,-8.130767761720449
8107,19,0.0,0.0,117.60863792309613,0.0,0.0,0.0,-235.22585012862794
8108,20,0.0,0.0,56.748888504978254,0.0,0.0,0.0,0.0
8109,21,0.0,0.0,73.72218488208212,0.0,0.0,0.0,0.0
8110,22,0.0,0.0,75.96411295672851,0.0,0.0,0.0,0.0
8111,23,0.0,0.0,72.1577898989479,0.0,0.0,0.0,0.0
8112,0,0.0,0.0,48.38050998727238,0.0,0.0,0.0,11.682362075873698
8113,1,0.0,0.0,44.32971049220127,0.0,0.0,0.0,40.90323162509924
8114,2,0.0,0.0,88.55182786521402,0.0,0.0,0.0,-25.621485051780155
8115,3,0.0,0.0,45.4892564118061,0.0,0.0,0.0,32.538724792722746
8116,4,0.0,0.0,44.98367864954048,0.0,0.0,0.0,36.1857633232965
8117,5,0.0,0.0,75.90548494838144,0.0,0.0,0.0,0.0
8118,6,0.0,0.0,65.06762200394606,0.0,0.0,0.0,0.0
8119,7,1.2659372343543442,0.9670435510877423,42.135368381764536,53.34073171771248,78.48810852996934,69.40219675600557,110.07308167697363
8120,8,3.2333646882317706,2.7060712362301227,93.3103310771004,301.706329551912,200.46861067036977,204.67786158206331,241.75887952129472
8121,9,3.163509517998165,3.1331512578048692,72.27249566737959,228.6347279332365,196.13759011588624,195.90092840511878,228.63472793323638
8122,10,4.450387031188686,3.5568211640005623,77.3913699813647,344.42154929099087,275.92399593369856,272.38862714074116,344.4215492909909
8123,11,5.137497945685408,6.792933950058658,143.5458860115798,737.4666944960829,318.5248726324953,124.12311992460218,315.1397686954351
8124,12,6.153396361460834,7.111658408952716,89.00372513117715,547.6751983786456,381.5105744105717,334.3117065068102,518.7939047200887
8125,13,3.7231547460649796,3.2600068401226223,98.95773356422536,368.4349553794794,230.83559425602874,236.4944743954071,267.74937166215557
8126,14,4.844476520801511,5.352167060055394,116.09941838496755,562.4409064446866,300.35754428969364,258.1561373147764,338.10197068900095
8127,15,4.705766088425964,5.084131467293909,78.42221306932959,369.0365908409666,291.75749748240975,278.1258380226729,369.0365908409666
8128,16,2.1436868393149746,2.050423823506632,107.06720302055066,229.51855403741897,132.9085840375284,134.61533474330668,70.33445678343583
8129,17,1.3711757823976165,1.532905611171899,110.73880987872569,151.8423742772426,85.01289850865223,72.65293694221508,-33.827246431880326
8130,18,4.786430545750437e-16,3.5880218769136595e-16,114.03033795664143,5.45798292737914e-14,2.9675869383652705e-14,3.2494856550686675e-14,-209.4134057815312
8131,19,0.0,0.0,94.65900570311885,0.0,0.0,0.0,-69.67625674128954
8132,20,0.0,0.0,52.900594621878724,0.0,0.0,0.0,0.0
8133,21,0.0,0.0,77.2548699038257,0.0,0.0,0.0,0.0
8134,22,0.0,0.0,35.599042557376826,0.0,0.0,0.0,103.882825927787
8135,23,0.0,0.0,81.92295336201596,0.0,0.0,0.0,0.0
8136,0,0.0,0.0,74.83266570546007,0.0,0.0,0.0,0.0
8137,1,0.0,0.0,55.346229233891734,0.0,0.0,0.0,0.0
8138,2,0.0,0.0,53.680931574374,0.0,0.0,0.0,0.0
8139,3,0.0,0.0,50.700189418327724,0.0,0.0,0.0,0.0
8140,4,0.0,0.0,52.81852718115381,0.0,0.0,0.0,0.0
8141,5,0.0,0.0,76.67890668375719,0.0,0.0,0.0,0.0
8142,6,0.0,0.0,56.27158679704546,0.0,0.0,0.0,0.0
8143,7,1.185840076393982,0.9734084598155274,112.01820346754711,132.8356749574727,73.52208473642689,78.19848054518167,-62.06298639080194
8144,8,1.364704325292687,1.1029863166583687,78.044332262953,106.50743780383156,84.6116681681466,83.70435705161022,106.50743780383152
8145,9,4.089838841674449,3.774069089892032,104.56413847420382,427.65047497802436,253.57000818381582,258.7559276118122,286.5224979223105
8146,10,3.276434167486472,2.889186043215475,53.09960388973321,173.97735646431946,203.13891838416126,194.55157618373352,173.97735646431943
8147,11,6.165032704084102,5.497692870739202,78.17159054564874,481.9304122441961,382.23202765321435,379.9822201411098,481.930412244196
8148,12,6.012966176978104,5.680167708513163,112.1119521058306,674.1253760473485,372.80390297264245,380.15341239589253,478.5504490055898
8149,13,3.0882435580935277,3.3075906956856014,104.39655109717499,322.40197641303246,191.47110060179872,176.44676731044478,182.4829085833157
8150,14,5.181069555818014,5.009344298663453,98.2066132900845,508.8152942972496,321.2263124607168,323.2277634582728,413.5479959265973
8151,15,2.4409533175866236,2.093911349237931,119.45292994650829,291.57902564837195,151.33910569037067,160.91388860299278,43.049180421399114
8152,16,2.269702510466163,2.0198961830441635,138.24968237527224,313.78565115830503,140.7215556489021,151.13529741480664,-70.33655092027675
8153,17,1.2860636488169976,1.3545511060187143,69.17709714419526,88.96614996783165,79.73594622665385,78.0599642231577,88.96614996783171
8154,18,2.8019042006201225e-16,2.76450752657779e-16,107.51787302710372,3.012547800763829e-14,1.737180604384476e-14,1.744150747863126e-14,-162.4350528955199
8155,19,0.0,0.0,72.62349422653614,0.0,0.0,0.0,0.0
8156,20,0.0,0.0,92.0965065954216,0.0,0.0,0.0,-51.19139906390069
8157,21,0.0,0.0,59.44860372033742,0.0,0.0,0.0,0.0
8158,22,0.0,0.0,73.08750044087567,0.0,0.0,0.0,0.0
8159,23,0.0,0.0,69.72766085124373,0.0,0.0,0.0,0.0
8160,0,0.0,0.0,39.41917769292775,0.0,0.0,0.0,76.32587807288292
8161,1,0.0,0.0,41.34819051195738,0.0,0.0,0.0,62.41074057663445
8162,2,0.0,0.0,46.22066760224183,0.0,0.0,0.0,27.262613000823023
8163,3,0.0,0.0,18.346454410449724,0.0,0.0,0.0,228.3361908107657
8164,4,0.0,0.0,62.424006313484284,0.0,0.0,0.0,0.0
8165,5,0.0,0.0,86.77771904797461,0.0,0.0,0.0,-12.823763916048279
8166,6,0.0,0.0,37.31585405335271,0.0,0.0,0.0,91.49842506431219
8167,7,1.0800519242075715,1.0045111622570684,81.38557008723686,87.90064157545034,66.96321930086943,66.8906380420627,87.90064157545038
8168,8,2.746535766225432,3.25563428015834,80.82662457089909,221.99321524724965,170.2852175059768,150.41343230074483,221.99321524724974
8169,9,3.999733252679899,3.430623491375847,65.99831965685401,263.9756737525164,247.98346166615374,240.86887242508806,263.9756737525164
8170,10,4.638456443735237,4.768283885424964,126.27233115189873,585.7087080969943,287.5842995115847,275.1415837592864,287.98639277393073
8171,11,5.147604727711952,4.952552629376645,113.34629854266645,583.4619422468802,319.15149311814105,323.6395880483175,378.9829269496503
8172,12,4.752653616644987,5.015433824547348,119.31017700381491,567.0399442397345,294.6645242319892,271.76645572452304,319.53986242644993
8173,13,5.907239712906303,5.4372592929530095,97.15709311528823,573.9302388411662,366.2488622001908,371.3565247309099,486.23376498412364
8174,14,3.293859646801046,2.6698718762296654,68.44022638774152,225.4324999165099,204.21929810166483,197.5614545370548,225.43249991650993
8175,15,3.615198282758998,3.6616417597164204,101.09341688338856,365.4727471150658,224.14229353105787,221.1528768804546,249.38118644340028
8176,16,2.47957591212105,2.4847096886641755,93.24064796148878,231.19726471586625,153.7337065515051,153.4536548829657,171.75248119183567
8177,17,1.3755048234247342,1.4065006612334308,112.69350521127096,155.01045998674363,85.28129905233352,82.83675398444514,-44.75956173958207
8178,18,7.518777270829854e-16,7.248179562646521e-16,75.67291297203127,5.689677780715943e-14,4.661641907914509e-14,4.647448205004256e-14,1.1368683772161603e-13
8179,19,0.0,0.0,108.15758155180472,0.0,0.0,0.0,-167.04965783278237
8180,20,0.0,0.0,62.576771829648976,0.0,0.0,0.0,0.0
8181,21,0.0,0.0,82.6453987746195,0.0,0.0,0.0,0.0
8182,22,0.0,0.0,47.56287702524312,0.0,0.0,0.0,17.580443714245348
8183,23,0.0,0.0,56.55858127801579,0.0,0.0,0.0,0.0
8184,0,0.0,0.0,26.69450805021166,0.0,0.0,0.0,168.1166250943593
8185,1,0.0,0.0,52.30711907770956,0.0,0.0,0.0,0.0
8186,2,0.0,0.0,29.845374430633175,0.0,0.0,0.0,145.38751801775217
8187,3,0.0,0.0,61.951056867851726,0.0,0.0,0.0,0.0
8188,4,0.0,0.0,67.2789911022177,0.0,0.0,0.0,0.0
8189,5,0.0,0.0,57.09476891567568,0.0,0.0,0.0,0.0
8190,6,0.0,0.0,49.42989753826537,0.0,0.0,0.0,4.112494258061872
8191,7,0.7472945592600698,0.7784428485634948,76.44044313142149,57.123527259540055,46.33226267412433,45.28722031451228,57.123527259540026
8192,8,1.3046364536659982,1.39164043797782,93.61731783272073,122.13656553900339,80.88746012729189,76.10035758958375,59.97463415717709
8193,9,2.8978387836833157,2.268298796497383,76.96281300812882,223.0258244363225,179.66600458836558,176.97290161903584,223.02582443632247
8194,10,3.6240732619109184,3.9772904064318615,77.42604089118521,280.59764456936574,224.69254223847693,212.40674885484265,280.5976445693657
8195,11,3.3900374320807187,4.373131918125696,66.11370527999844,224.12793567274738,210.18232078900456,189.8891550328317,224.12793567274738
8196,12,4.834786372035558,5.001025032618882,98.84840410495782,477.9109170641138,299.7567550662046,289.5230191483615,378.01399293634296
8197,13,2.1084136059832987,2.3067529838240195,119.6141358757427,252.19607154835094,130.72164357096452,113.3634433839014,2.5033503423393313
8198,14,3.111416157743968,3.5255799829510126,127.38246819801344,396.33986976460614,192.907801780126,152.6394460764578,90.60946373111574
8199,15,3.2366147426928955,3.9365550217306704,102.61303915449292,332.1188753199551,200.67011404695953,154.28766227391418,205.06535906345533
8200,16,2.2260425121353036,2.3888140918351937,67.84052876989996,151.01590108753544,138.0146357523888,134.30333614934142,151.01590108753544
8201,17,0.95269047917295,0.7717843081232217,83.01572251749491,79.08828846408088,59.0668097087229,59.11416947681478,79.08828846408085
8202,18,3.8871431019343404e-16,3.993954649512751e-16,110.91031855103344,4.3112427968899e-14,2.4100287231992912e-14,2.328170598112276e-14,-186.90681661234237
8203,19,0.0,0.0,97.91271941608605,0.0,0.0,0.0,-93.14726390242572
8204,20,0.0,0.0,54.325631481330596,0.0,0.0,0.0,0.0
8205,21,0.0,0.0,108.06268653578509,0.0,0.0,0.0,-166.36512262254655
8206,22,0.0,0.0,40.85312580322051,0.0,0.0,0.0,65.98194208636784
8207,23,0.0,0.0,49.53530541932929,0.0,0.0,0.0,3.352123386638368
8208,0,0.0,0.0,63.41099954172995,0.0,0.0,0.0,0.0
8209,1,0.0,0.0,49.26302762465566,0.0,0.0,0.0,5.316227985987155
8210,2,0.0,0.0,43.49931449931229,0.0,0.0,0.0,46.89338073317856
8211,3,0.0,0.0,51.122467511774154,0.0,0.0,0.0,0.0
8212,4,0.0,0.0,73.85758343800731,0.0,0.0,0.0,0.0
8213,5,0.0,0.0,95.78324682675371,0.0,0.0,0.0,-77.78608870300025
8214,6,0.0,0.0,68.57000520450732,0.0,0.0,0.0,0.0
8215,7,0.9727951889667484,0.9390005878352801,55.688079680829674,54.17309599630805,60.3133017159384,59.62950377623066,54.173095996308064
8216,8,2.472304903650634,2.9491683544014373,76.20013483820469,188.38996701933297,153.2829040263393,137.42711391461063,188.38996701933297
8217,9,3.152920879483386,3.4980241608531046,119.72111827395416,377.47121352105006,195.48109452796993,165.23230951590028,127.00676349804701
8218,10,2.5001553840407458,2.602430165267986,102.82707691376407,257.08366997111915,155.00963381052622,148.20489925212536,128.48616975543274
8219,11,3.658739978846374,3.327015563723854,117.9655542131692,431.60528932649146,226.8418786884752,235.62400580785456,193.80478588191704
8220,12,3.2240727911353124,2.7012861218670654,111.98854262397063,361.0592131928409,199.89251305038937,211.3893274517011,166.37451346915998
8221,13,2.2123552978282306,2.2129882546675024,117.17994933396854,259.2436817082489,137.1660284653503,137.11255947643957,27.110221947344826
8222,14,4.3041206191414565,4.379584182207071,99.08067235233457,426.4551648300821,266.8554783867703,262.1879935885335,324.88274919371355
8223,15,2.899273094053209,2.295028050189083,126.85377269250895,367.7837300465329,179.75493183129896,199.77981169540936,65.86712482357541
8224,16,2.346236977295719,2.479564512562795,39.17879726502093,91.92274286916448,145.46669259233457,147.20348418630118,169.98263052079818
8225,17,1.2377939920316878,1.2451249176576817,103.6911085819655,128.34823122986228,76.74322750596464,76.24755513841221,-6.48205258660073
8226,18,6.588958708272431e-16,4.477198371824745e-16,97.07306587955055,6.39610422765768e-14,4.0851543991289073e-14,4.3133258674949026e-14,-87.09033452650772
8227,19,0.0,0.0,64.10697123567778,0.0,0.0,0.0,0.0
8228,20,0.0,0.0,81.89478149131425,0.0,0.0,0.0,0.0
8229,21,0.0,0.0,80.42276836480272,0.0,0.0,0.0,0.0
8230,22,0.0,0.0,27.86707255680291,0.0,0.0,0.0,159.65820731119194
8231,23,0.0,0.0,64.6171067644281,0.0,0.0,0.0,0.0
8232,0,0.0,0.0,79.34581379215128,0.0,0.0,0.0,0.0
8233,1,0.0,0.0,84.51008481067421,0.0,0.0,0.0,0.0
8234,2,0.0,0.0,62.56850849600132,0.0,0.0,0.0,0.0
8235,3,0.0,0.0,49.22191369735813,0.0,0.0,0.0,5.6128076383938605
8236,4,0.0,0.0,72.89480693805052,0.0,0.0,0.0,0.0
8237,5,0.0,0.0,40.58775983890983,0.0,0.0,0.0,67.89618746814045
8238,6,0.0,0.0,78.42563419435359,0.0,0.0,0.0,0.0
8239,7,1.2868713795042377,1.0431552600756804,67.45722349973269,86.8087702626267,79.78602552926273,77.00593567877699,86.80877026262664
8240,8,1.3677840875012863,1.5187201136830122,98.42090241407843,134.6185441994934,84.80261342507976,75.59157216884623,37.805448623705956
8241,9,2.315093927915961,2.3599147776940224,71.37057192598806,165.2295776977443,143.53582353078957,142.31610411344312,165.22957769774428
8242,10,4.311463575760833,4.192921667721496,120.2432239567438,518.4242803215533,267.31074169717164,270.651539296208,264.19356586944957
8243,11,4.153134266316193,5.062930555359771,115.41822806472352,479.3473979331005,257.49432451160396,182.64284995571725,259.92230042348604
8244,12,3.2220479822231693,2.8368129680104777,102.96564075686622,331.76023503897653,199.7669748978365,205.6318815769423,202.16318992148655
8245,13,3.7757902689997347,4.065872561191947,103.53204938468923,390.91530459630957,234.09899667798356,214.54308104281574,257.232411081408
8246,14,2.9690560943174384,3.700532751612045,133.19382184311308,395.45992846872605,184.08147784768119,107.64781613232965,47.80870977232905
8247,15,2.3685307188114506,2.487577980372263,141.651370445707,335.5056222623974,146.84890456630993,133.15082509820832,-73.15501561738279
8248,16,1.6081412339745724,1.3842705552755996,89.58764676447467,144.06958881670042,99.7047565064235,100.86680989024227,110.97611484798028
8249,17,1.0474071660811821,1.170380681321096,86.65994049514649,90.76824268678526,64.9392442970333,59.24250535044554,78.79408678813581
8250,18,4.2225263203400633e-16,3.946136345394335e-16,113.94416431004525,4.8113223284831896e-14,2.6179663186108392e-14,2.682802219535978e-14,-208.79178308980534
8251,19,0.0,0.0,34.726704418482754,0.0,0.0,0.0,110.1755291313037
8252,20,0.0,0.0,24.329138675781124,0.0,0.0,0.0,185.17946664207565
8253,21,0.0,0.0,54.07579844800382,0.0,0.0,0.0,0.0
8254,22,0.0,0.0,69.45795858132499,0.0,0.0,0.0,0.0
8255,23,0.0,0.0,36.03294340174443,0.0,0.0,0.0,100.75283640695488
8256,0,0.0,0.0,29.208612981933157,0.0,0.0,0.0,149.9808639113416
8257,1,0.0,0.0,42.16901461641311,0.0,0.0,0.0,56.489639295678614
8258,2,0.0,0.0,78.25146556686815,0.0,0.0,0.0,0.0
8259,3,0.0,0.0,43.99647318288923,0.0,0.0,0.0,43.307074115005264
8260,4,0.0,0.0,76.51276530092036,0.0,0.0,0.0,0.0
8261,5,0.0,0.0,60.43237580691713,0.0,0.0,0.0,0.0
8262,6,0.0,0.0,94.5220639015195,0.0,0.0,0.0,-68.68841260700458
8263,7,0.7673905481609826,0.7806366999029887,64.59136379835572,49.56680207168564,47.57821398598092,47.32999163636513,49.56680207168563
8264,8,1.9935254023055913,1.8836981775429114,83.76298222569265,166.98363283979003,123.59857494294666,123.68887891443063,166.98363283979006
8265,9,3.1451880813724458,3.4629519174795393,85.79336254379335,269.83626133360406,195.00166104509162,180.62548389067842,264.11325691789915
8266,10,3.451477688433652,3.4792289845367637,84.48335267977943,291.59240681833006,213.99161668288642,212.78154387127913,291.59240681833006
8267,11,4.351042716594502,5.469151450212177,107.96670753681869,469.76775646276366,269.7646484288591,188.18924161707716,304.0949884758081
8268,12,3.696112557137354,3.4492119695245207,110.09177170292148,406.9115798286669,229.15897854251594,234.23743445411216,225.90943726837588
8269,13,3.1976715397071707,3.6476356074503853,103.72277054989678,331.671351406982,198.25563546184458,167.8140079691393,196.6126706442576
8270,14,2.556422458354558,2.4489779868937043,61.90005569151033,158.24269254317488,158.49819241798258,156.82474926278846,158.24269254317488
8271,15,3.185390568712572,3.1391081417361897,75.60869113472349,240.84321165325005,197.49421526017946,197.24922008231079,240.84321165325008
8272,16,1.447023799582967,1.5783352801835768,78.8971029463404,114.16598568150198,89.71547557414395,84.90666811765338,114.16598568150204
8273,17,0.9881292216584914,0.8764634368551036,98.34532784269145,97.17789225494786,61.26401174282647,62.57708924649187,0.9099618235781008
8274,18,3.519376997305431e-16,4.021366083508888e-16,87.92929337200128,3.094563324827422e-14,2.182013738329367e-14,1.9415026513964277e-14,-21.13076680265499
8275,19,0.0,0.0,67.72843049474962,0.0,0.0,0.0,0.0
8276,20,0.0,0.0,59.76904435948275,0.0,0.0,0.0,0.0
8277,21,0.0,0.0,83.59478582599702,0.0,0.0,0.0,0.0
8278,22,0.0,0.0,49.23363361168115,0.0,0.0,0.0,5.528264799880731
8279,23,0.0,0.0,9.130602667500106,0.0,0.0,0.0,294.8157097041109
8280,0,0.0,0.0,57.73310493635516,0.0,0.0,0.0,0.0
8281,1,0.0,0.0,41.208135978817296,0.0,0.0,0.0,63.42103872830637
8282,2,0.0,0.0,66.37164974590577,0.0,0.0,0.0,0.0
8283,3,0.0,0.0,36.960773809257674,0.0,0.0,0.0,94.05983386887857
8284,4,0.0,0.0,49.83791546237326,0.0,0.0,0.0,1.1692139133769501
8285,5,0.0,0.0,64.05453780726282,0.0,0.0,0.0,0.0
8286,6,0.0,0.0,19.72718369533324,0.0,0.0,0.0,218.3761544363491
8287,7,0.7918175511861302,0.701949054012822,57.37170170102249,45.427920348284765,49.09268817354007,47.38777280790463,45.42792034828483
8288,8,1.4237174315267818,1.440496529182119,60.157061121301695,85.64665654781928,88.27048075466047,88.04905830527586,85.6466565478193
8289,9,2.8178403164775023,2.458294435251844,71.8472417766686,202.45405450600347,174.70609962160515,171.78853987928326,202.45405450600344
8290,10,2.4261378230362287,2.364858507478387,77.25106846496756,187.42173907281907,150.42054502824618,150.17164691489387,187.42173907281904
8291,11,3.8101579009266557,3.742201154964567,92.00175792734429,350.54122486601244,236.22978985745266,236.70557667645375,300.03330531602467
8292,12,1.8019985960788918,1.7176957412430411,100.69109081025536,181.44520427773236,111.7239129568913,112.86354576594886,68.25586518321029
8293,13,2.7307614255583785,3.027219200119863,111.5836309799927,304.7082752039049,169.30720838461946,146.3377967601583,112.94444834545425
8294,14,2.976501802031064,3.1046313826280376,109.92545619638916,327.1933184576391,184.54311172592597,174.8812674737204,147.39091035132634
8295,15,1.9549956813976515,1.8143071982105716,123.17192037910652,240.80057241060862,121.2097322466544,125.48369927608763,-34.556602684949326
8296,16,1.4691690188537625,1.6289952435324269,116.47727801317933,171.1248082573796,91.08847916893328,77.72755059189339,-55.939857793604574
8297,17,0.8726314003723108,0.8606868424806814,121.14612485109923,105.71591257849353,54.10314682308327,54.44786191002513,-155.02797273826093
8298,18,2.8548166745939255e-16,2.6725252178124516e-16,112.91781174062228,3.2235965181578625e-14,1.769986338248234e-14,1.8113452780345267e-14,-201.38808054192236
8299,19,0.0,0.0,72.03808949301713,0.0,0.0,0.0,0.0
8300,20,0.0,0.0,69.77596051972088,0.0,0.0,0.0,0.0
8301,21,0.0,0.0,64.81565817102614,0.0,0.0,0.0,0.0
8302,22,0.0,0.0,86.94698341251805,0.0,0.0,0.0,-14.044770268417551
8303,23,0.0,0.0,53.6988564330266,0.0,0.0,0.0,0.0
8304,0,0.0,0.0,70.05069202427181,0.0,0.0,0.0,0.0
8305,1,0.0,0.0,14.279319291585864,0.0,0.0,0.0,257.6748991057583
8306,2,0.0,0.0,9.360892129075324,0.0,0.0,0.0,293.1544923756702
8307,3,0.0,0.0,78.13714534308957,0.0,0.0,0.0,0.0
8308,4,0.0,0.0,64.88310634407978,0.0,0.0,0.0,0.0
8309,5,0.0,0.0,82.70465130543452,0.0,0.0,0.0,0.0
8310,6,0.0,0.0,33.50192824586495,0.0,0.0,0.0,119.01058127609917
8311,7,0.9322562378479984,0.9055980182449803,73.39457859439953,68.42255371885415,57.7998867465759,57.61450372656913,68.42255371885409
8312,8,1.1675663679513546,1.1462506563950006,46.62058152354825,54.43262304122926,72.38911481298399,71.81285384774912,78.81041477661245
8313,9,1.7604866828168702,2.0953857733593204,100.53332733517846,176.98758395285088,109.15017433464595,87.82826808108071,64.93628833109608
8314,10,1.4341074797847382,1.3076433340837847,89.40938931598373,128.22267398103793,88.91466374665377,89.55419824131204,96.41507892458424
8315,11,3.2520589835720743,3.967710673592296,90.76480233001314,295.1724908094628,201.62765698146862,164.80308153544078,253.58748096946624
8316,12,3.396164895397108,3.6183686641976873,114.58714158395544,389.15682771132765,210.5622235146207,192.51173878520603,175.72686021696035
8317,13,2.372258639411868,1.930278007970251,98.26249914055076,233.10406251637278,147.0800356435358,152.24982755703454,137.43362566698102
8318,14,0.6881507462251188,0.6195081940851555,99.13841574882557,68.22217477713039,42.66534626595737,43.51334343736373,-33.76677894221291
8319,15,1.8921945374896494,1.67637802829936,71.3780888027187,135.06122972895542,117.31606132435826,115.48886522311824,135.06122972895537
8320,16,1.13377961878196,1.1307435366836582,125.13333752838625,141.8736277198481,70.29433636448152,70.39103558886482,-147.63243692713183
8321,17,0.7076437989368358,0.8197021541588918,96.58742468795077,68.34949213570701,43.87391553408382,37.29224862576883,-15.237618416191708
8322,18,2.8919444507895024e-16,3.174464955421322e-16,99.89548493471622,2.888921933158789e-14,1.7930055594894917e-14,1.6153867371837653e-14,-107.45015216857962
8323,19,0.0,0.0,56.06108270215229,0.0,0.0,0.0,0.0
8324,20,0.0,0.0,104.63493493133636,0.0,0.0,0.0,-141.6386747688282
8325,21,0.0,0.0,73.55337791870475,0.0,0.0,0.0,0.0
8326,22,0.0,0.0,98.56243952552254,0.0,0.0,0.0,-97.83408846247926
8327,23,0.0,0.0,78.97261418647005,0.0,0.0,0.0,0.0
8328,0,0.0,0.0,6.038293051703093,0.0,0.0,0.0,317.1224113808953
8329,1,0.0,0.0,67.94083788771165,0.0,0.0,0.0,0.0
8330,2,0.0,0.0,69.82196038773054,0.0,0.0,0.0,0.0
8331,3,0.0,0.0,64.90792171261879,0.0,0.0,0.0,0.0
8332,4,0.0,0.0,58.85338963615386,0.0,0.0,0.0,0.0
8333,5,0.0,0.0,54.71479990142303,0.0,0.0,0.0,0.0
8334,6,0.0,0.0,63.09020184753393,0.0,0.0,0.0,0.0
8335,7,0.7167530168769534,0.7014151732688795,97.56094709448155,69.9271031593425,44.43868704637111,44.61002165426357,-20.682613986414367
8336,8,0.7997509207161293,1.019998916044045,105.43236724566454,84.31963277800129,49.58455708440002,34.213348384063025,-63.07140412567787
8337,9,1.5919343410198783,1.6537227685327387,78.51748311255838,124.99467773733005,98.69992914323245,96.4664718817891,124.99467773733005
8338,10,2.5023317690410005,2.1694312083323135,72.03149122748506,180.24668886993402,155.14456968054202,152.48922778033793,180.24668886993408
8339,11,1.7921445748928946,2.0595086841743706,118.53896927827724,212.43897070546004,111.11296364335946,88.07320599852243,-29.49792281111627
8340,12,3.016766523938881,3.5028760035559356,115.02797294868188,347.0125381081306,187.0395244842106,147.2830771311075,130.40258705309776
8341,13,1.783474665179516,2.090480488501648,103.7556527282806,185.04557801005237,110.57542924112998,89.79280329938842,49.74969818422517
8342,14,0.6334485649874229,0.5972185915623328,81.52419938382573,51.641387111432955,39.27381102922022,39.24276735974795,51.64138711143289
8343,15,2.197390105793028,2.1680331632993437,65.7299837212524,144.4344158830168,136.23818655916773,135.86527963872103,144.4344158830168
8344,16,1.0635258662185572,0.90251206217396,112.39737223861758,119.53751267076537,65.93860370555055,69.52889420635283,-78.09632261294382
8345,17,0.7710152497222226,0.9152853654090002,82.27509777694479,63.43535505841137,47.8029454827778,41.91039531233206,63.435355058411346
8346,18,3.4619701935719056e-16,3.5135367291340163e-16,76.77286240803456,2.6578536133181267e-14,2.1464215200145815e-14,2.1289063903184784e-14,0.0
8347,19,0.0,0.0,90.89982774574986,0.0,0.0,0.0,-42.55902992266749
8348,20,0.0,0.0,65.07222945570385,0.0,0.0,0.0,0.0
8349,21,0.0,0.0,59.439627706956145,0.0,0.0,0.0,0.0
8350,22,0.0,0.0,48.93479697965924,0.0,0.0,0.0,7.683954374609641
8351,23,0.0,0.0,71.50625725221357,0.0,0.0,0.0,0.0
8352,0,0.0,0.0,34.54391449086466,0.0,0.0,0.0,111.49410355996645
8353,1,0.0,0.0,21.397421072645077,0.0,0.0,0.0,206.32772089179693
8354,2,0.0,0.0,30.992766354315485,0.0,0.0,0.0,137.11068531730592
8355,3,0.0,0.0,79.65512002967917,0.0,0.0,0.0,0.0
8356,4,0.0,0.0,41.740791804397055,0.0,0.0,0.0,59.57866973106525
8357,5,0.0,0.0,67.16089571942568,0.0,0.0,0.0,0.0
8358,6,0.0,0.0,56.32308886341948,0.0,0.0,0.0,0.0
8359,7,0.563563449084279,0.5383582141668264,64.45376956773208,36.32378868407443,34.9409338432253,34.59663858079577,36.323788684074486
8360,8,0.9784419415508099,0.9831441183410432,102.21378111490068,100.01025044731293,60.663400376150214,60.35415125064408,-24.163175815692966
8361,9,0.5814818314793864,0.5962448689077083,83.86400367901037,48.765394454464946,36.051873551721954,35.41957259077522,48.76539445446508
8362,10,2.221543544480353,2.2587437781455297,120.05765830824811,266.7133157801166,137.73569975778187,134.45939806707185,13.821198712086812
8363,11,2.3335579845008847,2.403886104417305,130.6196204148422,304.80845815152975,144.68059503905485,137.5581480639075,-24.273486943332614
8364,12,2.6100049948609607,2.5094992364067785,127.36558202910696,332.4248052693426,161.82030968137957,165.1896834743156,26.816209396884005
8365,13,2.6564323110263004,2.0819118004628963,87.7601076260628,233.12878551701885,164.69880328363064,166.89351800901827,213.21845794313145
8366,14,2.231686189349992,2.308813686688082,102.73000556227717,229.2611346451818,138.3645437396995,133.24231328647792,101.36386886524502
8367,15,1.9901251120921628,2.1274662468541203,128.12514237354543,254.9850633279764,123.38775694971409,109.90684174855532,-56.10270122873999
8368,16,1.0527136316521393,1.0102166493608056,112.27894093529392,118.1975716700493,65.26824516243263,66.21206938383261,-78.58194691169115
8369,17,0.7462675404253845,0.968910137268952,115.76793425782017,86.39385155871106,46.268587506373834,27.85383661770441,-135.55388847158792
8370,18,3.065123667744104e-16,2.8896177108677575e-16,112.49981921405339,3.4482585848992797e-14,1.9003766740013447e-14,1.939645893884848e-14,-198.37284734998525
8371,19,0.0,0.0,107.5405789524929,0.0,0.0,0.0,-162.5988444839702
8372,20,0.0,0.0,55.379100541020684,0.0,0.0,0.0,0.0
8373,21,0.0,0.0,67.50244586153545,0.0,0.0,0.0,0.0
8374,22,0.0,0.0,49.67214857410182,0.0,0.0,0.0,2.3649908516467235
8375,23,0.0,0.0,55.08706674508561,0.0,0.0,0.0,0.0
8376,0,0.0,0.0,57.680936056505956,0.0,0.0,0.0,0.0
8377,1,0.0,0.0,53.00986777964826,0.0,0.0,0.0,0.0
8378,2,0.0,0.0,38.29140781798138,0.0,0.0,0.0,84.46116505449038
8379,3,0.0,0.0,25.602761185570685,0.0,0.0,0.0,175.99205629041504
8380,4,0.0,0.0,22.941244060710837,0.0,0.0,0.0,195.19119088179377
8381,5,0.0,0.0,93.95984018077492,0.0,0.0,0.0,-64.63275247834417
8382,6,0.0,0.0,87.3461992195991,0.0,0.0,0.0,-16.92455561323618
8383,7,0.37651779429426463,0.314939248779162,75.33220034291949,28.363913912449693,23.34410324624441,23.005368919985017,28.363913912449675
8384,8,1.0140117949644152,1.0435427693462567,17.587907391258327,17.83434554347776,62.86873128779374,64.05041664621609,251.64239530991773
8385,9,1.2382677691015638,1.5087621263174986,64.71623621348286,80.13602944071926,76.77260168429696,71.6615309366841,80.13602944071926
8386,10,2.1331695810979263,2.096666867303959,96.79038917057376,206.4703139212981,132.25651402807142,132.6431796782706,121.419097659633
8387,11,2.3448487148348875,2.5586725308412146,108.78786044817348,255.09107476153667,145.38062031976304,129.560902591915,83.49483361036721
8388,12,1.4128398372247697,1.4656371124715988,90.01721030489396,127.17990075459424,87.59606990793571,84.92867168646515,90.98772486469306
8389,13,1.653809476292463,1.5718460607555924,109.74330772796263,181.4945222801845,102.53618753013271,104.20065801711999,3.0060613689770435
8390,14,1.5926275718310363,1.275833037798554,97.6220568817953,155.47557940880495,98.74290945352425,102.29624885938097,64.42504036469222
8391,15,1.6054627273598605,1.6375268351165473,121.3572652166235,194.8345659996143,99.53868909631134,96.66264824102265,-67.43240262083543
8392,16,1.1520838499470158,1.2632960592564828,95.5812586358508,110.11762443197244,71.42919869671498,65.03710199706127,33.788598855409305
8393,17,0.5945600635566064,0.6270350142983953,91.1225357722123,54.177820660165686,36.862723940509596,35.177171060663646,10.01226289114527
8394,18,2.6815320888721047e-16,2.5722383336673234e-16,77.52425354647958,2.0788377355074208e-14,1.662549895100705e-14,1.6583346427953082e-14,0.0
8395,19,0.0,0.0,96.58729308505983,0.0,0.0,0.0,-83.58616122055969
8396,20,0.0,0.0,83.32677962790504,0.0,0.0,0.0,0.0
8397,21,0.0,0.0,45.39680003361097,0.0,0.0,0.0,33.20566863171575
8398,22,0.0,0.0,70.26189985443212,0.0,0.0,0.0,0.0
8399,23,0.0,0.0,61.05944642597356,0.0,0.0,0.0,0.0
8400,0,0.0,0.0,72.6208069745576,0.0,0.0,0.0,0.0
8401,1,0.0,0.0,49.055287090429374,0.0,0.0,0.0,6.814786247905317
8402,2,0.0,0.0,30.52119154703267,0.0,0.0,0.0,140.5124399445293
8403,3,0.0,0.0,41.81895921357948,0.0,0.0,0.0,59.01480087764514
8404,4,0.0,0.0,90.03533386953099,0.0,0.0,0.0,-36.3229121355904
8405,5,0.0,0.0,53.06942143196704,0.0,0.0,0.0,0.0
8406,6,0.0,0.0,83.16604328951675,0.0,0.0,0.0,0.0
8407,7,0.2785420703552351,0.3184048338153455,41.06904616774962,11.439457147079713,17.269608362024577,17.694692605404725,75.86383490260289
8408,8,0.46869606223529187,0.4925452752410841,82.81507840334652,38.81510114135548,29.059155858588095,28.06896400878122,38.81510114135551
8409,9,1.3016153041069956,1.3866688920332033,50.411215664721276,65.61600980783952,80.70014885463372,80.61390285105061,65.61600980783953
8410,10,1.276284703756162,1.2652958926693267,88.52161233881273,112.97877977985942,79.12965163288204,79.17790580181821,87.57525761575312
8411,11,1.5443636526344753,1.48344333445174,77.37942657475907,119.50197386375609,95.75054646333747,95.50897120180682,119.50197386375606
8412,12,1.559738777772044,1.4245984336380624,77.66469604959964,121.13663809243984,96.70380422186672,96.19682819896285,121.1366380924398
8413,13,1.934439625799932,1.7411746346747945,77.63206168886177,150.17453636347898,119.93525679959578,119.20549713483025,150.17453636347898
8414,14,1.4724836291760668,1.2023107315703052,95.26307736323008,140.27332188228945,91.29398500891614,93.8463915919082,66.23953048642807
8415,15,0.6089878228165378,0.6157730897916746,60.99202525959747,37.14340067201354,37.75724501462535,37.66062259865801,37.14340067201351
8416,16,0.5341771659402893,0.5789673283208969,67.74267149431012,36.1865882720546,33.11898428829794,32.10321778548772,36.18658827205462
8417,17,0.4702086101468459,0.4012725086635507,94.44589011243725,44.40927072385086,29.152933829104445,29.761944136243486,-23.729654218668998
8418,18,1.9758939638769846e-16,2.2895322862808974e-16,52.55761431104319,1.0384827287296486e-14,1.2250542576037304e-14,1.213458992718313e-14,0.0
8419,19,0.0,0.0,51.037954222887365,0.0,0.0,0.0,0.0
8420,20,0.0,0.0,110.73325032437121,0.0,0.0,0.0,-185.62951627720975
8421,21,0.0,0.0,99.95418163956835,0.0,0.0,0.0,-107.87356704199908
8422,22,0.0,0.0,45.850365492704185,0.0,0.0,0.0,29.933826337787423
8423,23,0.0,0.0,63.903917762058455,0.0,0.0,0.0,0.0
8424,0,0.0,0.0,36.869121209454505,0.0,0.0,0.0,94.72097956763616
8425,1,0.0,0.0,35.21711852375211,0.0,0.0,0.0,106.63787524035877
8426,2,0.0,0.0,-12.712445444433598,-0.0,0.0,0.0,452.3828418746619
8427,3,0.0,0.0,81.42676422156127,0.0,0.0,0.0,0.0
8428,4,0.0,0.0,64.44071187164214,0.0,0.0,0.0,0.0
8429,5,0.0,0.0,72.17059957541758,0.0,0.0,0.0,0.0
8430,6,0.0,0.0,73.14694403988908,0.0,0.0,0.0,0.0
8431,7,0.24396775071315435,0.2546280142785365,64.50224528550979,15.736467698253987,15.12600054421557,14.927423216141184,15.736467698253989
8432,8,0.7396496010924313,0.8189489751732333,65.09801072702382,48.14971766615398,45.85827526773074,44.32204708004256,48.14971766615395
8433,9,0.9902717827088489,1.0596752283156785,80.5038161631525,79.72065754675047,61.39685052794863,58.71581137279511,79.72065754675054
8434,10,0.9256786007782961,0.9212761465519135,116.56193816154006,107.89889182138067,57.392073248254356,57.5039900341896,-119.77647914212184
8435,11,1.4033357604149317,1.2608869734014423,92.70659795271796,130.0984841334588,87.00681714572576,88.07944917077336,74.50612669421548
8436,12,1.6561982303071876,1.821570222883402,134.93627403459874,223.48121826034813,102.68429027904563,85.0440031838813,-136.73936316188053
8437,13,1.4713758643050034,1.7153610584778174,83.14970666269207,122.34447150752605,91.22530358691021,80.99326396873786,122.34447150752607
8438,14,0.9211004800562642,0.8546493030322407,69.94928830220373,64.43032303475388,57.10822976348838,56.474416192754575,64.43032303475383
8439,15,1.0790400006226597,0.9273885975814424,80.40203780992285,86.75701492848225,66.9004800386049,66.64290443098528,86.7570149284823
8440,16,0.601981191653325,0.68537994158918,93.30838217926004,56.16989109551483,37.322833882506146,32.76630333817003,-3.763500354906796
8441,17,0.3326260007135935,0.3454571332532894,120.38693804107109,40.043825738756645,20.622812044242796,19.487466314137514,-215.2235854236195
8442,18,1.851389881676941e-16,1.9183964879172437e-16,77.80592249806324,1.4404909764745456e-14,1.1478617266397036e-14,1.1242369373588008e-14,0.0
8443,19,0.0,0.0,52.30920589191288,0.0,0.0,0.0,0.0
8444,20,0.0,0.0,75.26077591328566,0.0,0.0,0.0,0.0
8445,21,0.0,0.0,92.96549581372508,0.0,0.0,0.0,-57.45994447539954
8446,22,0.0,0.0,62.41092037086605,0.0,0.0,0.0,0.0
8447,23,0.0,0.0,61.35683089743402,0.0,0.0,0.0,0.0
8448,0,0.0,0.0,52.80850455103082,0.0,0.0,0.0,0.0
8449,1,0.0,0.0,46.640597979896164,0.0,0.0,0.0,24.233400915622326
8450,2,0.0,0.0,98.00380242414667,0.0,0.0,0.0,-93.80430079105201
8451,3,0.0,0.0,77.12447526752806,0.0,0.0,0.0,0.0
8452,4,0.0,0.0,90.82758405099833,0.0,0.0,0.0,-42.03789240829349
8453,5,0.0,0.0,115.0167474081733,0.0,0.0,0.0,-216.52897443419056
8454,6,0.0,0.0,88.22890783341431,0.0,0.0,0.0,-23.292067331763974
8455,7,0.23294082862732265,0.2114925435704773,59.073670574042964,13.760669773575055,14.442331374894005,14.062809395739281,13.760669773575046
8456,8,0.5753392014961908,0.6349571771803586,92.52343593107881,53.232359748270845,35.671030492763826,32.472270043238844,-1.038739122829952
8457,9,0.7871474520917359,0.8117736828278851,119.49059807632297,94.05671982469529,48.80314202968762,46.65171453654388,-154.74484843098276
8458,10,0.67446240941463,0.7096999266099349,98.00801708762263,66.10272334686819,41.81666938370706,39.68444646556242,-27.73198036384815
8459,11,1.0990421650068338,1.0165691314171474,85.46090178187958,93.92513451779332,68.1406142304237,68.31345101530952,90.60037088540514
8460,12,0.7964850202264503,0.8194871886948163,123.91800092231385,98.69883147103043,49.38207125403992,47.245227282230864,-182.04027434037846
8461,13,0.9682630149001414,0.9413290049011225,73.40753309098513,71.07779930705915,60.03230692380877,59.84526772657653,71.0777993070592
8462,14,0.8693085909663294,0.9188133553980218,102.5970734514088,89.1885173593132,53.89713263991242,50.61762309393606,-37.74982861348076
8463,15,0.5796694228875006,0.6150462664172429,114.18821405286174,66.19141614057675,35.93950421902503,33.083345291008044,-144.36084551822228
8464,16,0.4950481045084733,0.5143322046915514,94.38543997241582,46.72533315154274,30.692982479525345,29.613423840561225,-20.977528327962432
8465,17,0.2804953199329334,0.28975194653615727,105.134402367685,29.489707828081556,17.39070983584187,16.74813330290331,-115.75192799063029
8466,18,1.1648839545790796e-16,1.1411735782731676e-16,100.55018310733041,1.1712929493171761e-14,7.222280518390294e-15,7.254082386226376e-15,-112.17288651259082
8467,19,0.0,0.0,92.67164907404673,0.0,0.0,0.0,-55.34025001556404
8468,20,0.0,0.0,71.23043686695094,0.0,0.0,0.0,0.0
8469,21,0.0,0.0,60.4711809171242,0.0,0.0,0.0,0.0
8470,22,0.0,0.0,60.192310218943014,0.0,0.0,0.0,0.0
8471,23,0.0,0.0,29.888465824447344,0.0,0.0,0.0,145.07667370198925
8472,0,0.0,0.0,80.87288569743549,0.0,0.0,0.0,0.0
8473,1,0.0,0.0,61.674884613784485,0.0,0.0,0.0,0.0
8474,2,0.0,0.0,53.37173104696634,0.0,0.0,0.0,0.0
8475,3,0.0,0.0,37.3036470921662,0.0,0.0,0.0,91.58648126676246
8476,4,0.0,0.0,55.92702762466134,0.0,0.0,0.0,0.0
8477,5,0.0,0.0,59.49734074732071,0.0,0.0,0.0,0.0
8478,6,0.0,0.0,53.789216117319725,0.0,0.0,0.0,0.0
8479,7,0.19521308439985716,0.2208148576192943,89.49809068460398,17.471198330439666,12.103211232791145,10.826383895796432,-14.976253407255399
8480,8,0.2430104581308583,0.22353769805021895,52.34612228492159,12.720655157832727,15.066648404113215,14.623829889418142,12.720655157832766
8481,9,0.39508364019867537,0.35433617522022776,63.176141023785355,24.95985976938199,24.49518569231787,23.899543559034242,24.95985976938198
8482,10,0.6466659571157303,0.6315109762858128,109.57308856071083,70.85718618823874,40.09328934117528,40.39911407217971,-106.40338080052334
8483,11,0.6387976760546313,0.6272329707193746,122.60469824501779,78.3195963122967,39.60545591538714,39.9518595905425,-192.94586207257055
8484,12,0.7978532664385495,0.7120945108417609,102.0230649638474,81.39943563347798,49.466902519190064,50.71188799229158,-41.3982395518359
8485,13,0.625357035665734,0.6333198410412247,79.25253156629307,49.56112820930205,38.77213621127551,38.47698953908427,49.561128209301955
8486,14,0.44417792513589177,0.40926370054664823,126.34869945301296,56.121303166657675,27.53903135842529,28.682874585838185,-242.15190295395587
8487,15,0.42939433852913317,0.5272862749091679,103.28595162308652,44.350402876547285,26.622448988806255,20.053171787820244,-87.55723846976412
8488,16,0.32737736954321,0.3250372900999861,99.04843066706471,32.426214689166656,20.29739691167902,20.326147883564825,-68.9136221487538
8489,17,0.1778634168287045,0.18572533437279432,123.54369796219827,21.97390424721004,11.027531843379679,10.300857773024822,-256.065127669469
8490,18,8.744364184575992e-17,7.436777655842417e-17,104.19592522180263,9.11127116688289e-15,5.4215057944371146e-15,5.632641057889499e-15,-138.47183191009435
8491,19,0.0,0.0,74.10507492391052,0.0,0.0,0.0,0.0
8492,20,0.0,0.0,43.590658558978355,0.0,0.0,0.0,46.23446072125341
8493,21,0.0,0.0,62.214442731214895,0.0,0.0,0.0,0.0
8494,22,0.0,0.0,71.97711700600229,0.0,0.0,0.0,0.0
8495,23,0.0,0.0,70.07249538725495,0.0,0.0,0.0,0.0
8496,0,0.0,0.0,28.82899671050113,0.0,0.0,0.0,152.7192659378492
8497,1,0.0,0.0,37.86474589227127,0.0,0.0,0.0,87.53893587182324
8498,2,0.0,0.0,-9.093267342164737,-0.0,0.0,0.0,426.27551878190155
8499,3,0.0,0.0,57.77985356111172,0.0,0.0,0.0,0.0
8500,4,0.0,0.0,19.06753144143311,0.0,0.0,0.0,223.13462556841137
8501,5,0.0,0.0,48.154395758743085,0.0,0.0,0.0,13.31346092021738
8502,6,0.0,0.0,44.54697210868718,0.0,0.0,0.0,39.33599203175146
8503,7,0.09006998198285193,0.07919996573064596,81.97566845853612,7.383546981092592,5.5843388829368195,5.578705511622351,7.38354698109265
8504,8,0.09725450208497634,0.10210481227940615,82.66430290642498,8.039475619366023,6.029779129268533,5.829313972445098,8.039475619366044
8505,9,0.24887907209622862,0.23988434178780793,66.75066375334363,16.612843256739524,15.430502469966175,15.32313235462114,16.612843256739495
8506,10,0.29959307993506484,0.33495151757407343,90.52681853041504,27.121208380249744,18.57477095597402,16.765885505010644,-12.747080212164292
8507,11,0.2717642673674975,0.2867823610009149,106.13640687050535,28.844082854181515,16.849384576784843,15.78804826168705,-123.62561816506093
8508,12,0.32627250641219335,0.3405702703796678,102.659315005925,33.49491201354204,20.228895397555988,19.280608444767747,-93.89241997973295
8509,13,0.29173865370959295,0.2309508458724559,31.58085835428885,9.21335709927358,18.087796529994762,15.758750805821533,142.08177872639328
8510,14,0.2897823804366869,0.3096891778389705,146.11504317602737,42.341565029158495,17.966507587074588,15.564875823602303,-398.5182470437245
8511,15,0.2721302301567566,0.31293213497547995,109.85164558312214,29.89395359563348,16.872074269718908,13.799096884401404,-149.3760138642715
8512,16,0.1883353618568833,0.19067366391503218,119.08585275261031,22.428077170198385,11.676792435126764,11.473693794497189,-223.453817989031
8513,17,0.10077125247883587,0.08908156601540627,78.21324541299613,7.881646700702184,6.247817653687823,6.208773330079087,7.881646700702277
8514,18,2.944654025190021e-17,2.396144051567281e-17,68.82258310817916,2.026586963734745e-15,1.825685495617813e-15,1.7687333613115854e-15,0.0
8515,19,0.0,0.0,70.86563783262454,0.0,0.0,0.0,0.0
8516,20,0.0,0.0,115.0029133221336,0.0,0.0,0.0,-216.4291807949371
8517,21,0.0,0.0,62.17191405902285,0.0,0.0,0.0,0.0
8518,22,0.0,0.0,61.226579593608356,0.0,0.0,0.0,0.0
8519,23,0.0,0.0,94.44879561571605,0.0,0.0,0.0,-68.15988409697513
8520,0,1.2762092332005834e-14,1.519598519704573e-14,46.13102331935069,5.887283789714677e-13,7.912497245843618e-13,8.018036215743894e-13,27.909271493642905
8521,1,7.73834917968158e-15,6.990678117270635e-15,51.16548222012097,3.959363673660856e-13,4.79777649140258e-13,4.62113256108494e-13,3.979039320256561e-13
8522,2,9.843963524196524e-15,1.028431250679103e-14,23.486176751476215,2.3119706726436427e-13,6.103257385001845e-13,6.246997328741098e-13,191.26026142222963
8523,3,7.294394866247072e-15,8.332790363863527e-15,89.75273150730604,6.54691863938545e-13,4.522524817073185e-13,4.001344621895823e-13,-34.28433017888551
8524,4,3.813416635694677e-15,4.024592659547124e-15,38.16434522502636,1.4553654897151024e-13,2.3643183141306997e-13,2.3945050154498026e-13,85.37774447488465
8525,5,2.307435829033741e-15,2.2639489178231863e-15,53.87418948736733,1.243112350833043e-13,1.4306102140009193e-13,1.4212194947612087e-13,1.1368683772161603e-13
8526,6,0.0,0.0,-4.348089492879495,-0.0,0.0,0.0,392.0456777121193
8527,7,0.0,0.0,65.11729821937473,0.0,0.0,0.0,0.0
8528,8,0.0,0.0,73.45635305920601,0.0,0.0,0.0,0.0
8529,9,0.0,0.0,73.13966738482232,0.0,0.0,0.0,0.0
8530,10,0.0,0.0,52.72673102084464,0.0,0.0,0.0,0.0
8531,11,0.0,0.0,103.58433903687084,0.0,0.0,0.0,-134.06009043788742
8532,12,0.0,0.0,58.64638144061587,0.0,0.0,0.0,0.0
8533,13,0.0,0.0,66.01300368813149,0.0,0.0,0.0,0.0
8534,14,0.0,0.0,94.79822259164627,0.0,0.0,0.0,-70.68051245516983
8535,15,0.0,0.0,123.37942073492366,0.0,0.0,0.0,-276.85400080518093
8536,16,0.0,0.0,95.69244332072671,0.0,0.0,0.0,-77.13106803178312
8537,17,0.0,0.0,98.63589507923388,0.0,0.0,0.0,-98.3639678493206
8538,18,0.0,0.0,74.07224707268632,0.0,0.0,0.0,0.0
8539,19,2.9284788594481752e-15,3.2969046494748367e-15,68.00076078496514,1.9913879038516292e-13,1.8156568928578685e-13,1.7309154574917137e-13,1.7053025658242404e-13
8540,20,7.201593032551849e-15,7.0618715405153354e-15,92.62498205388971,6.670474253995322e-13,4.464987680182146e-13,4.4754231103126933e-13,-55.003612541919324
8541,21,9.843145787775558e-15,1.0728670269182358e-14,93.17466213508919,9.17131783122414e-13,6.102750388420846e-13,5.620420012300203e-13,-58.96878780326733
8542,22,1.2954641184859091e-14,1.363739951980751e-14,84.71328199888309,1.097430171887313e-12,8.031877534612636e-13,7.73220396021099e-13,1.1368683772161603e-12
8543,23,9.879739519595867e-15,8.805535512479167e-15,69.65353781691422,6.881588102494327e-13,6.125438502149438e-13,6.020597838482963e-13,6.821210263296962e-13
8544,0,0.3351846814275102,0.36520558642104123,59.838645251369705,20.05699724563415,20.78145024850563,20.397233503063333,20.056997245634136
8545,1,0.1779106676592601,0.16365295399852325,22.124308983640734,3.9361505827792898,11.030461394874127,10.383064694731255,205.02038883615938
8546,2,0.2197898944274503,0.17589713077107993,38.59956207522702,8.483793673459962,13.62697345450192,12.176303199362458,90.7220554805865
8547,3,0.2271824912236081,0.2474391017327669,36.53603926509634,8.30034841968815,14.085314455863701,14.41610391125606,105.42404973574341
8548,4,0.11606433043335437,0.1188555759898445,54.763216379391764,6.35605604145101,7.1959884868679715,7.177973730897753,6.356056041450984
8549,5,0.03200218155531782,0.03243357146580133,72.8873145874087,2.332553074505818,1.9841352564297046,1.9715778657356253,2.3325530745058813
8550,6,0.0,0.0,55.75319597357225,0.0,0.0,0.0,0.0
8551,7,0.0,0.0,18.665759064884796,0.0,0.0,0.0,226.0328529968204
8552,8,0.0,0.0,100.2430844732271,0.0,0.0,0.0,-109.95759811414075
8553,9,0.0,0.0,63.522649590939444,0.0,0.0,0.0,0.0
8554,10,0.0,0.0,70.65282499412059,0.0,0.0,0.0,0.0
8555,11,0.0,0.0,105.57464088282953,0.0,0.0,0.0,-148.41734279636796
8556,12,0.0,0.0,86.33301711014856,0.0,0.0,0.0,-9.615859567952498
8557,13,0.0,0.0,99.62584834671502,0.0,0.0,0.0,-105.50510019223066
8558,14,0.0,0.0,106.65821746728317,0.0,0.0,0.0,-156.23383681426287
8559,15,0.0,0.0,102.14428439081927,0.0,0.0,0.0,-123.67210431138801
8560,16,0.0,0.0,91.63596748113238,0.0,0.0,0.0,-47.86925157243991
8561,17,0.0,0.0,95.16215809894427,0.0,0.0,0.0,-73.30579963515152
8562,18,0.0,0.0,133.99740273610018,0.0,0.0,0.0,-353.4479342521281
8563,19,0.09139682182826879,0.07064822584626486,107.36834614697678,9.813125602791127,5.666602953352665,6.050996829063098,-151.5432993666592
8564,20,0.1332310943739161,0.12495630840104843,94.18814787017553,12.548790017795719,8.260327851182797,8.331831194469888,-53.73088406631484
8565,21,0.2349539944183096,0.23090250311509788,78.09707252951083,18.349219143185007,14.567147653935196,14.553262400755775,18.349219143184996
8566,22,0.3203484594240551,0.3883322849487497,96.26616190623528,30.838716661329133,19.861604484291416,15.895924223115605,-50.430930918888976
8567,23,0.2552577959981386,0.26211401744908175,76.61999744958709,19.5578516783646,15.825983351884592,15.59441449423673,19.557851678364614
8568,0,0.48887932210381774,0.40647400283617124,81.11366502256142,39.654793569585976,30.3105179704367,30.214536273207443,39.65479356958599
8569,1,0.8202611142873759,0.7905497431948821,79.21771787290251,64.97921353372999,50.856189085817306,50.7793343376994,64.97921353373005
8570,2,0.656551446019017,0.6613548553957013,65.23735510782586,42.831679830499176,40.70618965317906,40.61229888048972,42.83167983049918
8571,3,0.3828012355608352,0.353149180732414,63.22060677843335,24.200926387689996,23.73367660477178,23.30121487926979,24.200926387690004
8572,4,0.4195700247079788,0.38219659179730386,48.594177348053535,20.388660190586723,26.013341531894685,25.05828711165803,30.529710215861485
8573,5,0.08703083329967252,0.0785191214524789,97.84438138353082,8.515478045499652,5.395911664579697,5.49280291520634,-84.13882224888357
8574,6,0.0,0.0,63.092307941120815,0.0,0.0,0.0,0.0
8575,7,0.0,0.0,47.87382690556151,0.0,0.0,0.0,15.337373944885826
8576,8,0.0,0.0,83.94792072304189,0.0,0.0,0.0,0.0
8577,9,0.0,0.0,79.11703052964586,0.0,0.0,0.0,0.0
8578,10,0.0,0.0,68.72050759092818,0.0,0.0,0.0,0.0
8579,11,0.0,0.0,75.06499119864321,0.0,0.0,0.0,0.0
8580,12,0.0,0.0,98.73416356420203,0.0,0.0,0.0,-99.07283793374427
8581,13,0.0,0.0,102.45466035288744,0.0,0.0,0.0,-125.91103406089678
8582,14,0.0,0.0,72.78697347788182,0.0,0.0,0.0,0.0
8583,15,0.0,0.0,92.27415046410759,0.0,0.0,0.0,-52.472851853506654
8584,16,0.0,0.0,116.70178121253413,0.0,0.0,0.0,-228.6841435664012
8585,17,0.0,0.0,41.659288234413545,0.0,0.0,0.0,60.16660433241549
8586,18,0.0,0.0,82.64375264622146,0.0,0.0,0.0,0.0
8587,19,0.15395681423237706,0.15130114792204616,82.07700497513055,12.63631420770606,9.545322482407379,9.544148023890848,12.63631420770605
8588,20,0.17330452295139373,0.14866715453393664,88.19895921240489,15.285278551115262,10.74488042298641,10.84710627021829,-7.790751243179784
8589,21,0.2866156686030668,0.2994787011228839,64.30098252823618,18.429669099164528,17.77017145339014,17.533797432972687,18.429669099164528
8590,22,0.6044078276916309,0.5712867985642303,54.60817538070339,33.00560865605454,37.47328531688112,36.77629073651614,33.005608656054505
8591,23,0.7602791894818507,0.7722376820626651,69.34833016350345,52.72409224862818,47.137309747874745,46.842109423195076,52.72409224862815
8592,0,0.9246939485425227,0.8187302481488559,52.07497291609611,48.15341232602984,57.33102480963641,54.89981800629621,48.15341232602981
8593,1,0.8439004287722406,0.8323955825716002,85.98319611204658,72.56125606616376,52.32182658387892,52.35044370477066,65.4688671769145
8594,2,0.6853358054027959,0.6073362475485469,62.26251482305028,42.670730742658684,42.490819934973345,41.29718381832857,42.67073074265875
8595,3,0.49792070450957676,0.528517390244023,67.02385029901262,33.372562759828774,30.87108367959376,30.204693589740103,33.37256275982878
8596,4,0.37674428018392647,0.36413325486544895,54.77954733421987,20.637881129231992,23.35814537140344,23.094381495432774,20.637881129232028
8597,5,0.1773556058551486,0.18064232233747313,94.89709344001642,16.83053150094676,10.996047563019212,10.809949183505843,-54.56319625060121
8598,6,0.0,0.0,51.301301342515174,0.0,0.0,0.0,0.0
8599,7,0.0,0.0,45.54707381653312,0.0,0.0,0.0,32.121652843528864
8600,8,0.0,0.0,73.12500928522701,0.0,0.0,0.0,0.0
8601,9,0.0,0.0,76.21849759566784,0.0,0.0,0.0,0.0
8602,10,0.0,0.0,84.73348630318888,0.0,0.0,0.0,0.0
8603,11,0.0,0.0,132.23007064801817,0.0,0.0,0.0,-340.6990977671719
8604,12,0.0,0.0,80.83045866774142,0.0,0.0,0.0,0.0
8605,13,0.0,0.0,97.92326215376521,0.0,0.0,0.0,-93.2233150530169
8606,14,0.0,0.0,67.34022769471603,0.0,0.0,0.0,0.0
8607,15,0.0,0.0,137.008089615041,0.0,0.0,0.0,-375.1658417047531
8608,16,0.0,0.0,50.17414044910978,0.0,0.0,0.0,0.0
8609,17,0.0,0.0,95.56786265491563,0.0,0.0,0.0,-76.2323922547049
8610,18,0.0,0.0,60.67535147497006,0.0,0.0,0.0,0.0
8611,19,0.2566127431373699,0.2577640610684452,53.58215280921593,13.749863215578632,15.909990074516935,15.90425916960002,13.749863215578614
8612,20,0.4803034378046271,0.5230795974482266,57.222767052255136,27.48429173589149,29.77881314388688,29.371222268445333,27.48429173589153
8613,21,0.5368717554755454,0.48564863455542434,46.35255831280994,24.88537935218086,33.28604883948382,31.89095736699683,51.196584796802995
8614,22,1.0323997989745184,1.1122330901289998,67.59727553005649,69.78741366845546,64.00878753642014,62.212810364697106,69.78741366845549
8615,23,1.1169029090887905,0.8542107292101737,31.49909695971666,35.18143302797741,69.24798036350501,59.16699004444768,168.63964910132034
8616,0,0.6867555957211182,0.7331345879170146,73.98605902455942,50.81034004046912,42.57884693470933,41.165095883223444,50.81034004046916
8617,1,1.355180194730063,1.3512205389258958,77.0941853161083,104.4765130692392,84.02117207326391,84.00462324217139,104.47651306923922
8618,2,0.9802669735363726,1.0329650677766773,82.81229653187353,81.17815929289631,60.7765523592551,58.58877144353808,81.17815929289634
8619,3,0.992940454493266,1.0618147001060427,19.970180234216194,19.829199838075063,61.56230817858249,64.11322253359612,236.45247310312652
8620,4,0.5786315172996405,0.6779987980434891,37.56842363663538,21.738273971422007,35.87515407257771,37.36958535543959,111.41476169862696
8621,5,0.20692403653140087,0.2092809171512822,47.65542659928251,9.861053234549427,12.829290264946854,12.835019174149464,26.773880831746283
8622,6,0.0,0.0,51.20152863604138,0.0,0.0,0.0,0.0
8623,7,0.0,0.0,84.56645878825712,0.0,0.0,0.0,0.0
8624,8,0.0,0.0,81.35959309726888,0.0,0.0,0.0,0.0
8625,9,0.0,0.0,62.912465176116314,0.0,0.0,0.0,0.0
8626,10,0.0,0.0,81.85338830577238,0.0,0.0,0.0,0.0
8627,11,0.0,0.0,92.01487792577221,0.0,0.0,0.0,-50.6025620429117
8628,12,0.0,0.0,93.21888908534254,0.0,0.0,0.0,-59.287823575215384
8629,13,0.0,0.0,84.4231999511706,0.0,0.0,0.0,0.0
8630,14,0.0,0.0,77.80749129514041,0.0,0.0,0.0,0.0
8631,15,0.0,0.0,114.17691215599689,0.0,0.0,0.0,-210.47073423332438
8632,16,0.0,0.0,72.99885841907448,0.0,0.0,0.0,0.0
8633,17,0.0,0.0,106.83351328524094,0.0,0.0,0.0,-157.49835169220273
8634,18,0.0,0.0,92.25567616678065,0.0,0.0,0.0,-52.33958556055359
8635,19,0.32089983663906174,0.32185399294875777,64.28799819693698,20.630008119249375,19.89578987162183,19.878271563926315,20.630008119249396
8636,20,0.5180685505001844,0.675183772671804,85.08708564976308,44.080943128857804,32.12025013101143,25.15079844840416,43.45274160606391
8637,21,0.7693836936065164,0.7292916948330999,54.0091816546409,41.55378367011292,47.70178900360401,46.840087113140505,41.55378367011292
8638,22,0.8735638969610716,0.7450325352727647,73.57205947486403,64.26989498231396,54.16096161158644,53.28425492679945,64.26989498231393
8639,23,1.1133199435312346,1.2001987553571156,41.25748966077902,45.932786059379,69.02583649893654,69.93182073133235,108.99780679564887
8640,0,1.4067913420237879,1.3219992140247416,55.09724005141641,77.51032027373888,87.22106320547485,85.46781044265938,77.5103202737389
8641,1,1.1649557452228507,1.313680127211012,49.53450345582415,57.7055043876235,72.22725620381675,72.23943237013538,61.06341282261968
8642,2,1.6911795259236184,1.8689313356864967,37.073236787112315,62.69749901408265,104.85313060726435,107.63644914671663,155.94606932646911
8643,3,1.1745212732049108,1.2740697704554282,44.210106384841744,51.92571043964888,72.82031893870447,73.49101370086593,93.6917189123696
8644,4,0.8863322647201007,0.8036920687061911,40.2420454517611,35.667823282228646,54.95260041264625,52.3231161528845,106.057857957681
8645,5,0.41797418088143123,0.4613511285878053,80.6501163495696,33.70966631920348,25.914399214648736,24.230825123183596,33.70966631920351
8646,6,0.0,0.0,48.49214856386389,0.0,0.0,0.0,10.877045424874098
8647,7,0.0,0.0,67.10505177186624,0.0,0.0,0.0,0.0
8648,8,0.0,0.0,33.184165841648614,0.0,0.0,0.0,121.30279390537197
8649,9,0.0,0.0,67.72550395814389,0.0,0.0,0.0,0.0
8650,10,0.0,0.0,100.19625389687673,0.0,0.0,0.0,-109.61978081063944
8651,11,0.0,0.0,102.17611412518829,0.0,0.0,0.0,-123.9017114585489
8652,12,0.0,0.0,105.37907512444134,0.0,0.0,0.0,-147.0066085644935
8653,13,0.0,0.0,98.57186659294389,0.0,0.0,0.0,-97.90209160795382
8654,14,0.0,0.0,105.0348612529327,0.0,0.0,0.0,-144.52358548506766
8655,15,0.0,0.0,128.01804148488878,0.0,0.0,0.0,-310.3151809963971
8656,16,0.0,0.0,78.16428374260016,0.0,0.0,0.0,0.0
8657,17,0.0,0.0,117.20437683292724,0.0,0.0,0.0,-232.30967010193785
8658,18,0.0,0.0,69.8666024473879,0.0,0.0,0.0,0.0
8659,19,0.46392058510973777,0.3159874815823608,87.42177154833392,40.556759408032896,28.76307627680374,29.290654343861153,23.087054827987004
8660,20,0.5871427826964717,0.6508536212511976,57.73065644661977,33.89613827296233,36.402852527181246,35.75533885191308,33.89613827296233
8661,21,0.7714668530604736,0.8465612851626221,85.28435298579232,65.79405141324781,47.83094488974936,44.48132461174851,63.742841148735806
8662,22,0.6747806066617487,0.6942343391011805,36.569500922318554,24.67639001767949,41.83639761302842,42.15326241629027,121.55871213889162
8663,23,1.3849776487724446,1.7456936082900387,36.801756356323445,50.96960998907721,85.86861422389157,91.63927764397748,146.1765330323015
8664,0,1.6368747646672799,1.8421654037863548,50.57462962145431,82.78433495975285,101.48623540937135,101.23613248700543,82.78433495975287
8665,1,1.843909256081537,2.0669871535649027,34.47853968963471,63.57529846989208,114.3223738770553,118.53895334319836,175.54099005609172
8666,2,1.834907369528548,1.4607194273410993,35.18043092542142,64.5528319682458,113.76425691076997,100.4376742850865,171.45535706999613
8667,3,1.4776525773223654,1.7159561088315218,48.02802729342839,70.96873831384336,91.61445979398665,92.0827181032517,85.19377149148539
8668,4,1.043025403298887,1.127828489614199,28.033159086010755,29.23929706142823,64.667575004531,66.95374334400303,187.69942167073097
8669,5,0.35043541833971825,0.29405362582633393,59.81129556213545,20.95999638175747,21.726995937062533,20.760525843488473,20.95999638175749
8670,6,0.0,0.0,69.8630988081609,0.0,0.0,0.0,0.0
8671,7,0.0,0.0,37.04008435024849,0.0,0.0,0.0,93.48771891354909
8672,8,0.0,0.0,79.88369131253762,0.0,0.0,0.0,0.0
8673,9,0.0,0.0,85.53331141215288,0.0,0.0,0.0,-3.8470981401559357
8674,10,0.0,0.0,96.23500256307457,0.0,0.0,0.0,-81.04487637077011
8675,11,0.0,0.0,94.99249326961117,0.0,0.0,0.0,-72.08190448776975
8676,12,0.0,0.0,103.68469671647301,0.0,0.0,0.0,-134.78403114823016
8677,13,0.0,0.0,106.11588933311342,0.0,0.0,0.0,-152.3216955985024
8678,14,0.0,0.0,104.90773750412055,0.0,0.0,0.0,-143.60656491044574
8679,15,0.0,0.0,106.59621825680611,0.0,0.0,0.0,-155.78659896807733
8680,16,0.0,0.0,127.47326895409016,0.0,0.0,0.0,-306.385406867651
8681,17,0.0,0.0,118.87078721280697,0.0,0.0,0.0,-244.330497196735
8682,18,0.0,0.0,85.2256342782761,0.0,0.0,0.0,-1.627636672553649
8683,19,0.4454314395644961,0.5527536009353025,68.89504826871057,30.688020529197193,27.61674925299876,25.02826639805869,30.688020529197217
8684,20,0.6644284244872648,0.7057866640001184,100.24559415253609,66.60602218455932,41.194562318210416,38.57629655167121,-43.369679766067975
8685,21,1.5189159369428402,1.657987550170944,113.81710258258147,172.87861100934109,94.1727880904561,83.0093180242133,-34.996598903382505
8686,22,1.7043667833242246,1.7787142268614684,61.37782420407737,104.61032480614308,105.67074056610193,104.57617666609664,104.61032480614307
8687,23,1.5162658032870615,1.6175621788195504,66.83810534565066,101.34433349210823,94.00847980379781,91.82578281309577,101.34433349210826
8688,0,2.670067379750221,2.8652630949894293,45.83768139060394,122.38969784443533,165.5441775445137,166.46216313441226,152.4150222909964
8689,1,2.7881133037980885,3.0150210984784906,60.41760552649887,168.4511297520564,172.8630248354815,169.79477606830602,168.45112975205637
8690,2,1.7560996013998276,1.5206302909188705,9.774069317444606,17.16423923241876,108.87817528678931,96.00519805904878,307.33823436631116
8691,3,1.7833968082905285,1.5996052153886204,39.773247062125634,70.9314818659455,110.57060211401277,104.65801467841636,144.70324318698798
8692,4,1.3091481363144852,1.4130889707809549,67.42642869684965,88.27118346682225,81.16718445149809,78.85106710861362,88.27118346682227
8693,5,0.4842526550084027,0.48964764248690346,39.71440026535726,19.231803770565666,30.023664610520967,30.0903304690033,93.42806266890136
8694,6,0.0,0.0,73.59116293060356,0.0,0.0,0.0,0.0
8695,7,0.0,0.0,78.93179006534766,0.0,0.0,0.0,0.0
8696,8,0.0,0.0,86.58278102873666,0.0,0.0,0.0,-11.417557946765555
8697,9,0.0,0.0,71.32341879411076,0.0,0.0,0.0,0.0
8698,10,0.0,0.0,102.80492114915751,0.0,0.0,0.0,-128.43767727008765
8699,11,0.0,0.0,129.64608070555593,0.0,0.0,0.0,-322.05921368575196
8700,12,0.0,0.0,86.83553189439948,0.0,0.0,0.0,-13.240802983448702
8701,13,0.0,0.0,85.75037253097321,0.0,0.0,0.0,-5.412891422438861
8702,14,0.0,0.0,96.59368314984012,0.0,0.0,0.0,-83.63225662705497
8703,15,0.0,0.0,104.65168058309581,0.0,0.0,0.0,-141.75947129459428
8704,16,0.0,0.0,76.04782115861839,0.0,0.0,0.0,0.0
8705,17,0.0,0.0,83.58971164787128,0.0,0.0,0.0,0.0
8706,18,0.0,0.0,116.61490603666076,0.0,0.0,0.0,-228.05746031921728
8707,19,0.5955312489104754,0.5743649793321822,104.04789909016402,61.9637752916765,36.92293743244947,37.26235812949339,-75.44025449990977
8708,20,0.7764950374357124,0.8998241077298864,54.98397463221044,42.6947834404025,48.14269232101417,47.31269158866675,42.69478344040249
8709,21,1.7760297122769884,2.207222077672328,105.26039481019231,186.94558870890805,110.11384216117328,80.11342053986665,40.795093112966015
8710,22,1.374180755062263,1.3649521184682727,53.4807647788424,73.49223772509693,85.1992068138603,84.99719725221736,73.49223772509691
8711,23,2.667378363644201,2.7880203344023586,63.03505596263784,168.13834442584155,165.37745854594044,163.35141901021697,168.13834442584152
8712,0,1.5481662475493978,1.7729478577759457,53.691538615996855,83.12342786428144,95.98630734806267,94.83667905005282,83.1234278642815
8713,1,3.112918052656429,3.110873712909821,68.00645425739266,211.6985191549913,193.0009192646986,192.9784414235071,211.6985191549913
8714,2,2.946726763068097,3.0954948568889167,25.997824754354422,76.60848598521045,182.69705931022202,187.08612258687154,249.75070953985875
8715,3,1.8070362927423018,1.5048447101004316,39.70896247447783,71.7555363385236,112.03625015002271,102.30015768764858,145.99102131509824
8716,4,1.1809373665079876,1.2541301502295519,34.669448172563634,40.94244682319246,73.21811672349523,74.58412753693169,151.53099992542258
8717,5,0.6595031780592666,0.7605430347609287,36.032784911972556,23.763736163771892,40.88919703967453,42.60273387509318,124.51771585341814
8718,6,0.0,0.0,47.64102941420927,0.0,0.0,0.0,17.01668321074004
8719,7,0.0,0.0,51.811526975858385,0.0,0.0,0.0,0.0
8720,8,0.0,0.0,87.8268629740843,0.0,0.0,0.0,-20.391874320060083
8721,9,0.0,0.0,73.7229759445534,0.0,0.0,0.0,0.0
8722,10,0.0,0.0,82.42356406978271,0.0,0.0,0.0,0.0
8723,11,0.0,0.0,55.97472569374055,0.0,0.0,0.0,0.0
8724,12,0.0,0.0,116.41554996020746,0.0,0.0,0.0,-226.61938422807145
8725,13,0.0,0.0,64.89795383619978,0.0,0.0,0.0,0.0
8726,14,0.0,0.0,101.90947541878356,0.0,0.0,0.0,-121.97828501739639
8727,15,0.0,0.0,125.7215047945125,0.0,0.0,0.0,-293.74887127750105
8728,16,0.0,0.0,127.39709041630071,0.0,0.0,0.0,-305.8358849478659
8729,17,0.0,0.0,65.00921488242845,0.0,0.0,0.0,0.0
8730,18,0.0,0.0,83.91719671052155,0.0,0.0,0.0,0.0
8731,19,0.558512541655243,0.6475474957119296,96.74114884487128,54.03114492399723,34.627777582625065,29.381265055646892,-30.66487105296744
8732,20,1.2663413301589148,1.258876773183243,66.52133674049594,84.23871805190872,78.51316246985272,78.42277416850902,84.23871805190873
8733,21,1.862368317588909,2.369727722853992,89.52130897552735,166.72164958510976,115.46683569051235,90.1487712164784,134.10671025612487
8734,22,2.236644564512122,1.6879432304374238,20.954181392032908,46.867055914291456,138.67196299975157,113.27567075030902,256.39213300749213
8735,23,1.6520875624705944,1.6107685506354399,59.82994354326353,98.84430559114352,102.42942887317685,101.72173574841781,98.84430559114355
8736,0,2.212322084995148,2.679561364308741,61.54493397536211,136.15721665326186,137.16396926969918,130.1875413420784,136.15721665326186
8737,1,2.8225819575666566,2.7071634384317385,26.861857350063733,75.81979390301917,175.00008136913272,170.16940003018613,242.72922716621483
8738,2,1.9362988542472277,2.2090104829591772,65.35919734381383,126.55493893134518,120.05052896332812,114.6783834947975,126.55493893134519
8739,3,1.8369175519181034,1.6207293843826036,29.749293639969764,54.64699964442606,113.8888882189224,105.30880578984684,200.7276065829155
8740,4,1.287623349221237,1.1854541701004409,85.43249382893492,110.00487383633585,79.8326476517167,80.04458436978591,106.8850339697787
8741,5,0.7026920656869028,0.7354325255315968,50.689127954299266,35.61884803007428,43.56690807258797,43.52233488502114,35.618848030074275
8742,6,0.0,0.0,59.310644085792624,0.0,0.0,0.0,0.0
8743,7,0.0,0.0,47.85702589317192,0.0,0.0,0.0,15.458569820398338
8744,8,0.0,0.0,67.99822653017483,0.0,0.0,0.0,0.0
8745,9,0.0,0.0,67.33205631450751,0.0,0.0,0.0,0.0
8746,10,0.0,0.0,93.53887027520219,0.0,0.0,0.0,-61.59604164882569
8747,11,0.0,0.0,97.85182780862398,0.0,0.0,0.0,-92.70801586744972
8748,12,0.0,0.0,94.88649906019513,0.0,0.0,0.0,-71.31730407491591
8749,13,0.0,0.0,102.5461745007712,0.0,0.0,0.0,-126.57118102212598
8750,14,0.0,0.0,78.12227937416485,0.0,0.0,0.0,0.0
8751,15,0.0,0.0,78.48694209100859,0.0,0.0,0.0,0.0
8752,16,0.0,0.0,120.76078254220519,0.0,0.0,0.0,-257.96417791487215
8753,17,0.0,0.0,77.7630071003735,0.0,0.0,0.0,0.0
8754,18,0.0,0.0,93.44482282488165,0.0,0.0,0.0,-60.91762044318534
8755,19,0.9029078333402276,1.0793435514396843,35.16522910015452,31.75096081573324,55.980285667094115,59.16379712873833,138.7631458879597
8756,20,1.6046399633789228,1.2949797847982438,82.99969624430251,133.1846295419193,99.48767772949321,99.56502222835573,133.18462954191926
8757,21,1.9574263510528094,2.0758010769678243,91.1102196176581,178.3415447298126,121.36043376527418,115.21823267788375,134.264830841121
8758,22,2.8535115673507034,3.7256610035875575,63.83030413935333,182.1405112091582,176.9177171757436,161.40402750997362,182.1405112091582
8759,23,2.8784590416950526,2.6258206155598782,59.623046578571945,171.62249751749567,178.46446058509326,174.09818265145842,171.62249751749567
